dgp,scale_estimator,equation,block,horizon,tau_mean,tau_median,p_tau_gt1
correct,block,1,1,1,0.5740645657,0.3955994612,0.147
correct,block,1,1,2,0.6404322087,0.4289225959,0.182625
correct,block,1,1,3,0.6948440377,0.4855423618,0.2114375
correct,block,1,1,4,0.7945800447,0.5664810252,0.25725
correct,block,1,1,5,0.82216833,0.59051944,0.2735625
correct,block,1,1,6,0.8626415491,0.615481247,0.2915625
correct,block,1,1,7,0.9629156909,0.6948256031,0.3404375
correct,block,1,1,8,1.013744784,0.7311730923,0.3601875
correct,block,1,1,9,1.030655926,0.7417341743,0.3614375
correct,block,1,1,10,1.111148746,0.8076433167,0.3948125
correct,block,1,1,11,1.134234154,0.8327861959,0.403125
correct,block,1,1,12,1.197522267,0.8698754195,0.429
correct,block,1,2,1,0.5868913669,0.4051512462,0.1576875
correct,block,1,2,2,0.63785572,0.4310720809,0.1829375
correct,block,1,2,3,0.7104319291,0.5050882606,0.215625
correct,block,1,2,4,0.7707278725,0.5276353566,0.244875
correct,block,1,2,5,0.7856302189,0.5608550893,0.2575
correct,block,1,2,6,0.8164155323,0.5825809912,0.2724375
correct,block,1,2,7,0.8343256671,0.58563318,0.2766875
correct,block,1,2,8,0.9127542645,0.6493686453,0.31675
correct,block,1,2,9,0.9204200765,0.6569168711,0.316125
correct,block,1,2,10,0.9693663791,0.6629009791,0.3325625
correct,block,1,2,11,1.006266549,0.724681936,0.3588125
correct,block,1,2,12,1.083180559,0.778155633,0.3876875
correct,block,1,3,1,0.5519813773,0.3719885504,0.1426875
correct,block,1,3,2,0.5849793206,0.3972175049,0.162375
correct,block,1,3,3,0.6646608108,0.4600356086,0.1979375
correct,block,1,3,4,0.7193261776,0.5018248948,0.2203125
correct,block,1,3,5,0.807592575,0.5908473051,0.2675625
correct,block,1,3,6,0.8500542023,0.6054998102,0.279875
correct,block,1,3,7,0.8813853889,0.6370439137,0.29775
correct,block,1,3,8,0.9386932175,0.6762177138,0.323875
correct,block,1,3,9,1.008404146,0.7399430294,0.3525
correct,block,1,3,10,1.002693393,0.7167844928,0.351375
correct,block,1,3,11,1.06951172,0.7766080965,0.3768125
correct,block,1,3,12,1.085148112,0.8185098658,0.3880625
correct,block,2,1,1,0.5610865163,0.3787607406,0.1428125
correct,block,2,1,2,0.6624069343,0.4467288663,0.1868125
correct,block,2,1,3,0.6791646359,0.4640103794,0.2068125
correct,block,2,1,4,0.7052612679,0.5020565021,0.2194375
correct,block,2,1,5,0.799125123,0.5631747573,0.2639375
correct,block,2,1,6,0.9177878522,0.655559577,0.3126875
correct,block,2,1,7,1.007685312,0.7283634677,0.3514375
correct,block,2,1,8,0.9292061193,0.6544555981,0.323875
correct,block,2,1,9,0.9962532956,0.7169902005,0.3479375
correct,block,2,1,10,1.049103397,0.759231892,0.3725
correct,block,2,1,11,1.056553859,0.7632239029,0.3775
correct,block,2,1,12,1.113136419,0.8005217344,0.39325
correct,block,2,2,1,0.5794854258,0.3931042283,0.1501875
correct,block,2,2,2,0.6775801447,0.4684508434,0.199
correct,block,2,2,3,0.696752703,0.4838812451,0.211875
correct,block,2,2,4,0.797326551,0.5604417385,0.25525
correct,block,2,2,5,0.8233448608,0.5882548682,0.2720625
correct,block,2,2,6,0.8242130937,0.5929072132,0.2763125
correct,block,2,2,7,0.8965560529,0.6495258392,0.310125
correct,block,2,2,8,0.9344581877,0.664922294,0.3211875
correct,block,2,2,9,0.975254358,0.6939283266,0.336875
correct,block,2,2,10,0.9878001422,0.696850359,0.338125
correct,block,2,2,11,0.9875576893,0.7075620791,0.3394375
correct,block,2,2,12,1.043604176,0.7425887689,0.36075
correct,block,2,3,1,0.548432077,0.3741673581,0.1388125
correct,block,2,3,2,0.6363876113,0.432776911,0.1805625
correct,block,2,3,3,0.7140294779,0.4885062658,0.2188125
correct,block,2,3,4,0.7159732678,0.5035165575,0.2211875
correct,block,2,3,5,0.8007326235,0.5637335574,0.256625
correct,block,2,3,6,0.8062628807,0.5698442066,0.2685
correct,block,2,3,7,0.8482267168,0.6165956315,0.2878125
correct,block,2,3,8,0.9025212527,0.6426130421,0.3060625
correct,block,2,3,9,0.9326485439,0.6634053866,0.3225
correct,block,2,3,10,0.9885912105,0.7193698605,0.3431875
correct,block,2,3,11,1.022298077,0.7281878491,0.3479375
correct,block,2,3,12,1.044364216,0.7655118166,0.3711875
correct,block,3,1,1,0.5391036339,0.3704763583,0.134625
correct,block,3,1,2,0.6269514706,0.4280804409,0.1810625
correct,block,3,1,3,0.6680876809,0.4606405166,0.2006875
correct,block,3,1,4,0.8042207921,0.5698716346,0.2603125
correct,block,3,1,5,0.887645827,0.640267991,0.301625
correct,block,3,1,6,0.9382134404,0.6945963166,0.3341875
correct,block,3,1,7,1.055174371,0.7732414669,0.37675
correct,block,3,1,8,1.079116473,0.7839261904,0.384
correct,block,3,1,9,1.072181864,0.791278778,0.3835
correct,block,3,1,10,1.131278969,0.8188928265,0.3979375
correct,block,3,1,11,1.131458224,0.8213822541,0.402625
correct,block,3,1,12,1.195918015,0.8622305049,0.42925
correct,block,3,2,1,0.5748974681,0.3944282241,0.1521875
correct,block,3,2,2,0.6157274041,0.417094959,0.1656875
correct,block,3,2,3,0.6649995949,0.455442422,0.194
correct,block,3,2,4,0.704107169,0.4855309106,0.2143125
correct,block,3,2,5,0.751646795,0.5334243404,0.2420625
correct,block,3,2,6,0.7874677425,0.5552945312,0.256125
correct,block,3,2,7,0.8246914755,0.5839893421,0.2763125
correct,block,3,2,8,0.8848197946,0.6152418328,0.293375
correct,block,3,2,9,0.8967867021,0.610116998,0.3006875
correct,block,3,2,10,0.9837902999,0.704467111,0.337
correct,block,3,2,11,1.063788587,0.7617461751,0.3676875
correct,block,3,2,12,1.117817717,0.7960664555,0.3890625
correct,block,3,3,1,0.5726904366,0.3953434125,0.1513125
correct,block,3,3,2,0.6218731636,0.4272162586,0.17225
correct,block,3,3,3,0.6819053503,0.4734049108,0.20275
correct,block,3,3,4,0.7324336009,0.5182991933,0.22775
correct,block,3,3,5,0.7420333403,0.5284230828,0.2419375
correct,block,3,3,6,0.8328785139,0.5925002793,0.2815
correct,block,3,3,7,0.9811953058,0.7033288381,0.334125
correct,block,3,3,8,0.9402692853,0.672039423,0.318875
correct,block,3,3,9,0.9452265364,0.6761631107,0.324375
correct,block,3,3,10,0.9697590608,0.6917281446,0.3333125
correct,block,3,3,11,0.9108938751,0.6384575904,0.309125
correct,block,3,3,12,0.9620578109,0.6690099218,0.33025
correct,pooled,1,1,1,0.3602020027,0.3108356161,0.0428125
correct,pooled,1,1,2,0.3526019564,0.3071378943,0.0403125
correct,pooled,1,1,3,0.3552353938,0.3133917049,0.042875
correct,pooled,1,1,4,0.3648857498,0.321301258,0.052125
correct,pooled,1,1,5,0.3809248178,0.3407724107,0.0608125
correct,pooled,1,1,6,0.4008683525,0.3579304349,0.077
correct,pooled,1,1,7,0.4265345627,0.3797886823,0.1005625
correct,pooled,1,1,8,0.455876998,0.4058664464,0.1284375
correct,pooled,1,1,9,0.485166679,0.433509241,0.1516875
correct,pooled,1,1,10,0.513916064,0.4536609654,0.1725
correct,pooled,1,1,11,0.5362702499,0.4681864326,0.1855625
correct,pooled,1,1,12,0.5603594955,0.4779840682,0.193375
correct,pooled,1,2,1,0.3030602561,0.2498175969,0.0270625
correct,pooled,1,2,2,0.2907605366,0.2431723463,0.022625
correct,pooled,1,2,3,0.2880175552,0.2429817183,0.0221875
correct,pooled,1,2,4,0.2869899586,0.2444281439,0.0240625
correct,pooled,1,2,5,0.2897937724,0.2474572704,0.0275625
correct,pooled,1,2,6,0.2936227746,0.2502856095,0.033
correct,pooled,1,2,7,0.3005708192,0.254710921,0.039875
correct,pooled,1,2,8,0.3141502733,0.2653086954,0.052375
correct,pooled,1,2,9,0.3258982581,0.2758353275,0.0631875
correct,pooled,1,2,10,0.3397359974,0.2830872497,0.0735625
correct,pooled,1,2,11,0.3579273408,0.2921353429,0.086625
correct,pooled,1,2,12,0.3745638523,0.2974060945,0.0961875
correct,pooled,1,3,1,0.3321786374,0.2814581362,0.0366875
correct,pooled,1,3,2,0.3218718842,0.2781576893,0.03275
correct,pooled,1,3,3,0.3226975532,0.2819688408,0.036125
correct,pooled,1,3,4,0.33473678,0.2942601799,0.0445625
correct,pooled,1,3,5,0.3570553748,0.3154845712,0.0628125
correct,pooled,1,3,6,0.3845860029,0.3429079919,0.0865
correct,pooled,1,3,7,0.4087027209,0.3657185893,0.106625
correct,pooled,1,3,8,0.4316625793,0.3821228549,0.1253125
correct,pooled,1,3,9,0.4527027647,0.3987430933,0.1401875
correct,pooled,1,3,10,0.4729018349,0.4136527267,0.1531875
correct,pooled,1,3,11,0.4931498389,0.4324347559,0.1660625
correct,pooled,1,3,12,0.5119654459,0.4396417522,0.172875
correct,pooled,2,1,1,0.3207367951,0.2722803001,0.0375
correct,pooled,2,1,2,0.3121499603,0.2684383291,0.035625
correct,pooled,2,1,3,0.3130179844,0.2731638896,0.0394375
correct,pooled,2,1,4,0.3212928189,0.2848209982,0.0506875
correct,pooled,2,1,5,0.3380385734,0.2998537381,0.068625
correct,pooled,2,1,6,0.3599393376,0.3213064772,0.0891875
correct,pooled,2,1,7,0.3864654952,0.3419575324,0.1099375
correct,pooled,2,1,8,0.4073003706,0.3625485252,0.1283125
correct,pooled,2,1,9,0.4306907307,0.3844984331,0.1464375
correct,pooled,2,1,10,0.4472245691,0.3968985691,0.1590625
correct,pooled,2,1,11,0.464272969,0.4056101329,0.168
correct,pooled,2,1,12,0.4813619168,0.4079116206,0.1725625
correct,pooled,2,2,1,0.3171247741,0.2700629314,0.03025
correct,pooled,2,2,2,0.3069485492,0.2670362507,0.0270625
correct,pooled,2,2,3,0.3079549172,0.2698081117,0.03
correct,pooled,2,2,4,0.3148570317,0.2765678703,0.039
correct,pooled,2,2,5,0.3270457578,0.2869430705,0.0496875
correct,pooled,2,2,6,0.3383520181,0.2985469601,0.06325
correct,pooled,2,2,7,0.3538727039,0.3122833403,0.07875
correct,pooled,2,2,8,0.369842501,0.3240871853,0.0855
correct,pooled,2,2,9,0.3880844883,0.3406867179,0.0953125
correct,pooled,2,2,10,0.4074165312,0.3555888719,0.10725
correct,pooled,2,2,11,0.4232184609,0.364792323,0.1165625
correct,pooled,2,2,12,0.4378623567,0.3688721968,0.122625
correct,pooled,2,3,1,0.3114107473,0.267929868,0.0255
correct,pooled,2,3,2,0.3005092476,0.2646585816,0.0225625
correct,pooled,2,3,3,0.2971014244,0.2631000747,0.022625
correct,pooled,2,3,4,0.3035208445,0.270433561,0.0270625
correct,pooled,2,3,5,0.3146321613,0.2772304674,0.0378125
correct,pooled,2,3,6,0.3298995498,0.2911663751,0.051875
correct,pooled,2,3,7,0.3476355158,0.3089536499,0.0706875
correct,pooled,2,3,8,0.3656267189,0.3231549021,0.082
correct,pooled,2,3,9,0.3852951543,0.3385362189,0.0953125
correct,pooled,2,3,10,0.4068786085,0.3545251829,0.110875
correct,pooled,2,3,11,0.4222354106,0.3628291947,0.1226875
correct,pooled,2,3,12,0.4404655493,0.3679424213,0.1294375
correct,pooled,3,1,1,0.3644270784,0.3147744916,0.044375
correct,pooled,3,1,2,0.3582995022,0.3117137368,0.042625
correct,pooled,3,1,3,0.3669812358,0.3210521127,0.0515
correct,pooled,3,1,4,0.387064479,0.341552865,0.06875
correct,pooled,3,1,5,0.413854156,0.367818414,0.0919375
correct,pooled,3,1,6,0.4440758693,0.3945119032,0.119875
correct,pooled,3,1,7,0.4769584459,0.4212442913,0.1449375
correct,pooled,3,1,8,0.5046410702,0.448035415,0.1678125
correct,pooled,3,1,9,0.5309673064,0.4608676294,0.1846875
correct,pooled,3,1,10,0.5526285603,0.4761213315,0.193625
correct,pooled,3,1,11,0.5704513469,0.4867141392,0.1998125
correct,pooled,3,1,12,0.5889761354,0.4903277666,0.206125
correct,pooled,3,2,1,0.2784720243,0.2310832002,0.0191875
correct,pooled,3,2,2,0.2654036122,0.2232980056,0.0151875
correct,pooled,3,2,3,0.2636821778,0.2227017205,0.01625
correct,pooled,3,2,4,0.2670306367,0.2274550925,0.0209375
correct,pooled,3,2,5,0.2730494598,0.2327849345,0.026125
correct,pooled,3,2,6,0.2839833362,0.2438444211,0.0350625
correct,pooled,3,2,7,0.296436195,0.2556521259,0.043625
correct,pooled,3,2,8,0.3122975727,0.269368301,0.056375
correct,pooled,3,2,9,0.3324732827,0.2842721912,0.0744375
correct,pooled,3,2,10,0.356170139,0.3050500916,0.0943125
correct,pooled,3,2,11,0.3791327538,0.3191530098,0.10825
correct,pooled,3,2,12,0.3963005072,0.3189671938,0.1148125
correct,pooled,3,3,1,0.3109289037,0.2630443899,0.0323125
correct,pooled,3,3,2,0.2988027058,0.25683242,0.028625
correct,pooled,3,3,3,0.2972820218,0.2577186488,0.031875
correct,pooled,3,3,4,0.3016098368,0.2621077348,0.0356875
correct,pooled,3,3,5,0.3125780023,0.2734687405,0.0428125
correct,pooled,3,3,6,0.3262376981,0.2840733468,0.058125
correct,pooled,3,3,7,0.3407307912,0.2951853893,0.0696875
correct,pooled,3,3,8,0.3493329477,0.3022718388,0.07875
correct,pooled,3,3,9,0.3571316122,0.3059661179,0.08325
correct,pooled,3,3,10,0.3601368226,0.3071493322,0.085875
correct,pooled,3,3,11,0.3666159001,0.3082494625,0.0899375
correct,pooled,3,3,12,0.3759258516,0.3076974778,0.0929375
