year,month,mps_gc_1y,mps_gc_3m,mps_gc_jk,mps_gc_info,mps_all_1y,mps_all_tgt,n_gc,n_speech
1999,1,-1.000000,0.000000,0.000000,-1.000000,-2.500000,-0.652174,2,2
1999,2,0.000000,0.500000,0.000000,0.000000,-0.500000,2.760870,1,2
1999,3,0.000000,0.500000,0.000000,0.000000,-2.500000,-1.428571,2,5
1999,4,1.500000,2.000000,1.000000,0.500000,3.300000,2.500000,2,4
1999,5,0.800000,0.000000,0.800000,0.000000,-2.300000,0.000000,2,7
1999,6,0.500000,-1.000000,0.500000,0.000000,0.500000,-5.297207,2,15
1999,7,7.750000,1.000000,3.500000,4.250000,8.000000,16.250000,3,5
1999,8,0.000000,0.000000,0.000000,0.000000,101.000000,0.500000,1,1
1999,9,-1.000000,-6.000000,0.000000,-1.000000,0.000000,-14.750000,2,8
1999,10,-8.125000,-8.000000,0.000000,-8.125000,-1.625000,-14.832016,2,14
1999,11,0.600000,1.900000,-0.400000,1.000000,-0.700000,5.986908,2,16
1999,12,-0.300000,0.000000,0.000000,-0.300000,-0.500000,-0.200000,2,5
2000,1,-4.500000,-1.500000,0.000000,-4.500000,-4.500000,4.723262,2,3
2000,2,5.500000,-3.000000,0.000000,5.500000,5.500000,0.000000,2,0
2000,3,-5.000000,-6.750000,-5.000000,0.000000,-4.500000,-7.514706,3,5
2000,4,0.500000,15.300000,0.500000,0.000000,2.000000,7.250000,2,1
2000,5,2.500000,-1.500000,0.000000,2.500000,14.500000,-29.771603,2,5
2000,6,15.700000,14.200000,15.700000,0.000000,17.600000,6.611111,2,3
2000,7,-6.850000,0.500000,0.000000,-6.850000,-6.850000,0.500000,2,0
2000,8,-5.800000,-6.500000,-2.800000,-3.000000,-5.800000,-9.250000,2,0
2000,9,-2.000000,-0.500000,-2.000000,0.000000,-2.825000,-1.942308,1,4
2000,10,5.500000,6.500000,5.000000,0.500000,5.500000,0.000000,2,0
2000,11,-1.150000,-2.750000,-1.000000,-0.150000,-0.800000,-1.000000,3,5
2000,12,2.500000,0.200000,0.000000,2.500000,4.000000,0.000000,1,1
2001,1,1.100000,1.350000,2.800000,-1.700000,2.350000,2.430556,2,7
2001,2,0.800000,2.200000,-0.200000,1.000000,0.850000,-0.750000,2,5
2001,3,7.050000,6.300000,6.250000,0.800000,9.050000,16.500000,3,3
2001,4,13.000000,13.000000,-1.500000,14.500000,15.700000,15.347826,2,2
2001,5,-18.000000,-19.750000,-17.000000,-1.000000,-18.600000,-16.500000,2,6
2001,6,2.000000,5.750000,0.700000,1.300000,12.300000,9.402174,2,6
2001,7,5.400000,5.400000,1.750000,3.650000,10.950000,-18.415266,2,5
2001,8,0.250000,0.250000,6.250000,-6.000000,-0.750000,11.375000,2,2
2001,9,0.525000,-3.400000,-1.125000,1.650000,7.350000,-0.149425,3,6
2001,10,5.150000,6.150000,0.000000,5.150000,7.237500,5.453824,2,10
2001,11,4.875000,-1.100000,4.875000,0.000000,-0.575000,2.821429,1,5
2001,12,5.166667,3.500000,5.166667,0.000000,7.250000,3.625000,1,9
2002,1,-0.025000,1.750000,0.000000,-0.025000,0.975000,4.807692,1,2
2002,2,3.650000,2.000000,0.000000,3.650000,2.450000,1.000000,1,4
2002,3,1.625000,0.900000,0.000000,1.625000,4.491666,-5.485294,1,7
2002,4,-2.500000,0.000000,0.000000,-2.500000,-1.033333,-12.000000,1,5
2002,5,7.900000,3.000000,7.900000,0.000000,2.687500,-1.295943,1,3
2002,6,2.150000,-1.000000,2.150000,0.000000,1.750000,3.166666,1,5
2002,7,-1.900000,2.000000,0.000000,-1.900000,-0.277500,-3.165909,1,3
2002,8,-0.500000,0.300000,0.000000,-0.500000,-1.750000,0.000000,1,1
2002,9,-4.550000,-1.000000,0.000000,-4.550000,-10.090000,-1.519565,1,3
2002,10,2.250000,3.000000,2.250000,0.000000,3.800000,4.928571,1,2
2002,11,-1.550000,2.525000,0.000000,-1.550000,0.966667,12.729767,1,6
2002,12,-1.633333,-4.450000,0.000000,-1.633333,-3.278333,-4.992793,1,6
2003,1,2.800000,1.500000,0.000000,2.800000,2.366667,-3.450000,1,1
2003,2,-0.340000,1.100000,0.000000,-0.340000,-0.623333,0.614543,1,8
2003,3,-1.225000,4.675000,0.000000,-1.225000,-0.912500,13.043478,1,5
2003,4,0.490000,1.600000,0.490000,0.000000,2.215000,5.892857,1,4
2003,5,3.600000,3.642857,3.600000,0.000000,2.635000,0.752592,1,6
2003,6,-6.825000,-3.266667,0.000000,-6.825000,-10.150000,-3.675000,1,5
2003,7,4.100000,2.600000,0.000000,4.100000,4.933333,0.000000,2,1
2003,8,0.000000,0.000000,0.000000,0.000000,-0.440000,0.000000,0,2
2003,9,-1.075000,0.000000,0.000000,-1.075000,-0.629167,-4.875000,1,6
2003,10,1.733333,0.150000,1.733333,0.000000,3.358333,0.750000,1,6
2003,11,0.920000,0.000000,0.000000,0.920000,3.074167,-1.632353,1,6
2003,12,-2.800000,-0.500000,0.000000,-2.800000,-3.863333,0.200000,1,3
2004,1,-1.725000,0.100000,-1.725000,0.000000,-0.287500,0.250000,1,5
2004,2,-1.475000,-0.500000,0.000000,-1.475000,-1.250000,2.282353,1,4
2004,3,4.150000,2.000000,0.000000,4.150000,4.870833,2.303571,1,5
2004,4,7.875000,4.933333,7.875000,0.000000,11.683333,3.435714,1,8
2004,5,1.387500,0.500000,1.387500,0.000000,2.154166,-0.005128,1,9
2004,6,-1.400000,-0.200000,-1.400000,0.000000,-0.875833,-1.637255,1,10
2004,7,-0.133333,0.000000,0.000000,-0.133333,1.700000,1.161538,1,3
2004,8,-1.037500,1.050000,-1.037500,0.000000,-1.037500,0.700000,1,0
2004,9,1.250000,0.200000,1.250000,0.000000,0.626667,0.000000,1,4
2004,10,-1.033333,-0.150000,0.000000,-1.033333,-2.773333,2.415385,1,8
2004,11,0.100000,0.000000,0.100000,0.000000,-3.127001,0.548089,1,11
2004,12,3.125000,0.500000,3.125000,0.000000,3.052637,2.054685,1,6
2005,1,-5.240000,-0.650000,-5.240000,0.000000,-6.415000,-0.512500,1,4
2005,2,-0.750000,-0.600000,0.000000,-0.750000,-0.790000,0.500000,1,4
2005,3,-1.300000,-0.500000,-1.300000,0.000000,-1.345000,-0.100000,1,5
2005,4,-2.100000,-0.500000,0.000000,-2.100000,-3.466666,-0.743874,1,7
2005,5,0.650000,0.250000,0.000000,0.650000,1.200000,0.025000,1,5
2005,6,2.404167,1.050000,2.404167,0.000000,4.677560,0.680769,1,13
2005,7,3.588889,0.625000,0.000000,3.588889,3.261270,0.700000,1,5
2005,8,0.310000,0.300000,0.310000,0.000000,0.310000,0.000000,1,0
2005,9,-1.950000,0.000000,-1.950000,0.000000,-2.262381,0.350000,1,6
2005,10,-0.707143,-0.200000,-0.707143,0.000000,-1.073476,-1.450000,1,11
2005,11,0.012000,-1.616667,0.000000,0.012000,3.713000,2.606085,1,8
2005,12,-2.983333,-1.966667,-2.983333,0.000000,-1.333244,-1.135000,1,4
2006,1,-3.121429,-1.737500,-3.121429,0.000000,-2.338571,-0.866667,1,4
2006,2,0.342857,-0.800000,0.000000,0.342857,1.073214,-0.044444,1,5
2006,3,2.850000,-0.100000,2.850000,0.000000,3.635000,-0.158673,1,8
2006,4,-8.987500,-8.100000,-8.987500,0.000000,-5.740595,2.014441,1,5
2006,5,0.866667,-0.500000,0.866667,0.000000,0.887500,-4.187728,1,11
2006,6,-2.760000,-3.800000,-2.760000,0.000000,-3.442871,-2.919081,1,7
2006,7,2.828571,1.731667,2.828571,0.000000,1.671904,-1.157692,1,7
2006,8,4.351786,1.033333,4.351786,0.000000,4.351786,1.000000,2,0
2006,9,0.000000,0.000000,0.000000,0.000000,0.689619,0.776589,0,8
2006,10,0.100000,0.100000,0.000000,0.100000,2.061666,0.489130,1,7
2006,11,0.171429,-0.333333,0.171429,0.000000,-1.024760,-1.052941,1,11
2006,12,3.751250,0.600000,0.000000,3.751250,3.440536,0.296064,1,3
2007,1,-5.487500,-2.860000,-5.487500,0.000000,-5.653690,-1.000000,1,4
2007,2,2.057143,0.350000,2.057143,0.000000,1.220000,0.350000,1,8
2007,3,1.014286,0.450000,0.000000,1.014286,3.488333,-2.112500,1,8
2007,4,-0.117500,-0.500000,0.000000,-0.117500,0.261071,0.433333,1,4
2007,5,-1.114286,0.000000,0.000000,-1.114286,-0.635120,0.187500,1,8
2007,6,-2.043333,-0.225000,0.000000,-2.043333,-3.881429,-6.255292,1,12
2007,7,0.792857,0.200000,0.792857,0.000000,1.359643,0.069328,1,8
2007,8,0.300000,0.483333,0.000000,0.300000,-0.945455,-0.775000,1,1
2007,9,-3.145455,-2.928571,-3.145455,0.000000,0.936592,-5.389203,1,8
2007,10,-0.900000,0.039000,0.000000,-0.900000,-3.895816,-1.301430,1,10
2007,11,-2.705000,-1.011111,0.000000,-2.705000,-6.274051,-1.773269,1,9
2007,12,4.912500,1.166667,4.912500,0.000000,2.818398,-0.898081,1,6
2008,1,-0.025000,-0.750000,0.000000,-0.025000,-5.745000,1.157738,1,6
2008,2,-7.908333,-2.940000,0.000000,-7.908333,-7.436667,2.462000,1,10
2008,3,4.940000,1.220000,4.940000,0.000000,9.166666,0.488655,1,6
2008,4,-0.700000,0.400000,-0.700000,0.000000,3.790239,4.611154,1,10
2008,5,-1.535714,-0.200000,0.000000,-1.535714,-1.015476,0.189286,1,7
2008,6,21.190000,10.866667,21.190000,0.000000,21.312381,1.984398,1,10
2008,7,-16.280000,-3.025000,-16.280000,0.000000,-14.646666,-2.341379,1,4
2008,8,-8.837500,-1.760000,0.000000,-8.837500,-10.008929,0.536364,1,1
2008,9,-0.250000,-0.883333,0.000000,-0.250000,-12.209880,-0.412793,1,15
2008,10,-7.500000,-12.245238,1.900000,-9.400000,1.541667,-4.581227,2,10
2008,11,14.533333,16.300000,14.533333,0.000000,-1.900833,3.154038,1,11
2008,12,9.350000,3.616667,9.350000,0.000000,13.325000,7.623806,1,5
2009,1,-0.360000,-0.975000,0.000000,-0.360000,3.503333,-10.878571,1,7
2009,2,-6.866667,-5.225000,0.000000,-6.866667,-10.750952,1.980372,1,9
2009,3,-0.716667,0.233333,-0.716667,0.000000,-0.666668,6.770291,1,8
2009,4,5.220000,6.440000,5.220000,0.000000,2.273333,5.531144,1,3
2009,5,-3.580000,-1.533333,0.000000,-3.580000,0.545000,8.379629,1,9
2009,6,6.000000,1.357143,0.000000,6.000000,9.548809,-2.238635,1,10
2009,7,-5.650000,-5.533333,0.000000,-5.650000,-7.643333,-8.156863,1,6
2009,8,0.583333,-0.525000,0.583333,0.000000,0.583333,-1.300000,1,0
2009,9,-5.740000,-1.866667,0.000000,-5.740000,-5.866667,0.474441,1,8
2009,10,-3.080000,-1.350000,0.000000,-3.080000,-6.653333,-2.935714,1,9
2009,11,-0.980000,-1.200000,-0.980000,0.000000,-1.467500,-3.228571,1,11
2009,12,-2.800000,-3.340000,-2.800000,0.000000,-0.999167,-2.542921,1,7
2010,1,-2.505556,-0.525000,0.000000,-2.505556,-5.268889,-0.344483,1,6
2010,2,-1.672222,-0.150000,0.000000,-1.672222,-1.423333,0.056324,1,5
2010,3,-1.568750,-0.425000,-1.568750,0.000000,-1.034305,-0.900586,1,9
2010,4,-0.200000,0.033333,0.000000,-0.200000,2.711944,-0.705195,1,9
2010,5,1.190000,0.440000,1.190000,0.000000,0.860139,1.330071,1,10
2010,6,0.350000,-0.840000,0.000000,0.350000,3.600714,-0.301525,1,12
2010,7,4.911111,2.885714,0.000000,4.911111,4.771945,1.846164,1,6
2010,8,-1.687500,-0.235714,0.000000,-1.687500,-1.687500,-0.300000,1,0
2010,9,-0.872727,-0.616667,0.000000,-0.872727,-1.582409,-4.606360,1,12
2010,10,-0.770000,-0.040000,-0.770000,0.000000,-0.067143,5.512789,1,12
2010,11,-0.987500,-0.650000,0.000000,-0.987500,-1.374801,1.971049,1,12
2010,12,-2.418182,-2.857143,0.000000,-2.418182,-1.395960,-3.024285,1,1
2011,1,6.128571,1.566667,6.128571,0.000000,10.163571,5.000050,1,6
2011,2,-4.412500,-2.762500,-4.412500,0.000000,1.621899,-16.755442,1,7
2011,3,16.037500,10.333333,16.037500,0.000000,20.675754,3.036847,1,13
2011,4,0.575000,1.700000,0.000000,0.575000,0.762302,-2.368849,1,5
2011,5,-12.388889,-7.062500,-12.388889,0.000000,-27.553453,-29.554144,1,17
2011,6,-3.757143,-0.033333,-3.757143,0.000000,-5.371857,3.135702,1,15
2011,7,1.466667,0.483333,0.000000,1.466667,-0.283333,-3.522547,1,2
2011,8,-18.200000,-11.100000,0.000000,-18.200000,-13.604762,-7.843636,1,2
2011,9,-3.188889,1.412500,0.000000,-3.188889,-5.047618,7.049617,1,7
2011,10,11.075000,10.916667,11.075000,0.000000,13.840476,11.071650,1,14
2011,11,-7.410000,-10.971429,-7.410000,0.000000,-4.508889,-13.890934,1,13
2011,12,-1.042857,-1.057143,0.000000,-1.042857,0.044643,2.959487,1,4
2012,1,-0.455556,-0.164286,0.000000,-0.455556,-1.574127,-0.166387,1,4
2012,2,0.444444,0.280000,0.000000,0.444444,0.167658,0.350000,1,2
2012,3,-0.311111,-0.233333,0.000000,-0.311111,-0.827182,1.075000,1,5
2012,4,0.710000,0.100000,0.710000,0.000000,0.444523,0.499720,1,9
2012,5,1.462500,0.860000,1.462500,0.000000,2.515953,1.222727,1,7
2012,6,3.157143,1.100000,3.157143,0.000000,3.153413,4.138725,1,8
2012,7,-7.328571,-8.757143,0.000000,-7.328571,-8.410714,-8.098743,1,8
2012,8,2.425000,2.128571,2.425000,0.000000,2.039286,3.237500,1,1
2012,9,0.133333,0.366667,0.000000,0.133333,-1.422143,0.298214,1,5
2012,10,-0.114286,0.275000,0.000000,-0.114286,-0.644524,-0.012912,1,10
2012,11,1.011111,0.725000,1.011111,0.000000,0.520159,1.131349,1,13
2012,12,-1.957143,-0.700000,0.000000,-1.957143,-3.815060,-0.232963,1,9
2013,1,2.562500,1.100000,0.000000,2.562500,2.095635,0.495801,1,8
2013,2,-2.285714,-0.975000,0.000000,-2.285714,-3.519742,-3.195461,1,12
2013,3,2.325000,0.633333,2.325000,0.000000,3.751190,1.445055,1,7
2013,4,-0.685714,0.100000,0.000000,-0.685714,0.640953,-0.153416,1,12
2013,5,-1.928571,-0.250000,-1.928571,0.000000,-3.270594,-0.523941,1,15
2013,6,3.183333,0.750000,3.183333,0.000000,2.945713,1.775434,1,10
2013,7,-2.916667,-0.957143,-2.916667,0.000000,-1.873809,-0.133333,1,8
2013,8,2.166667,0.150000,0.000000,2.166667,2.469524,0.200000,1,3
2013,9,-0.614286,-0.133333,-0.614286,0.000000,-0.369286,-1.843732,1,17
2013,10,0.000000,-0.133333,0.000000,0.000000,0.741666,1.034483,1,5
2013,11,-2.500000,-0.450000,-2.500000,0.000000,-1.208572,1.222736,1,13
2013,12,1.400000,0.940000,1.400000,0.000000,2.394286,3.239423,1,8
2014,1,-0.862500,-0.300000,0.000000,-0.862500,0.148928,2.754762,1,5
2014,2,3.185714,2.785714,0.000000,3.185714,3.122144,0.707978,1,9
2014,3,2.625000,3.333333,2.625000,0.000000,2.426905,3.272619,1,7
2014,4,1.380000,1.471429,0.000000,1.380000,2.023333,3.709441,1,8
2014,5,-2.200000,0.400000,-2.200000,0.000000,-2.226666,-0.377812,1,10
2014,6,0.450000,-2.466667,0.000000,0.450000,-0.256667,-8.859242,1,8
2014,7,-0.500000,-0.450000,-0.500000,0.000000,-0.600000,-0.200000,1,1
2014,8,0.233333,0.150000,0.000000,0.233333,0.233333,0.050000,1,0
2014,9,-4.400000,-5.366667,-4.400000,0.000000,-5.266667,-5.784401,1,10
2014,10,0.200000,0.000000,0.200000,0.000000,-0.083334,0.500000,1,8
2014,11,-0.300000,-0.066667,-0.300000,0.000000,-0.467500,-7.721981,1,16
2014,12,0.783333,0.300000,0.783333,0.000000,0.883333,-0.925491,1,1
2015,1,-1.451667,-0.343333,-1.451667,0.000000,-1.411667,-0.145000,1,1
2015,2,0.000000,0.000000,0.000000,0.000000,-0.040000,0.309524,0,3
2015,3,-0.100000,-1.200000,0.000000,-0.100000,-0.923583,-8.001905,1,8
2015,4,0.247500,-0.718750,0.000000,0.247500,-0.104000,-18.744828,1,5
2015,5,0.000000,0.000000,0.000000,0.000000,-0.155333,2.781112,0,4
2015,6,0.485000,-0.011667,0.485000,0.000000,0.883000,0.643245,1,6
2015,7,0.000000,-0.100000,0.000000,0.000000,-0.060000,0.000000,1,1
2015,8,0.000000,0.000000,0.000000,0.000000,-0.030833,0.261194,0,3
2015,9,-0.285000,0.000000,-0.285000,0.000000,-0.154750,0.054156,1,8
2015,10,-3.310000,-1.122500,-3.310000,0.000000,-2.459833,1.082325,1,9
2015,11,0.000000,0.000000,0.000000,0.000000,0.860445,0.356636,0,24
2015,12,10.100000,6.754000,10.100000,0.000000,10.512404,4.237480,1,4
2016,1,-3.703000,-1.525000,-3.703000,0.000000,-2.909250,2.138808,1,6
2016,2,0.000000,0.000000,0.000000,0.000000,-0.950500,-0.231636,0,5
2016,3,5.991667,2.823000,0.000000,5.991667,6.560953,2.678567,1,5
2016,4,0.226667,0.025000,0.226667,0.000000,0.308334,-0.495857,1,7
2016,5,0.000000,0.000000,0.000000,0.000000,0.386667,0.024655,0,8
2016,6,-0.190000,-0.030000,0.000000,-0.190000,-0.181250,-1.634463,1,12
2016,7,-0.131250,0.000000,-0.131250,0.000000,-0.040250,0.052500,1,3
2016,8,0.000000,0.000000,0.000000,0.000000,0.000000,0.000000,0,0
2016,9,1.379167,0.656667,1.379167,0.000000,1.208334,0.840996,1,9
2016,10,-0.197500,0.110000,-0.197500,0.000000,-1.262583,-0.176804,1,7
2016,11,0.000000,0.000000,0.000000,0.000000,-0.439750,0.062261,0,11
2016,12,-0.082500,0.085000,-0.082500,0.000000,-0.185500,-0.213751,1,3
2017,1,-0.055000,-0.075000,-0.055000,0.000000,-0.027917,-1.307077,1,11
2017,2,0.000000,0.000000,0.000000,0.000000,0.727083,-3.537375,0,7
2017,3,0.445000,-0.020000,0.000000,0.445000,-0.134833,-0.733895,1,10
2017,4,-0.394000,-0.205000,-0.394000,0.000000,-0.124667,5.750578,1,8
2017,5,0.000000,0.000000,0.000000,0.000000,0.316500,-0.272606,0,16
2017,6,-0.289375,-0.108333,0.000000,-0.289375,0.335208,-0.555225,1,8
2017,7,-0.336000,-0.150000,-0.336000,0.000000,-0.370583,-0.335221,1,4
2017,8,0.000000,0.000000,0.000000,0.000000,0.181250,0.010000,0,2
2017,9,-0.475000,-0.055000,-0.475000,0.000000,0.343250,0.343869,1,14
2017,10,-0.128000,-0.010000,-0.128000,0.000000,-0.102834,0.162123,1,7
2017,11,0.000000,0.000000,0.000000,0.000000,0.362000,1.963913,0,20
2017,12,-0.018750,0.107500,-0.018750,0.000000,-0.003750,-0.106818,1,1
2018,1,-0.263000,-0.020000,0.000000,-0.263000,-0.597000,-0.015789,1,6
2018,2,0.000000,0.000000,0.000000,0.000000,0.153333,-0.357555,0,15
2018,3,-0.248000,-0.010000,-0.248000,0.000000,-1.079667,2.164000,1,6
2018,4,-0.070000,-0.055000,0.000000,-0.070000,0.990000,0.010752,1,7
2018,5,0.000000,0.000000,0.000000,0.000000,0.066667,0.338955,0,15
2018,6,-0.517500,-0.030000,-0.517500,0.000000,-0.835833,0.144188,1,3
2018,7,-0.195000,-0.040000,-0.195000,0.000000,-0.268333,-0.027949,1,4
2018,8,0.000000,0.000000,0.000000,0.000000,-0.005000,-0.053571,0,1
2018,9,-0.210000,-0.065000,0.000000,-0.210000,-0.321000,-0.822568,1,12
2018,10,-0.136667,-0.080000,0.000000,-0.136667,0.263500,0.294699,1,9
2018,11,0.000000,0.000000,0.000000,0.000000,-0.547501,0.117599,0,22
2018,12,-0.280000,-0.060000,-0.280000,0.000000,-0.194583,-0.233445,1,4
2019,1,-0.236667,-0.110000,0.000000,-0.236667,-0.787500,-0.302022,1,7
2019,2,0.000000,0.000000,0.000000,0.000000,-0.015000,-0.206897,0,7
2019,3,-0.685000,-0.005000,0.000000,-0.685000,-2.239334,-0.135832,1,12
2019,4,-0.350000,0.000000,-0.350000,0.000000,-0.130833,0.333333,1,5
2019,5,0.000000,0.000000,0.000000,0.000000,0.172500,0.005682,0,15
2019,6,2.641667,1.150000,2.641667,0.000000,-0.917333,-1.610443,1,11
2019,7,1.870000,2.490000,1.870000,0.000000,2.070000,10.443542,1,3
2019,8,0.000000,0.000000,0.000000,0.000000,-0.271250,-0.225000,0,1
2019,9,6.742000,4.106000,0.000000,6.742000,6.630500,3.928929,1,11
2019,10,0.110000,0.080000,0.110000,0.000000,0.953333,0.306250,1,6
2019,11,0.000000,0.000000,0.000000,0.000000,0.100833,-0.846896,0,13
2019,12,0.300000,0.000000,0.000000,0.300000,-0.255000,0.447273,1,5
2020,1,-0.460000,-0.095000,0.000000,-0.460000,-0.335000,0.613036,1,4
2020,2,0.000000,0.000000,0.000000,0.000000,2.257083,2.004800,0,14
2020,3,7.395000,9.338000,7.395000,0.000000,8.052000,9.786250,1,1
2020,4,0.327500,1.150000,0.327500,0.000000,0.415000,2.216875,1,2
2020,5,0.000000,0.000000,0.000000,0.000000,-0.657501,-0.736678,0,13
2020,6,0.208333,0.292500,0.000000,0.208333,-0.006667,-0.201699,1,8
2020,7,-0.160000,-0.100000,-0.160000,0.000000,0.643334,-0.108180,1,12
2020,8,0.000000,0.000000,0.000000,0.000000,0.000000,0.000000,0,2
2020,9,-0.200000,0.000000,-0.200000,0.000000,-0.208333,0.261645,1,17
2020,10,-0.866667,-0.600000,-0.866667,0.000000,-1.016667,0.250877,1,20
2020,11,0.000000,0.000000,0.000000,0.000000,-0.282501,0.014589,0,27
2020,12,1.312500,1.008333,1.312500,0.000000,1.725000,1.171453,1,6
2021,1,-0.100000,-0.100000,0.000000,-0.100000,-0.108334,-0.945882,1,7
2021,2,0.000000,0.000000,0.000000,0.000000,-0.432167,0.114234,0,9
2021,3,0.382500,0.352500,0.000000,0.382500,1.321916,0.152637,1,8
2021,4,-0.175000,0.013333,0.000000,-0.175000,0.051667,-0.336970,1,10
2021,5,0.000000,0.000000,0.000000,0.000000,0.005000,-0.011538,0,10
2021,6,-0.191667,0.017500,-0.191667,0.000000,-0.392918,-0.553200,1,16
2021,7,-0.103333,-0.030000,0.000000,-0.103333,-0.158333,0.042273,1,7
2021,8,0.000000,0.000000,0.000000,0.000000,-0.042500,0.113214,0,3
2021,9,-0.145000,-0.105000,-0.145000,0.000000,-0.042500,0.269909,1,14
2021,10,0.628750,0.152500,0.628750,0.000000,1.317916,-0.066134,1,17
2021,11,0.000000,0.000000,0.000000,0.000000,-2.138918,0.714382,0,26
2021,12,-0.595000,-0.150000,0.000000,-0.595000,-0.063000,0.446360,1,6
2022,1,0.000000,0.000000,0.000000,0.000000,-0.014500,-0.113347,0,5
2022,2,5.175000,0.173333,5.175000,0.000000,5.112500,0.850093,1,11
2022,3,4.044167,0.132500,4.044167,0.000000,4.770809,0.198913,1,14
2022,4,-6.100000,-1.235000,-6.100000,0.000000,-4.274750,1.583525,1,5
2022,5,0.000000,0.000000,0.000000,0.000000,-1.187584,-1.714000,0,8
2022,6,6.880833,-4.268750,6.880833,0.000000,13.515541,-3.760993,1,14
2022,7,8.507000,13.252500,0.000000,8.507000,8.768000,15.200971,1,4
2022,8,0.000000,0.000000,0.000000,0.000000,-1.320667,-0.048928,0,3
2022,9,11.656250,8.383333,11.656250,0.000000,14.805167,8.392840,1,15
2022,10,-13.835000,-0.461667,-13.835000,0.000000,-15.198833,1.866416,1,8
2022,11,0.000000,0.000000,0.000000,0.000000,-6.349001,-4.330487,0,17
2022,12,15.336000,-2.790000,15.336000,0.000000,14.231833,-4.019848,1,3
2023,1,0.000000,0.000000,0.000000,0.000000,0.581250,0.552805,0,5
2023,2,-7.257000,0.160000,-7.257000,0.000000,-6.714500,-0.135000,1,2
2023,3,7.773750,13.300000,0.000000,7.773750,2.278500,20.267858,1,14
2023,4,0.000000,0.000000,0.000000,0.000000,-2.261547,-0.031157,0,10
2023,5,-7.667500,-5.881667,-7.667500,0.000000,-10.736417,-4.155223,1,12
2023,6,1.483750,1.031667,0.000000,1.483750,4.937917,1.015994,1,15
2023,7,-3.783750,-1.113333,-3.783750,0.000000,-2.811750,0.257500,1,3
2023,8,0.000000,0.000000,0.000000,0.000000,-0.045000,0.316667,0,1
2023,9,2.826250,6.313333,0.000000,2.826250,1.285832,8.166814,1,16
2023,10,-3.157500,-0.742500,-3.157500,0.000000,-4.566250,-0.622204,1,9
2023,11,0.000000,0.000000,0.000000,0.000000,-4.909583,0.723836,0,17
2023,12,4.737500,0.840000,4.737500,0.000000,3.815250,0.956016,1,7
2024,1,-8.320000,-1.313333,-8.320000,0.000000,-8.374166,0.449367,1,8
2024,2,0.000000,0.000000,0.000000,0.000000,0.467333,0.644411,0,12
2024,3,-1.600000,0.815000,-1.600000,0.000000,0.406250,0.888036,1,10
2024,4,0.007500,0.388333,0.000000,0.007500,-1.161666,0.072206,1,8
2024,5,0.000000,0.000000,0.000000,0.000000,-2.089166,-0.332083,0,8
2024,6,3.076250,0.490000,3.076250,0.000000,1.329500,1.496685,1,12
2024,7,-1.737500,0.067500,-1.737500,0.000000,-1.533583,0.925804,1,5
2024,8,0.000000,0.000000,0.000000,0.000000,-0.205000,0.018750,0,1
2024,9,1.457000,1.555000,1.457000,0.000000,0.611083,-0.609241,1,10
2024,10,-4.579000,-1.909000,-4.579000,0.000000,-2.224417,-3.022701,1,11
2024,11,0.000000,0.000000,0.000000,0.000000,-23.588584,-11.723370,0,18
2024,12,2.550000,1.936000,0.000000,2.550000,3.612500,1.633663,1,4
2025,1,-2.938750,-0.743750,-2.938750,0.000000,-2.416250,0.062777,1,6
2025,2,0.000000,0.000000,0.000000,0.000000,1.387917,-1.390791,0,7
2025,3,3.706667,1.158750,0.000000,3.706667,5.414167,0.407564,1,8
2025,4,-9.339000,-2.842500,-9.339000,0.000000,-5.272833,-1.465877,1,15
2025,5,0.000000,0.000000,0.000000,0.000000,-0.910000,-0.860997,0,8
2025,6,4.650000,1.225000,4.650000,0.000000,1.487750,-1.353779,1,19
2025,7,3.506250,1.367500,3.506250,0.000000,3.178833,-0.084559,1,5
2025,8,0.000000,0.000000,0.000000,0.000000,-0.125000,-0.056250,0,1
2025,9,0.360000,-0.075000,0.360000,0.000000,0.843906,3.383399,1,13
2025,10,-0.432500,0.047000,-0.432500,0.000000,-0.831024,2.679318,1,15
2025,11,0.000000,0.000000,0.000000,0.000000,0.000000,0.000000,0,0
2025,12,0.000000,0.000000,0.000000,0.000000,0.000000,0.000000,0,0
