equation,block,block_held_at_1,h,lambda_h,tau_block,tau_pooled,d_fmar_ols,d_block_ols,d_pooled_ols,ratio_block,ratio_pooled
mps,mps,1,1,0.00843167,1.00000,1.00000,0.285456,0.285447,0.285409,0.99997,0.99984
mps,i1y,0,1,0.00843167,0.49211,0.13938,0.41749,0.417763,0.41808,1.00065,1.00141
mps,ip,0,1,0.00843167,1.00188,0.21980,0.0134782,0.0133781,0.0135672,0.99257,1.00661
mps,hicp,0,1,0.00843167,0.81403,0.17322,0.0210926,0.0210936,0.021291,1.00005,1.00941
mps,stoxx,0,1,0.00843167,0.65855,0.18013,0.00387453,0.00387635,0.00388268,1.00047,1.00210
i1y,mps,1,1,0.00843167,1.00000,1.00000,0.702227,0.702334,0.702296,1.00015,1.00010
i1y,i1y,0,1,0.00843167,0.37814,0.43594,1.32917,1.3308,1.33091,1.00122,1.00131
i1y,ip,0,1,0.00843167,0.68595,1.02578,0.0315844,0.0315963,0.031567,1.00038,0.99945
i1y,hicp,0,1,0.00843167,0.73200,0.55629,0.0465989,0.0466479,0.0467423,1.00105,1.00308
i1y,stoxx,0,1,0.00843167,0.90113,1.59981,0.00796072,0.00794785,0.00790111,0.99838,0.99251
ip,mps,1,1,0.00843167,1.00000,1.00000,4.81466,4.81495,4.81519,1.00006,1.00011
ip,i1y,0,1,0.00843167,0.37693,1.27258,4.72483,4.73111,4.71832,1.00133,0.99862
ip,ip,0,1,0.00843167,0.57924,1.00713,0.265621,0.266037,0.265313,1.00157,0.99884
ip,hicp,0,1,0.00843167,1.30260,1.54752,0.597551,0.593239,0.592117,0.99278,0.99091
ip,stoxx,0,1,0.00843167,0.52555,0.35616,0.0712115,0.0713401,0.0714151,1.00181,1.00286
hicp,mps,1,1,0.00843167,1.00000,1.00000,1.47243,1.46855,1.46893,0.99736,0.99762
hicp,i1y,0,1,0.00843167,0.73772,0.90229,1.23862,1.23722,1.23666,0.99887,0.99842
hicp,ip,0,1,0.00843167,1.16439,0.99539,0.0872305,0.0862173,0.0867347,0.98838,0.99432
hicp,hicp,0,1,0.00843167,18.01001,18.54692,0.567069,0.185471,0.178411,0.32707,0.31462
hicp,stoxx,0,1,0.00843167,1.40113,1.78798,0.0269699,0.0267102,0.0266131,0.99037,0.98677
stoxx,mps,1,1,0.00843167,1.00000,1.00000,21.9466,21.9476,21.9479,1.00004,1.00006
stoxx,i1y,0,1,0.00843167,0.40559,0.43391,20.1609,20.2047,20.2086,1.00217,1.00237
stoxx,ip,0,1,0.00843167,0.67220,0.54063,1.05893,1.05959,1.06218,1.00063,1.00307
stoxx,hicp,0,1,0.00843167,0.68072,0.47397,2.86414,2.86778,2.8731,1.00127,1.00313
stoxx,stoxx,0,1,0.00843167,0.62702,0.39556,0.639658,0.640407,0.641658,1.00117,1.00313
mps,mps,1,2,0.0213926,1.00000,1.00000,0.248281,0.248155,0.247963,0.99949,0.99872
mps,i1y,0,2,0.0213926,0.34250,0.12945,0.494428,0.494885,0.495041,1.00092,1.00124
mps,ip,0,2,0.0213926,0.68030,0.20259,0.0130567,0.0130965,0.0132147,1.00305,1.01210
mps,hicp,0,2,0.0213926,0.54409,0.15834,0.0330247,0.0332483,0.0335251,1.00677,1.01515
mps,stoxx,0,2,0.0213926,0.54813,0.16404,0.00473907,0.00474599,0.00475428,1.00146,1.00321
i1y,mps,1,2,0.0213926,1.00000,1.00000,1.1755,1.17646,1.17596,1.00082,1.00040
i1y,i1y,0,2,0.0213926,0.68642,0.43166,1.35433,1.35477,1.35699,1.00033,1.00197
i1y,ip,0,2,0.0213926,0.55576,1.04160,0.0578501,0.0579711,0.0577747,1.00209,0.99870
i1y,hicp,0,2,0.0213926,0.43233,0.54397,0.0939819,0.0953301,0.0951636,1.01435,1.01257
i1y,stoxx,0,2,0.0213926,0.92146,1.67973,0.0129936,0.0129678,0.0127509,0.99802,0.98132
ip,mps,1,2,0.0213926,1.00000,1.00000,7.68628,7.68342,7.68931,0.99963,1.00039
ip,i1y,0,2,0.0213926,0.79291,1.67703,3.66792,3.6711,3.61274,1.00087,0.98496
ip,ip,0,2,0.0213926,0.73474,1.08931,0.24587,0.246293,0.244885,1.00172,0.99599
ip,hicp,0,2,0.0213926,1.27236,1.60260,0.431314,0.427829,0.421039,0.99192,0.97618
ip,stoxx,0,2,0.0213926,0.71638,0.33690,0.0530768,0.053154,0.0535316,1.00145,1.00857
hicp,mps,1,2,0.0213926,1.00000,1.00000,1.55573,1.48669,1.4903,0.95562,0.95794
hicp,i1y,0,2,0.0213926,0.77791,0.92667,1.64185,1.63961,1.63946,0.99864,0.99855
hicp,ip,0,2,0.0213926,0.63828,0.78114,0.162733,0.162998,0.162781,1.00163,1.00029
hicp,hicp,0,2,0.0213926,20.63111,21.29760,1.12109,0.188,0.178341,0.16769,0.15908
hicp,stoxx,0,2,0.0213926,1.54828,1.97630,0.0166427,0.0161628,0.0158713,0.97116,0.95365
stoxx,mps,1,2,0.0213926,1.00000,1.00000,34.4482,34.4751,34.4897,1.00078,1.00120
stoxx,i1y,0,2,0.0213926,0.37755,0.41805,18.5287,18.6722,18.6877,1.00774,1.00858
stoxx,ip,0,2,0.0213926,0.73063,0.44513,1.26721,1.27149,1.28123,1.00338,1.01107
stoxx,hicp,0,2,0.0213926,0.46335,0.36136,4.24256,4.29455,4.3103,1.01225,1.01597
stoxx,stoxx,0,2,0.0213926,0.73065,0.35035,0.53608,0.536336,0.540939,1.00048,1.00906
mps,mps,1,3,0.0276757,1.00000,1.00000,0.24532,0.245127,0.244793,0.99921,0.99785
mps,i1y,0,3,0.0276757,0.48798,0.12285,0.43947,0.439643,0.439826,1.00040,1.00081
mps,ip,0,3,0.0276757,0.54957,0.18377,0.0136002,0.0136432,0.013711,1.00316,1.00815
mps,hicp,0,3,0.0276757,0.59868,0.15239,0.0243058,0.0245547,0.0248742,1.01024,1.02339
mps,stoxx,0,3,0.0276757,0.76761,0.15240,0.0052153,0.00521492,0.0052268,0.99993,1.00220
i1y,mps,1,3,0.0276757,1.00000,1.00000,1.44359,1.44395,1.44241,1.00025,0.99919
i1y,i1y,0,3,0.0276757,0.77595,0.43599,1.51466,1.51424,1.51711,0.99972,1.00162
i1y,ip,0,3,0.0276757,0.71956,1.10285,0.0718517,0.0718971,0.071748,1.00063,0.99856
i1y,hicp,0,3,0.0276757,0.60211,0.56495,0.10577,0.106846,0.107117,1.01018,1.01274
i1y,stoxx,0,3,0.0276757,1.38445,1.81805,0.0172645,0.0169976,0.0168688,0.98454,0.97708
ip,mps,1,3,0.0276757,1.00000,1.00000,8.07624,8.03941,8.05844,0.99544,0.99780
ip,i1y,0,3,0.0276757,1.33939,2.84585,4.21999,4.18498,4.08016,0.99170,0.96686
ip,ip,0,3,0.0276757,0.90903,1.35143,0.315673,0.315243,0.313625,0.99864,0.99351
ip,hicp,0,3,0.0276757,1.65684,1.87228,0.560186,0.551804,0.544022,0.98504,0.97114
ip,stoxx,0,3,0.0276757,0.93121,0.31066,0.0770087,0.0768534,0.0774266,0.99798,1.00543
hicp,mps,1,3,0.0276757,1.00000,1.00000,1.76055,1.60535,1.59784,0.91184,0.90758
hicp,i1y,0,3,0.0276757,1.10326,1.18008,1.51749,1.51426,1.51496,0.99787,0.99833
hicp,ip,0,3,0.0276757,0.52363,0.86729,0.159558,0.16008,0.159572,1.00327,1.00009
hicp,hicp,0,3,0.0276757,17.55437,18.58729,1.00344,0.187766,0.172317,0.18712,0.17173
hicp,stoxx,0,3,0.0276757,1.97678,2.49221,0.0243396,0.0238212,0.0236032,0.97870,0.96974
stoxx,mps,1,3,0.0276757,1.00000,1.00000,49.3568,49.4791,49.5178,1.00248,1.00326
stoxx,i1y,0,3,0.0276757,0.58087,0.47792,31.4515,31.5036,31.5347,1.00165,1.00265
stoxx,ip,0,3,0.0276757,0.49341,0.47788,1.36157,1.37056,1.37266,1.00660,1.00814
stoxx,hicp,0,3,0.0276757,0.58298,0.34692,5.8664,5.90001,5.92882,1.00573,1.01064
stoxx,stoxx,0,3,0.0276757,0.69089,0.33557,0.565978,0.566689,0.568787,1.00126,1.00496
mps,mps,1,4,0.0321764,1.00000,1.00000,0.292121,0.291824,0.291296,0.99898,0.99718
mps,i1y,0,4,0.0321764,0.55842,0.11854,0.429437,0.429524,0.429627,1.00020,1.00044
mps,ip,0,4,0.0321764,0.78834,0.16717,0.0131028,0.0130982,0.0131847,0.99965,1.00625
mps,hicp,0,4,0.0321764,0.72255,0.15088,0.0303675,0.030427,0.0307479,1.00196,1.01252
mps,stoxx,0,4,0.0321764,0.61290,0.14115,0.00429522,0.00429828,0.00430747,1.00071,1.00285
i1y,mps,1,4,0.0321764,1.00000,1.00000,1.63822,1.63655,1.63281,0.99898,0.99670
i1y,i1y,0,4,0.0321764,1.00212,0.44285,1.991,1.988,1.99301,0.99849,1.00101
i1y,ip,0,4,0.0321764,0.71556,1.18547,0.0794766,0.0794996,0.0793685,1.00029,0.99864
i1y,hicp,0,4,0.0321764,0.69240,0.67296,0.0813435,0.0820237,0.0821567,1.00836,1.01000
i1y,stoxx,0,4,0.0321764,1.31880,1.99366,0.0202844,0.0200535,0.019831,0.98862,0.97765
ip,mps,1,4,0.0321764,1.00000,1.00000,9.98259,9.87693,9.92251,0.98942,0.99398
ip,i1y,0,4,0.0321764,2.74414,4.83276,7.0143,6.88453,6.74682,0.98150,0.96187
ip,ip,0,4,0.0321764,1.16483,1.81534,0.345155,0.342742,0.338543,0.99301,0.98084
ip,hicp,0,4,0.0321764,2.00638,2.35244,0.574127,0.552144,0.535542,0.96171,0.93279
ip,stoxx,0,4,0.0321764,0.74666,0.29445,0.100576,0.100579,0.100962,1.00003,1.00384
hicp,mps,1,4,0.0321764,1.00000,1.00000,1.94696,1.83127,1.81247,0.94058,0.93092
hicp,i1y,0,4,0.0321764,1.44000,1.72708,1.37175,1.36972,1.36903,0.99852,0.99802
hicp,ip,0,4,0.0321764,1.12792,1.30340,0.148757,0.148083,0.147625,0.99546,0.99239
hicp,hicp,0,4,0.0321764,17.25713,18.33053,1.04215,0.229014,0.210183,0.21975,0.20168
hicp,stoxx,0,4,0.0321764,2.30907,3.13114,0.0154115,0.014559,0.0141378,0.94468,0.91736
stoxx,mps,1,4,0.0321764,1.00000,1.00000,67.0528,67.2763,67.2994,1.00333,1.00368
stoxx,i1y,0,4,0.0321764,0.71055,0.64220,31.201,31.2055,31.2445,1.00014,1.00139
stoxx,ip,0,4,0.0321764,0.53202,0.61093,1.61013,1.61792,1.61805,1.00483,1.00492
stoxx,hicp,0,4,0.0321764,0.45366,0.34349,7.50943,7.5608,7.57453,1.00684,1.00867
stoxx,stoxx,0,4,0.0321764,0.79978,0.34139,0.38948,0.389671,0.391297,1.00049,1.00466
mps,mps,1,5,0.0294689,1.00000,1.00000,0.234541,0.234386,0.234109,0.99934,0.99816
mps,i1y,0,5,0.0294689,0.61008,0.11171,0.53374,0.533734,0.533827,0.99999,1.00016
mps,ip,0,5,0.0294689,0.72216,0.15703,0.0141781,0.0141709,0.0142234,0.99949,1.00319
mps,hicp,0,5,0.0294689,0.92118,0.15172,0.0352869,0.0351938,0.035524,0.99736,1.00672
mps,stoxx,0,5,0.0294689,0.88378,0.12894,0.00433135,0.00432826,0.00433732,0.99929,1.00138
i1y,mps,1,5,0.0294689,1.00000,1.00000,1.72116,1.71275,1.71028,0.99511,0.99367
i1y,i1y,0,5,0.0294689,1.54888,0.44440,1.85918,1.85414,1.86052,0.99729,1.00072
i1y,ip,0,5,0.0294689,1.04467,1.28223,0.0847258,0.0846423,0.0845716,0.99901,0.99818
i1y,hicp,0,5,0.0294689,0.76543,0.87775,0.0921575,0.0922651,0.092305,1.00117,1.00160
i1y,stoxx,0,5,0.0294689,1.90396,2.18930,0.0202581,0.019904,0.0198938,0.98252,0.98201
ip,mps,1,5,0.0294689,1.00000,1.00000,9.98288,9.8408,9.91086,0.98577,0.99279
ip,i1y,0,5,0.0294689,3.94751,7.43701,5.57683,5.35246,5.10498,0.95977,0.91539
ip,ip,0,5,0.0294689,1.87603,2.68577,0.388613,0.381777,0.3741,0.98241,0.96265
ip,hicp,0,5,0.0294689,2.79311,3.11161,0.953173,0.905442,0.886465,0.94992,0.93001
ip,stoxx,0,5,0.0294689,1.23414,0.27892,0.0733973,0.073155,0.0737463,0.99670,1.00476
hicp,mps,1,5,0.0294689,1.00000,1.00000,2.25308,2.07337,2.02708,0.92024,0.89969
hicp,i1y,0,5,0.0294689,1.85106,2.61781,1.55946,1.55716,1.55572,0.99853,0.99760
hicp,ip,0,5,0.0294689,1.67679,1.96593,0.0876179,0.086474,0.0858145,0.98694,0.97942
hicp,hicp,0,5,0.0294689,16.60082,18.00428,0.906076,0.341794,0.314138,0.37722,0.34670
hicp,stoxx,0,5,0.0294689,2.61901,3.97793,0.0274568,0.0268992,0.0265537,0.97969,0.96711
stoxx,mps,1,5,0.0294689,1.00000,1.00000,86.2814,86.3698,86.4221,1.00102,1.00163
stoxx,i1y,0,5,0.0294689,1.12085,1.08711,31.5811,31.5149,31.5407,0.99790,0.99872
stoxx,ip,0,5,0.0294689,0.72141,0.90031,2.28618,2.28825,2.2844,1.00090,0.99922
stoxx,hicp,0,5,0.0294689,0.67539,0.36840,9.95888,9.9721,10.0145,1.00133,1.00559
stoxx,stoxx,0,5,0.0294689,0.72751,0.36820,0.595831,0.59587,0.596759,1.00007,1.00156
mps,mps,1,6,0.0301947,1.00000,1.00000,0.244659,0.244429,0.243639,0.99906,0.99583
mps,i1y,0,6,0.0301947,0.57733,0.10615,0.360524,0.360544,0.36058,1.00005,1.00016
mps,ip,0,6,0.0301947,0.74192,0.14944,0.0127623,0.0127587,0.012796,0.99972,1.00264
mps,hicp,0,6,0.0301947,0.83355,0.15442,0.0332418,0.0331693,0.0333854,0.99782,1.00432
mps,stoxx,0,6,0.0301947,0.91839,0.12387,0.0042377,0.00423418,0.00424255,0.99917,1.00114
i1y,mps,1,6,0.0301947,1.00000,1.00000,1.95448,1.92799,1.93146,0.98645,0.98822
i1y,i1y,0,6,0.0301947,2.89668,0.45102,1.57736,1.56256,1.57863,0.99062,1.00080
i1y,ip,0,6,0.0301947,1.54256,1.38784,0.0954539,0.0949439,0.0952213,0.99466,0.99756
i1y,hicp,0,6,0.0301947,1.33832,1.15569,0.12832,0.12827,0.128671,0.99961,1.00274
i1y,stoxx,0,6,0.0301947,2.75680,2.38910,0.0249892,0.0245047,0.024694,0.98061,0.98819
ip,mps,1,6,0.0301947,1.00000,1.00000,9.08595,8.98024,9.1236,0.98837,1.00414
ip,i1y,0,6,0.0301947,6.82352,10.06013,5.17132,4.78388,4.61015,0.92508,0.89148
ip,ip,0,6,0.0301947,3.08967,3.95604,0.398801,0.378272,0.367141,0.94852,0.92061
ip,hicp,0,6,0.0301947,3.41531,3.90575,0.862598,0.79104,0.769132,0.91704,0.89165
ip,stoxx,0,6,0.0301947,1.83401,0.26601,0.118047,0.117121,0.118351,0.99216,1.00258
hicp,mps,1,6,0.0301947,1.00000,1.00000,2.71874,2.48114,2.42832,0.91260,0.89318
hicp,i1y,0,6,0.0301947,2.52325,3.73266,0.948195,0.942784,0.938089,0.99429,0.98934
hicp,ip,0,6,0.0301947,1.97182,2.66844,0.0997629,0.0981325,0.0974168,0.98366,0.97648
hicp,hicp,0,6,0.0301947,14.18483,16.61062,0.735295,0.314401,0.275156,0.42759,0.37421
hicp,stoxx,0,6,0.0301947,3.93845,4.98297,0.0133817,0.0119328,0.0115486,0.89173,0.86301
stoxx,mps,1,6,0.0301947,1.00000,1.00000,104.059,104.2,104.078,1.00136,1.00018
stoxx,i1y,0,6,0.0301947,1.04748,2.22855,31.8137,31.7744,31.5546,0.99877,0.99186
stoxx,ip,0,6,0.0301947,0.71304,1.48071,2.4155,2.41657,2.40251,1.00044,0.99462
stoxx,hicp,0,6,0.0301947,0.58417,0.38351,11.942,11.9617,12.0002,1.00164,1.00487
stoxx,stoxx,0,6,0.0301947,0.65438,0.41759,0.623885,0.623895,0.624465,1.00002,1.00093
mps,mps,1,7,0.0295498,1.00000,1.00000,0.266585,0.266504,0.265802,0.99969,0.99706
mps,i1y,0,7,0.0295498,0.91689,0.10194,0.322958,0.322937,0.322987,0.99994,1.00009
mps,ip,0,7,0.0295498,0.70358,0.14176,0.0162736,0.0162726,0.0162964,0.99994,1.00140
mps,hicp,0,7,0.0295498,1.06060,0.15628,0.0270328,0.026851,0.0272114,0.99327,1.00660
mps,stoxx,0,7,0.0295498,0.95192,0.12042,0.00424516,0.00424093,0.00424876,0.99900,1.00085
i1y,mps,1,7,0.0295498,1.00000,1.00000,2.48117,2.46242,2.44348,0.99244,0.98481
i1y,i1y,0,7,0.0295498,1.45743,0.46747,1.43588,1.43088,1.43697,0.99652,1.00076
i1y,ip,0,7,0.0295498,1.48353,1.49431,0.0936191,0.0931106,0.0932839,0.99457,0.99642
i1y,hicp,0,7,0.0295498,1.01607,1.49286,0.102593,0.103585,0.103858,1.00967,1.01233
i1y,stoxx,0,7,0.0295498,2.40226,2.62153,0.0239403,0.0236221,0.023638,0.98671,0.98737
ip,mps,1,7,0.0295498,1.00000,1.00000,9.18164,9.27404,9.47998,1.01006,1.03249
ip,i1y,0,7,0.0295498,8.60445,13.23989,8.58171,8.28284,8.13795,0.96517,0.94829
ip,ip,0,7,0.0295498,4.41892,5.73363,0.488168,0.454589,0.436155,0.93121,0.89345
ip,hicp,0,7,0.0295498,4.30638,4.77246,1.276,1.16575,1.14425,0.91360,0.89674
ip,stoxx,0,7,0.0295498,1.75686,0.25883,0.0934326,0.0924752,0.0938094,0.98975,1.00403
hicp,mps,1,7,0.0295498,1.00000,1.00000,2.91969,2.79226,2.6947,0.95636,0.92294
hicp,i1y,0,7,0.0295498,2.84685,5.43531,2.34573,2.34013,2.33206,0.99761,0.99417
hicp,ip,0,7,0.0295498,2.20510,3.54192,0.0949099,0.0937772,0.0927503,0.98807,0.97725
hicp,hicp,0,7,0.0295498,19.10608,21.21289,1.00329,0.394075,0.344798,0.39278,0.34367
hicp,stoxx,0,7,0.0295498,4.39473,6.19488,0.0284587,0.0273508,0.0268486,0.96107,0.94343
stoxx,mps,1,7,0.0295498,1.00000,1.00000,121.306,121.125,121.05,0.99851,0.99789
stoxx,i1y,0,7,0.0295498,1.17407,4.84584,27.8445,27.7594,26.9113,0.99694,0.96648
stoxx,ip,0,7,0.0295498,1.22818,2.69619,2.08995,2.08651,2.02888,0.99835,0.97078
stoxx,hicp,0,7,0.0295498,1.24153,0.45933,13.4891,13.3717,13.5271,0.99130,1.00282
stoxx,stoxx,0,7,0.0295498,1.21882,0.44860,0.434326,0.433564,0.434487,0.99824,1.00037
mps,mps,1,8,0.0293302,1.00000,1.00000,0.24355,0.243519,0.243131,0.99987,0.99828
mps,i1y,0,8,0.0293302,1.19906,0.09872,0.278301,0.278136,0.27833,0.99941,1.00011
mps,ip,0,8,0.0293302,0.90189,0.13536,0.0142474,0.0142275,0.0142644,0.99860,1.00119
mps,hicp,0,8,0.0293302,1.00847,0.16268,0.0300575,0.0299552,0.030186,0.99660,1.00428
mps,stoxx,0,8,0.0293302,1.10752,0.11993,0.00570803,0.00569997,0.0057118,0.99859,1.00066
i1y,mps,1,8,0.0293302,1.00000,1.00000,3.10579,3.08536,3.04905,0.99342,0.98173
i1y,i1y,0,8,0.0293302,1.87701,0.48904,1.41763,1.4118,1.41856,0.99589,1.00066
i1y,ip,0,8,0.0293302,1.54548,1.59106,0.0869781,0.0867211,0.0865111,0.99705,0.99463
i1y,hicp,0,8,0.0293302,1.81154,2.00000,0.103552,0.104877,0.105239,1.01280,1.01629
i1y,stoxx,0,8,0.0293302,1.61635,2.77763,0.0257068,0.0255597,0.0253584,0.99428,0.98645
ip,mps,1,8,0.0293302,1.00000,1.00000,10.7358,10.636,11.0222,0.99071,1.02668
ip,i1y,0,8,0.0293302,5.74714,16.33149,6.89739,6.64978,6.1327,0.96410,0.88913
ip,ip,0,8,0.0293302,2.67788,8.46020,0.542081,0.520435,0.461119,0.96007,0.85065
ip,hicp,0,8,0.0293302,4.76187,5.91590,1.50332,1.37081,1.30348,0.91186,0.86707
ip,stoxx,0,8,0.0293302,1.18088,0.25191,0.103687,0.103504,0.104077,0.99823,1.00375
hicp,mps,1,8,0.0293302,1.00000,1.00000,3.28243,3.04723,2.95568,0.92835,0.90045
hicp,i1y,0,8,0.0293302,4.73465,7.84695,0.997968,0.974753,0.947234,0.97674,0.94916
hicp,ip,0,8,0.0293302,2.70205,5.16046,0.140932,0.139219,0.136932,0.98784,0.97162
hicp,hicp,0,8,0.0293302,19.93968,22.00225,0.871517,0.271343,0.237824,0.31135,0.27289
hicp,stoxx,0,8,0.0293302,5.76271,7.62180,0.0247074,0.0226141,0.0218852,0.91527,0.88577
stoxx,mps,1,8,0.0293302,1.00000,1.00000,137.721,137.691,136.799,0.99978,0.99331
stoxx,i1y,0,8,0.0293302,2.33146,10.00253,26.2536,25.8916,24.0305,0.98621,0.91532
stoxx,ip,0,8,0.0293302,1.20658,5.48037,2.24077,2.21936,2.00447,0.99044,0.89454
stoxx,hicp,0,8,0.0293302,0.93210,0.51460,13.7002,13.6603,13.7229,0.99709,1.00166
stoxx,stoxx,0,8,0.0293302,1.02647,0.47893,0.39339,0.392488,0.393516,0.99771,1.00032
mps,mps,1,9,0.028381,1.00000,1.00000,0.218701,0.218733,0.218425,1.00014,0.99874
mps,i1y,0,9,0.028381,0.55098,0.09474,0.332904,0.332913,0.332923,1.00003,1.00006
mps,ip,0,9,0.028381,0.87983,0.13417,0.0126011,0.0125909,0.0126116,0.99919,1.00084
mps,hicp,0,9,0.028381,0.93449,0.15122,0.0319862,0.0319016,0.032098,0.99735,1.00349
mps,stoxx,0,9,0.028381,1.17248,0.12265,0.0061565,0.00614966,0.0061594,0.99889,1.00047
i1y,mps,1,9,0.028381,1.00000,1.00000,3.8264,3.79232,3.74752,0.99109,0.97939
i1y,i1y,0,9,0.028381,1.66689,0.51460,1.3029,1.298,1.30371,0.99624,1.00062
i1y,ip,0,9,0.028381,1.81344,1.64756,0.0916144,0.091065,0.0910544,0.99400,0.99389
i1y,hicp,0,9,0.028381,1.86097,2.80776,0.17675,0.175173,0.175001,0.99108,0.99011
i1y,stoxx,0,9,0.028381,2.35730,2.94636,0.0262959,0.0259229,0.0258654,0.98581,0.98363
ip,mps,1,9,0.028381,1.00000,1.00000,12.0327,12.032,12.188,0.99994,1.01291
ip,i1y,0,9,0.028381,14.23208,21.19705,10.8044,10.3856,10.1953,0.96124,0.94363
ip,ip,0,9,0.028381,8.04396,12.22460,0.529859,0.447198,0.398075,0.84399,0.75129
ip,hicp,0,9,0.028381,5.68515,7.13750,1.47192,1.28483,1.21674,0.87290,0.82664
ip,stoxx,0,9,0.028381,1.80869,0.25022,0.0926631,0.0908605,0.0931149,0.98055,1.00488
hicp,mps,1,9,0.028381,1.00000,1.00000,3.75876,3.49075,3.36408,0.92870,0.89500
hicp,i1y,0,9,0.028381,5.65352,11.47168,1.8467,1.83153,1.80487,0.99179,0.97735
hicp,ip,0,9,0.028381,5.46954,7.79833,0.130462,0.124626,0.12176,0.95527,0.93330
hicp,hicp,0,9,0.028381,18.57547,21.20616,0.783289,0.355874,0.32322,0.45433,0.41264
hicp,stoxx,0,9,0.028381,5.77382,9.69788,0.0273423,0.0253327,0.0237782,0.92650,0.86965
stoxx,mps,1,9,0.028381,1.00000,1.00000,153.718,153.581,151.44,0.99911,0.98518
stoxx,i1y,0,9,0.028381,2.80255,17.78703,30.8015,30.5023,27.9461,0.99028,0.90730
stoxx,ip,0,9,0.028381,1.65340,10.82802,2.73014,2.70606,2.204,0.99118,0.80729
stoxx,hicp,0,9,0.028381,1.17886,0.59163,13.6855,13.6068,13.697,0.99425,1.00084
stoxx,stoxx,0,9,0.028381,1.17164,0.53921,0.557601,0.556582,0.557779,0.99817,1.00032
mps,mps,1,10,0.0241941,1.00000,1.00000,0.153584,0.153548,0.153505,0.99976,0.99949
mps,i1y,0,10,0.0241941,0.95029,0.08842,0.207049,0.207033,0.207062,0.99992,1.00006
mps,ip,0,10,0.0241941,1.33654,0.12968,0.0130311,0.0130071,0.0130382,0.99816,1.00054
mps,hicp,0,10,0.0241941,1.04067,0.13908,0.0273782,0.0272925,0.0274616,0.99687,1.00305
mps,stoxx,0,10,0.0241941,1.38195,0.12667,0.00502734,0.00502203,0.00502913,0.99894,1.00036
i1y,mps,1,10,0.0241941,1.00000,1.00000,4.83694,4.79337,4.76252,0.99099,0.98461
i1y,i1y,0,10,0.0241941,3.03341,0.54652,1.22982,1.21886,1.23037,0.99109,1.00045
i1y,ip,0,10,0.0241941,2.89480,1.68756,0.0972372,0.0958941,0.0967254,0.98619,0.99474
i1y,hicp,0,10,0.0241941,3.22692,3.71896,0.272122,0.265758,0.266232,0.97661,0.97836
i1y,stoxx,0,10,0.0241941,3.14918,3.03909,0.0279271,0.027379,0.0275078,0.98037,0.98498
ip,mps,1,10,0.0241941,1.00000,1.00000,14.7506,14.5409,14.6424,0.98579,0.99267
ip,i1y,0,10,0.0241941,18.44708,28.22255,7.60041,6.99556,6.75504,0.92042,0.88877
ip,ip,0,10,0.0241941,12.66927,17.21379,0.58986,0.475953,0.435914,0.80689,0.73901
ip,hicp,0,10,0.0241941,7.57676,9.10662,1.9701,1.73628,1.67381,0.88131,0.84960
ip,stoxx,0,10,0.0241941,3.18579,0.24945,0.102569,0.0990627,0.10289,0.96581,1.00312
hicp,mps,1,10,0.0241941,1.00000,1.00000,3.9903,3.69347,3.59468,0.92561,0.90085
hicp,i1y,0,10,0.0241941,10.20742,17.44983,1.17189,1.13296,1.0952,0.96678,0.93456
hicp,ip,0,10,0.0241941,8.73121,11.97196,0.119991,0.109551,0.10527,0.91299,0.87731
hicp,hicp,0,10,0.0241941,22.87683,25.71725,0.79946,0.354167,0.319982,0.44301,0.40025
hicp,stoxx,0,10,0.0241941,7.66399,12.65823,0.0209785,0.0181352,0.0162673,0.86447,0.77543
stoxx,mps,1,10,0.0241941,1.00000,1.00000,164.306,164.427,161.44,1.00074,0.98255
stoxx,i1y,0,10,0.0241941,3.64197,26.05415,21.3077,20.9697,16.9616,0.98414,0.79603
stoxx,ip,0,10,0.0241941,1.04379,18.80000,3.01811,3.01235,2.28064,0.99809,0.75565
stoxx,hicp,0,10,0.0241941,1.13484,0.69184,15.1635,15.1209,15.1621,0.99719,0.99991
stoxx,stoxx,0,10,0.0241941,1.00840,0.62385,0.536738,0.536343,0.536862,0.99926,1.00023
mps,mps,1,11,0.0207737,1.00000,1.00000,0.178904,0.178767,0.17902,0.99923,1.00065
mps,i1y,0,11,0.0207737,0.95089,0.08449,0.288526,0.288524,0.288531,0.99999,1.00002
mps,ip,0,11,0.0207737,1.21257,0.13189,0.0105125,0.0105045,0.0105148,0.99924,1.00023
mps,hicp,0,11,0.0207737,1.41724,0.13135,0.0309485,0.0307698,0.0310148,0.99422,1.00214
mps,stoxx,0,11,0.0207737,1.69027,0.12637,0.00408807,0.00408431,0.00408884,0.99908,1.00019
i1y,mps,1,11,0.0207737,1.00000,1.00000,5.83903,5.80418,5.77072,0.99403,0.98830
i1y,i1y,0,11,0.0207737,1.42079,0.58539,1.28866,1.28673,1.28899,0.99850,1.00025
i1y,ip,0,11,0.0207737,1.37430,1.67286,0.111093,0.11099,0.11074,0.99908,0.99682
i1y,hicp,0,11,0.0207737,3.52985,4.94642,0.356595,0.34791,0.345453,0.97564,0.96875
i1y,stoxx,0,11,0.0207737,1.30073,3.09692,0.0321742,0.0320696,0.0318332,0.99675,0.98940
ip,mps,1,11,0.0207737,1.00000,1.00000,19.5282,19.0429,19.0044,0.97514,0.97317
ip,i1y,0,11,0.0207737,19.74929,38.71039,9.57998,9.10583,8.7003,0.95051,0.90818
ip,ip,0,11,0.0207737,12.89145,24.20114,0.756081,0.659189,0.583519,0.87185,0.77177
ip,hicp,0,11,0.0207737,9.38505,11.48294,1.90538,1.60258,1.51983,0.84108,0.79765
ip,stoxx,0,11,0.0207737,2.60478,0.24785,0.123334,0.121652,0.12353,0.98636,1.00159
hicp,mps,1,11,0.0207737,1.00000,1.00000,4.01231,3.72534,3.63328,0.92848,0.90553
hicp,i1y,0,11,0.0207737,16.73311,27.12316,1.31424,1.26246,1.22943,0.96060,0.93547
hicp,ip,0,11,0.0207737,17.37081,19.66546,0.118447,0.0978681,0.0942602,0.82626,0.79580
hicp,hicp,0,11,0.0207737,26.37326,29.07058,0.784509,0.366157,0.33182,0.46673,0.42297
hicp,stoxx,0,11,0.0207737,5.89979,16.60338,0.0242741,0.0230043,0.0207864,0.94769,0.85632
stoxx,mps,1,11,0.0207737,1.00000,1.00000,168.841,168.775,165.876,0.99961,0.98244
stoxx,i1y,0,11,0.0207737,1.14770,36.35234,28.7381,28.7096,25.3875,0.99901,0.88341
stoxx,ip,0,11,0.0207737,1.72056,28.38045,2.87203,2.86582,1.87353,0.99784,0.65234
stoxx,hicp,0,11,0.0207737,1.48985,0.85481,13.3593,13.2996,13.3487,0.99553,0.99921
stoxx,stoxx,0,11,0.0207737,0.78788,0.78975,0.334967,0.334679,0.334974,0.99914,1.00002
mps,mps,1,12,0.0169583,1.00000,1.00000,0.224539,0.224473,0.224623,0.99971,1.00037
mps,i1y,0,12,0.0169583,1.01678,0.08108,0.23106,0.231057,0.231063,0.99999,1.00001
mps,ip,0,12,0.0169583,1.74773,0.13228,0.0125169,0.0125067,0.0125184,0.99918,1.00012
mps,hicp,0,12,0.0169583,1.03282,0.12471,0.0305486,0.0304889,0.0305901,0.99805,1.00136
mps,stoxx,0,12,0.0169583,1.34921,0.12748,0.0042239,0.00422184,0.00422446,0.99951,1.00013
i1y,mps,1,12,0.0169583,1.00000,1.00000,6.71604,6.68209,6.66201,0.99494,0.99195
i1y,i1y,0,12,0.0169583,1.80445,0.62489,1.28081,1.27856,1.28098,0.99824,1.00013
i1y,ip,0,12,0.0169583,1.67736,1.68895,0.123307,0.123067,0.123105,0.99805,0.99836
i1y,hicp,0,12,0.0169583,4.39161,6.45951,0.438319,0.426262,0.420791,0.97249,0.96001
i1y,stoxx,0,12,0.0169583,4.44360,3.07920,0.0338061,0.0332716,0.0335606,0.98419,0.99274
ip,mps,1,12,0.0169583,1.00000,1.00000,19.9246,19.5014,19.3469,0.97876,0.97101
ip,i1y,0,12,0.0169583,1.11125,51.72405,7.33558,7.33189,6.06762,0.99950,0.82715
ip,ip,0,12,0.0169583,1.19403,33.52493,0.783202,0.782235,0.578224,0.99876,0.73828
ip,hicp,0,12,0.0169583,10.13625,15.10316,2.5586,2.28232,2.09938,0.89202,0.82052
ip,stoxx,0,12,0.0169583,1.49390,0.24978,0.116398,0.116265,0.116509,0.99886,1.00095
hicp,mps,1,12,0.0169583,1.00000,1.00000,3.94961,3.68578,3.64653,0.93320,0.92326
hicp,i1y,0,12,0.0169583,29.73818,41.00763,1.15118,1.05985,1.02826,0.92067,0.89323
hicp,ip,0,12,0.0169583,27.16286,27.04980,0.0923161,0.0645003,0.062742,0.69869,0.67964
hicp,hicp,0,12,0.0169583,30.51119,34.58573,0.627045,0.238469,0.2312,0.38031,0.36871
hicp,stoxx,0,12,0.0169583,13.82317,23.43223,0.0258539,0.0238042,0.0227339,0.92072,0.87932
stoxx,mps,1,12,0.0169583,1.00000,1.00000,178.752,178.482,176.163,0.99849,0.98552
stoxx,i1y,0,12,0.0169583,7.68363,50.69227,24.5464,23.9387,20.5024,0.97524,0.83525
stoxx,ip,0,12,0.0169583,5.17664,40.27964,3.16304,3.02442,2.07197,0.95617,0.65506
stoxx,hicp,0,12,0.0169583,1.05064,1.07727,14.0191,13.9979,14.0026,0.99849,0.99882
stoxx,stoxx,0,12,0.0169583,1.64879,1.05148,0.384514,0.383677,0.384309,0.99782,0.99947
mps,mps,1,13,0.0126178,1.00000,1.00000,0.218946,0.218921,0.218958,0.99989,1.00006
mps,i1y,0,13,0.0126178,1.24705,0.07864,0.171224,0.171216,0.171226,0.99995,1.00001
mps,ip,0,13,0.0126178,1.27269,0.12269,0.0143897,0.0143866,0.0143904,0.99978,1.00004
mps,hicp,0,13,0.0126178,1.30367,0.12090,0.0349257,0.0348924,0.0349386,0.99905,1.00037
mps,stoxx,0,13,0.0126178,2.49335,0.12736,0.00309377,0.00308956,0.00309404,0.99864,1.00009
i1y,mps,1,13,0.0126178,1.00000,1.00000,7.40031,7.38335,7.36905,0.99771,0.99578
i1y,i1y,0,13,0.0126178,1.34113,0.66636,1.24723,1.24671,1.24731,0.99958,1.00006
i1y,ip,0,13,0.0126178,2.54988,1.73265,0.139934,0.139898,0.139845,0.99975,0.99937
i1y,hicp,0,13,0.0126178,5.30368,8.62480,0.538901,0.526072,0.518618,0.97619,0.96236
i1y,stoxx,0,13,0.0126178,3.37192,2.94054,0.0357701,0.0354849,0.0356357,0.99203,0.99624
ip,mps,1,13,0.0126178,1.00000,1.00000,19.0485,18.7562,18.6364,0.98465,0.97837
ip,i1y,0,13,0.0126178,3.49879,68.21988,7.8176,7.79276,6.6689,0.99682,0.85306
ip,ip,0,13,0.0126178,1.90654,45.22867,0.866731,0.864903,0.676055,0.99789,0.78001
ip,hicp,0,13,0.0126178,16.62112,20.58222,3.08065,2.73997,2.63912,0.88941,0.85668
ip,stoxx,0,13,0.0126178,1.79759,0.25273,0.112465,0.112332,0.112519,0.99882,1.00048
hicp,mps,1,13,0.0126178,1.00000,1.00000,2.65944,2.47374,2.46219,0.93017,0.92583
hicp,i1y,0,13,0.0126178,54.07329,63.83217,1.98599,1.8737,1.85283,0.94346,0.93295
hicp,ip,0,13,0.0126178,4.44217,32.46378,0.104993,0.10305,0.0889895,0.98150,0.84758
hicp,hicp,0,13,0.0126178,44.73704,50.08034,0.692934,0.30873,0.25517,0.44554,0.36825
hicp,stoxx,0,13,0.0126178,41.57733,34.78439,0.030295,0.022179,0.0238213,0.73210,0.78631
stoxx,mps,1,13,0.0126178,1.00000,1.00000,185.681,185.35,183.876,0.99822,0.99028
stoxx,i1y,0,13,0.0126178,14.16112,69.39133,39.3211,38.772,36.7393,0.98603,0.93434
stoxx,ip,0,13,0.0126178,11.11910,59.46314,3.46011,3.25091,2.36958,0.93954,0.68483
stoxx,hicp,0,13,0.0126178,2.05605,1.38338,13.1187,13.0666,13.102,0.99603,0.99873
stoxx,stoxx,0,13,0.0126178,1.41803,1.37790,0.558212,0.557921,0.557929,0.99948,0.99949
mps,mps,1,14,0.0109015,1.00000,1.00000,0.252211,0.252179,0.252221,0.99987,1.00004
mps,i1y,0,14,0.0109015,1.50028,0.08146,0.177057,0.177053,0.177058,0.99998,1.00001
mps,ip,0,14,0.0109015,2.12709,0.11132,0.0163183,0.0163122,0.0163189,0.99962,1.00003
mps,hicp,0,14,0.0109015,1.57443,0.11759,0.0329144,0.0328601,0.0329238,0.99835,1.00029
mps,stoxx,0,14,0.0109015,1.85638,0.12505,0.00501243,0.00501009,0.00501266,0.99953,1.00005
i1y,mps,1,14,0.0109015,1.00000,1.00000,7.97686,7.9652,7.95016,0.99854,0.99665
i1y,i1y,0,14,0.0109015,1.24363,0.71795,1.32319,1.3229,1.32323,0.99978,1.00003
i1y,ip,0,14,0.0109015,1.23334,1.79991,0.142901,0.142878,0.142841,0.99984,0.99958
i1y,hicp,0,14,0.0109015,5.19505,10.82543,0.566575,0.555571,0.543071,0.98058,0.95852
i1y,stoxx,0,14,0.0109015,3.00377,2.78330,0.0374519,0.0372572,0.0373654,0.99480,0.99769
ip,mps,1,14,0.0109015,1.00000,1.00000,18.7796,18.4874,18.361,0.98445,0.97771
ip,i1y,0,14,0.0109015,27.67691,81.62972,6.74366,6.26592,5.3381,0.92916,0.79157
ip,ip,0,14,0.0109015,19.26952,56.54912,0.838334,0.759526,0.609373,0.90599,0.72689
ip,hicp,0,14,0.0109015,20.90382,25.46269,2.98261,2.61835,2.52573,0.87787,0.84682
ip,stoxx,0,14,0.0109015,2.73016,0.26032,0.128504,0.12775,0.128532,0.99413,1.00022
hicp,mps,1,14,0.0109015,1.00000,1.00000,3.15573,2.99459,2.98431,0.94894,0.94568
hicp,i1y,0,14,0.0109015,75.09929,88.81202,2.38833,2.28031,2.2627,0.95477,0.94740
hicp,ip,0,14,0.0109015,16.59479,41.46170,0.226631,0.219992,0.207879,0.97070,0.91726
hicp,hicp,0,14,0.0109015,82.17229,88.39827,1.29673,0.630121,0.569791,0.48593,0.43941
hicp,stoxx,0,14,0.0109015,49.82795,46.77266,0.0381751,0.0313744,0.0318323,0.82185,0.83385
stoxx,mps,1,14,0.0109015,1.00000,1.00000,185.855,185.484,184.021,0.99800,0.99013
stoxx,i1y,0,14,0.0109015,20.99836,88.93807,32.1147,31.2075,28.3624,0.97175,0.88316
stoxx,ip,0,14,0.0109015,16.15067,76.71702,3.90103,3.63673,2.67169,0.93225,0.68487
stoxx,hicp,0,14,0.0109015,1.22993,2.23791,11.4713,11.4627,11.4448,0.99925,0.99768
stoxx,stoxx,0,14,0.0109015,1.84843,1.53953,0.31862,0.318084,0.318212,0.99832,0.99872
mps,mps,1,15,0.0102145,1.00000,1.00000,0.243923,0.243907,0.243927,0.99994,1.00001
mps,i1y,0,15,0.0102145,1.66764,0.07752,0.181603,0.181598,0.181604,0.99998,1.00000
mps,ip,0,15,0.0102145,1.85387,0.10487,0.0170438,0.0170402,0.0170444,0.99979,1.00003
mps,hicp,0,15,0.0102145,1.62861,0.11459,0.0353498,0.0353195,0.0353558,0.99914,1.00017
mps,stoxx,0,15,0.0102145,1.87816,0.12103,0.00425351,0.00425199,0.00425369,0.99964,1.00004
i1y,mps,1,15,0.0102145,1.00000,1.00000,8.63885,8.62413,8.61377,0.99830,0.99710
i1y,i1y,0,15,0.0102145,2.81359,0.78606,1.55737,1.55613,1.55738,0.99921,1.00001
i1y,ip,0,15,0.0102145,2.67901,1.84945,0.14953,0.149421,0.149475,0.99927,0.99963
i1y,hicp,0,15,0.0102145,7.92095,12.72995,0.563269,0.546578,0.53679,0.97037,0.95299
i1y,stoxx,0,15,0.0102145,2.76985,2.63978,0.0341714,0.0339835,0.0340988,0.99450,0.99787
ip,mps,1,15,0.0102145,1.00000,1.00000,23.3796,23.1643,22.9456,0.99079,0.98144
ip,i1y,0,15,0.0102145,1.91688,95.97381,9.31201,9.30708,8.12086,0.99947,0.87208
ip,ip,0,15,0.0102145,2.19362,67.55218,1.01013,1.00873,0.741224,0.99861,0.73379
ip,hicp,0,15,0.0102145,21.23577,28.51351,2.97987,2.6578,2.53722,0.89192,0.85145
ip,stoxx,0,15,0.0102145,2.24707,0.26511,0.0813198,0.0811771,0.0813447,0.99825,1.00031
hicp,mps,1,15,0.0102145,1.00000,1.00000,3.46802,3.29636,3.29109,0.95050,0.94898
hicp,i1y,0,15,0.0102145,90.52002,107.53263,1.99045,1.87165,1.85386,0.94032,0.93138
hicp,ip,0,15,0.0102145,41.11245,53.60671,0.243128,0.22335,0.215573,0.91865,0.88666
hicp,hicp,0,15,0.0102145,92.25181,101.72975,1.11158,0.447578,0.407261,0.40265,0.36638
hicp,stoxx,0,15,0.0102145,52.62820,54.81394,0.0299157,0.0230375,0.0228018,0.77008,0.76220
stoxx,mps,1,15,0.0102145,1.00000,1.00000,175.227,173.425,173.178,0.98972,0.98831
stoxx,i1y,0,15,0.0102145,83.17775,106.41337,40.8182,38.1123,37.3812,0.93371,0.91580
stoxx,ip,0,15,0.0102145,75.17539,92.97764,4.37129,3.2493,3.01859,0.74333,0.69055
stoxx,hicp,0,15,0.0102145,1.18815,3.79273,10.7334,10.7259,10.6915,0.99930,0.99610
stoxx,stoxx,0,15,0.0102145,1.90029,1.64130,0.578426,0.57807,0.578223,0.99939,0.99965
mps,mps,1,16,0.00874402,1.00000,1.00000,0.220017,0.220009,0.220018,0.99996,1.00001
mps,i1y,0,16,0.00874402,1.83873,0.07677,0.274517,0.274513,0.274517,0.99999,1.00000
mps,ip,0,16,0.00874402,1.66764,0.09858,0.0185481,0.0185457,0.0185485,0.99987,1.00003
mps,hicp,0,16,0.00874402,2.18178,0.11827,0.0291159,0.0290573,0.0291206,0.99799,1.00016
mps,stoxx,0,16,0.00874402,2.21559,0.11845,0.00410193,0.00409938,0.00410207,0.99938,1.00003
i1y,mps,1,16,0.00874402,1.00000,1.00000,9.72471,9.71636,9.70564,0.99914,0.99804
i1y,i1y,0,16,0.00874402,2.14523,0.85025,1.54456,1.544,1.54456,0.99964,1.00000
i1y,ip,0,16,0.00874402,1.93934,1.89378,0.162637,0.162596,0.162589,0.99975,0.99971
i1y,hicp,0,16,0.00874402,6.37984,13.94962,0.495033,0.484612,0.471553,0.97895,0.95257
i1y,stoxx,0,16,0.00874402,3.95461,2.50895,0.0291118,0.0288447,0.0290568,0.99082,0.99811
ip,mps,1,16,0.00874402,1.00000,1.00000,28.3761,28.2065,28.0138,0.99403,0.98723
ip,i1y,0,16,0.00874402,2.17047,107.00913,8.51402,8.50998,7.44387,0.99953,0.87431
ip,ip,0,16,0.00874402,2.49931,76.93589,1.16496,1.16379,0.903204,0.99900,0.77531
ip,hicp,0,16,0.00874402,24.71758,30.28422,2.67194,2.40793,2.35883,0.90119,0.88281
ip,stoxx,0,16,0.00874402,2.05124,0.26842,0.0920314,0.0919361,0.0920512,0.99896,1.00022
hicp,mps,1,16,0.00874402,1.00000,1.00000,3.67761,3.51734,3.51526,0.95642,0.95585
hicp,i1y,0,16,0.00874402,124.51565,135.30101,1.78527,1.66427,1.65817,0.93222,0.92880
hicp,ip,0,16,0.00874402,62.12683,69.41777,0.207947,0.18234,0.178733,0.87686,0.85951
hicp,hicp,0,16,0.00874402,120.73373,124.92019,1.13697,0.437256,0.421579,0.38458,0.37079
hicp,stoxx,0,16,0.00874402,59.03762,62.03503,0.0303167,0.0241592,0.0238605,0.79690,0.78704
stoxx,mps,1,16,0.00874402,1.00000,1.00000,172.537,171.494,170.471,0.99395,0.98802
stoxx,i1y,0,16,0.00874402,61.11870,123.21522,47.5721,45.8996,44.3537,0.96484,0.93235
stoxx,ip,0,16,0.00874402,54.39960,116.97291,5.02881,4.27401,3.50843,0.84990,0.69767
stoxx,hicp,0,16,0.00874402,1.69738,6.07529,8.17701,8.1683,8.12793,0.99894,0.99400
stoxx,stoxx,0,16,0.00874402,2.89598,1.94573,0.552874,0.552217,0.55268,0.99881,0.99965
mps,mps,1,17,0.00984459,1.00000,1.00000,0.31346,0.313442,0.313466,0.99994,1.00002
mps,i1y,0,17,0.00984459,1.51404,0.07536,0.345328,0.345326,0.345329,0.99999,1.00000
mps,ip,0,17,0.00984459,2.03411,0.09289,0.0196165,0.019603,0.0196171,0.99932,1.00003
mps,hicp,0,17,0.00984459,1.97219,0.11543,0.0280909,0.0280348,0.0280971,0.99800,1.00022
mps,stoxx,0,17,0.00984459,1.60006,0.11701,0.00373653,0.00373514,0.00373668,0.99963,1.00004
i1y,mps,1,17,0.00984459,1.00000,1.00000,10.8447,10.8337,10.8188,0.99898,0.99761
i1y,i1y,0,17,0.00984459,2.18321,0.92547,1.23152,1.23095,1.23151,0.99954,0.99999
i1y,ip,0,17,0.00984459,2.56561,1.97936,0.182662,0.182302,0.182584,0.99803,0.99957
i1y,hicp,0,17,0.00984459,5.92519,14.52578,0.427132,0.416181,0.400454,0.97436,0.93754
i1y,stoxx,0,17,0.00984459,4.97465,2.40270,0.0321125,0.0317109,0.0320592,0.98749,0.99834
ip,mps,1,17,0.00984459,1.00000,1.00000,35.6399,35.4848,35.1375,0.99565,0.98590
ip,i1y,0,17,0.00984459,1.77598,108.43631,7.99901,7.99614,6.61201,0.99964,0.82660
ip,ip,0,17,0.00984459,2.49613,82.16020,1.26306,1.26124,0.953741,0.99856,0.75510
ip,hicp,0,17,0.00984459,16.66571,28.35156,2.05393,1.85505,1.74527,0.90317,0.84972
ip,stoxx,0,17,0.00984459,1.98128,0.26979,0.122077,0.12198,0.122097,0.99921,1.00017
hicp,mps,1,17,0.00984459,1.00000,1.00000,3.52364,3.30142,3.299,0.93694,0.93625
hicp,i1y,0,17,0.00984459,121.94258,143.31345,2.09362,1.95546,1.93633,0.93401,0.92487
hicp,ip,0,17,0.00984459,64.34117,75.10506,0.141713,0.111936,0.106799,0.78988,0.75363
hicp,hicp,0,17,0.00984459,109.35374,118.82848,1.05308,0.418548,0.392913,0.39745,0.37311
hicp,stoxx,0,17,0.00984459,52.26660,60.91678,0.025806,0.0196652,0.0189375,0.76204,0.73384
stoxx,mps,1,17,0.00984459,1.00000,1.00000,186.376,183.554,183.384,0.98486,0.98395
stoxx,i1y,0,17,0.00984459,102.66978,126.96024,34.6088,30.8521,29.9657,0.89145,0.86584
stoxx,ip,0,17,0.00984459,104.22147,122.43659,5.61906,4.03393,3.78676,0.71790,0.67391
stoxx,hicp,0,17,0.00984459,3.97035,9.84409,8.71199,8.66634,8.60442,0.99476,0.98765
stoxx,stoxx,0,17,0.00984459,3.08448,2.55636,0.526137,0.525398,0.525716,0.99859,0.99920
mps,mps,1,18,0.00913892,1.00000,1.00000,0.294057,0.294049,0.294059,0.99997,1.00001
mps,i1y,0,18,0.00913892,1.58243,0.07500,0.363574,0.363572,0.363574,1.00000,1.00000
mps,ip,0,18,0.00913892,2.16851,0.08965,0.0192019,0.0191961,0.0192025,0.99969,1.00003
mps,hicp,0,18,0.00913892,1.26923,0.11308,0.0258122,0.0257994,0.0258162,0.99950,1.00016
mps,stoxx,0,18,0.00913892,2.24342,0.11557,0.00390417,0.00390185,0.0039043,0.99941,1.00003
i1y,mps,1,18,0.00913892,1.00000,1.00000,12.1339,12.1226,12.1107,0.99907,0.99809
i1y,i1y,0,18,0.00913892,1.73976,1.00380,1.69389,1.69358,1.69388,0.99981,0.99999
i1y,ip,0,18,0.00913892,2.17196,2.04826,0.213539,0.2134,0.213454,0.99935,0.99960
i1y,hicp,0,18,0.00913892,7.83455,14.98084,0.39295,0.380884,0.370148,0.96929,0.94197
i1y,stoxx,0,18,0.00913892,2.16091,2.26409,0.0337183,0.0336339,0.0336831,0.99750,0.99896
ip,mps,1,18,0.00913892,1.00000,1.00000,45.3227,45.1592,44.8302,0.99639,0.98913
ip,i1y,0,18,0.00913892,4.22599,110.09813,8.03289,8.02143,6.75498,0.99857,0.84092
ip,ip,0,18,0.00913892,2.02054,89.12177,1.24673,1.24553,0.938816,0.99904,0.75302
ip,hicp,0,18,0.00913892,22.10425,27.06901,1.967,1.75039,1.745,0.88988,0.88714
ip,stoxx,0,18,0.00913892,1.99174,0.27287,0.0965766,0.0964491,0.0966026,0.99868,1.00027
hicp,mps,1,18,0.00913892,1.00000,1.00000,3.28703,3.05156,3.04975,0.92837,0.92782
hicp,i1y,0,18,0.00913892,148.41731,174.40667,1.20548,0.906109,0.871122,0.75166,0.72264
hicp,ip,0,18,0.00913892,84.96273,89.57498,0.116192,0.0823307,0.0804602,0.70858,0.69248
hicp,hicp,0,18,0.00913892,121.55407,132.27991,0.969397,0.324618,0.297923,0.33487,0.30733
hicp,stoxx,0,18,0.00913892,56.86960,62.26263,0.0195447,0.0123814,0.0118199,0.63349,0.60476
stoxx,mps,1,18,0.00913892,1.00000,1.00000,203.76,201.468,200.642,0.98875,0.98470
stoxx,i1y,0,18,0.00913892,85.79449,129.13843,42.5462,40.2565,39.1751,0.94618,0.92077
stoxx,ip,0,18,0.00913892,91.53545,135.71933,5.61197,4.27456,3.68277,0.76169,0.65624
stoxx,hicp,0,18,0.00913892,5.48375,15.97808,6.25908,6.16449,5.99687,0.98489,0.95811
stoxx,stoxx,0,18,0.00913892,2.49555,3.43976,0.48095,0.480391,0.480547,0.99884,0.99916
mps,mps,1,19,0.00871374,1.00000,1.00000,0.344894,0.344887,0.344895,0.99998,1.00000
mps,i1y,0,19,0.00871374,1.74799,0.07549,0.376752,0.376752,0.376753,1.00000,1.00000
mps,ip,0,19,0.00871374,1.12575,0.08426,0.024495,0.0244934,0.0244955,0.99994,1.00002
mps,hicp,0,19,0.00871374,1.50078,0.11146,0.0248278,0.0247908,0.0248315,0.99851,1.00015
mps,stoxx,0,19,0.00871374,2.66927,0.11468,0.00479582,0.0047918,0.00479591,0.99916,1.00002
i1y,mps,1,19,0.00871374,1.00000,1.00000,13.5436,13.5364,13.5252,0.99947,0.99864
i1y,i1y,0,19,0.00871374,1.72817,1.09849,1.58839,1.58824,1.58838,0.99991,0.99999
i1y,ip,0,19,0.00871374,1.83413,2.16291,0.241434,0.241317,0.241326,0.99952,0.99955
i1y,hicp,0,19,0.00871374,6.30528,14.55588,0.360145,0.351614,0.34052,0.97631,0.94551
i1y,stoxx,0,19,0.00871374,2.05009,2.19564,0.0285115,0.0284276,0.02848,0.99706,0.99890
ip,mps,1,19,0.00871374,1.00000,1.00000,52.2896,52.2425,51.8424,0.99910,0.99145
ip,i1y,0,19,0.00871374,2.53948,114.33653,9.92619,9.9226,9.02422,0.99964,0.90913
ip,ip,0,19,0.00871374,2.20164,95.89258,1.25659,1.25568,0.949164,0.99927,0.75535
ip,hicp,0,19,0.00871374,7.55054,24.99141,1.29147,1.22907,1.13373,0.95169,0.87786
ip,stoxx,0,19,0.00871374,1.85544,0.27828,0.0996622,0.0995475,0.0996918,0.99885,1.00030
hicp,mps,1,19,0.00871374,1.00000,1.00000,2.91207,2.67836,2.67723,0.91975,0.91936
hicp,i1y,0,19,0.00871374,176.10328,210.97359,2.7634,2.51288,2.46761,0.90934,0.89296
hicp,ip,0,19,0.00871374,98.43646,110.00264,0.165618,0.134928,0.130629,0.81469,0.78874
hicp,hicp,0,19,0.00871374,149.89857,161.01179,1.22048,0.429727,0.400031,0.35210,0.32777
hicp,stoxx,0,19,0.00871374,61.37322,62.11811,0.0297628,0.0246325,0.0244757,0.82763,0.82236
stoxx,mps,1,19,0.00871374,1.00000,1.00000,208.421,206.461,205.436,0.99060,0.98568
stoxx,i1y,0,19,0.00871374,73.75244,131.16046,41.8019,40.0702,38.8085,0.95857,0.92839
stoxx,ip,0,19,0.00871374,91.10128,149.95945,4.95142,3.70966,2.96911,0.74921,0.59965
stoxx,hicp,0,19,0.00871374,10.50907,21.62261,4.74587,4.46548,4.18657,0.94092,0.88215
stoxx,stoxx,0,19,0.00871374,3.26447,4.83043,0.451367,0.45085,0.450478,0.99885,0.99803
mps,mps,1,20,0.00772001,1.00000,1.00000,0.286132,0.286134,0.286132,1.00001,1.00000
mps,i1y,0,20,0.00772001,2.14171,0.07259,0.231736,0.231733,0.231737,0.99999,1.00000
mps,ip,0,20,0.00772001,2.85644,0.08005,0.0210662,0.0210518,0.0210666,0.99931,1.00002
mps,hicp,0,20,0.00772001,2.33360,0.10978,0.0248277,0.0247899,0.0248305,0.99848,1.00011
mps,stoxx,0,20,0.00772001,2.27490,0.11422,0.00444708,0.00444558,0.00444716,0.99966,1.00002
i1y,mps,1,20,0.00772001,1.00000,1.00000,14.9076,14.901,14.8959,0.99956,0.99922
i1y,i1y,0,20,0.00772001,2.43205,1.16112,1.33782,1.33759,1.33781,0.99983,0.99999
i1y,ip,0,20,0.00772001,1.71845,2.28974,0.258422,0.258293,0.258304,0.99950,0.99954
i1y,hicp,0,20,0.00772001,8.41873,13.50450,0.366221,0.35682,0.353123,0.97433,0.96423
i1y,stoxx,0,20,0.00772001,1.82284,2.11547,0.0303638,0.0303082,0.0303446,0.99817,0.99937
ip,mps,1,20,0.00772001,1.00000,1.00000,60.4444,60.4187,60.0816,0.99957,0.99400
ip,i1y,0,20,0.00772001,1.90168,115.44708,5.563,5.56001,4.32525,0.99946,0.77750
ip,ip,0,20,0.00772001,1.74956,103.45132,1.36945,1.36876,1.07173,0.99950,0.78260
ip,hicp,0,20,0.00772001,6.32199,21.74822,1.55703,1.53374,1.48803,0.98504,0.95568
ip,stoxx,0,20,0.00772001,1.76482,0.27766,0.138448,0.13835,0.138466,0.99929,1.00013
hicp,mps,1,20,0.00772001,1.00000,1.00000,3.11407,2.97766,2.97802,0.95620,0.95631
hicp,i1y,0,20,0.00772001,217.81279,244.48680,2.07455,1.68759,1.63692,0.81347,0.78904
hicp,ip,0,20,0.00772001,138.33363,149.53203,0.224412,0.173358,0.168513,0.77250,0.75091
hicp,hicp,0,20,0.00772001,175.62901,181.62577,1.05624,0.30044,0.285166,0.28444,0.26998
hicp,stoxx,0,20,0.00772001,50.83337,54.91367,0.0269946,0.0227443,0.0223749,0.84255,0.82887
stoxx,mps,1,20,0.00772001,1.00000,1.00000,210.843,209.01,208.368,0.99131,0.98826
stoxx,i1y,0,20,0.00772001,87.81693,126.78866,38.264,36.8493,36.3004,0.96303,0.94868
stoxx,ip,0,20,0.00772001,121.38872,156.55549,4.54877,3.25517,2.83541,0.71562,0.62334
stoxx,hicp,0,20,0.00772001,20.57107,28.52704,5.32883,4.75627,4.55464,0.89255,0.85472
stoxx,stoxx,0,20,0.00772001,7.37268,6.23876,0.544474,0.543805,0.542811,0.99877,0.99695
mps,mps,1,21,0.00895702,1.00000,1.00000,0.285345,0.285347,0.285345,1.00001,1.00000
mps,i1y,0,21,0.00895702,1.47902,0.06710,0.146066,0.146063,0.146067,0.99998,1.00000
mps,ip,0,21,0.00895702,1.39830,0.07918,0.0196848,0.0196827,0.0196854,0.99989,1.00003
mps,hicp,0,21,0.00895702,1.64935,0.10551,0.0317859,0.0317638,0.0317889,0.99930,1.00009
mps,stoxx,0,21,0.00895702,1.75797,0.11217,0.00492549,0.00492478,0.00492559,0.99986,1.00002
i1y,mps,1,21,0.00895702,1.00000,1.00000,16.2104,16.2046,16.1971,0.99964,0.99918
i1y,i1y,0,21,0.00895702,3.37299,1.25961,1.53104,1.53074,1.53104,0.99980,0.99999
i1y,ip,0,21,0.00895702,2.60894,2.42144,0.273725,0.273281,0.273516,0.99838,0.99924
i1y,hicp,0,21,0.00895702,4.70868,11.07434,0.405343,0.401005,0.396039,0.98930,0.97705
i1y,stoxx,0,21,0.00895702,2.25050,2.07056,0.0305284,0.0304596,0.0305076,0.99775,0.99932
ip,mps,1,21,0.00895702,1.00000,1.00000,67.8375,67.812,67.3315,0.99962,0.99254
ip,i1y,0,21,0.00895702,3.58118,107.08235,9.62526,9.61997,8.92827,0.99945,0.92759
ip,ip,0,21,0.00895702,2.26756,96.75442,1.29592,1.29474,0.96752,0.99909,0.74659
ip,hicp,0,21,0.00895702,3.27701,17.16124,1.23005,1.2215,1.16578,0.99305,0.94775
ip,stoxx,0,21,0.00895702,2.82045,0.27716,0.0841583,0.083791,0.0841992,0.99564,1.00049
hicp,mps,1,21,0.00895702,1.00000,1.00000,3.82636,3.71796,3.7297,0.97167,0.97474
hicp,i1y,0,21,0.00895702,184.45425,259.64711,1.99338,1.64044,1.48773,0.82294,0.74633
hicp,ip,0,21,0.00895702,153.06478,169.77856,0.235204,0.154461,0.144519,0.65671,0.61444
hicp,hicp,0,21,0.00895702,145.16752,162.92183,1.03246,0.375521,0.295518,0.36372,0.28623
hicp,stoxx,0,21,0.00895702,3.57976,41.94489,0.030953,0.0307397,0.0277768,0.99311,0.89738
stoxx,mps,1,21,0.00895702,1.00000,1.00000,217.099,213.884,213.797,0.98519,0.98479
stoxx,i1y,0,21,0.00895702,96.90569,115.08987,31.524,30.0827,29.8171,0.95428,0.94585
stoxx,ip,0,21,0.00895702,125.69376,146.78618,3.8623,2.30357,2.16268,0.59642,0.55995
stoxx,hicp,0,21,0.00895702,28.95201,30.13403,5.36464,4.25838,4.18206,0.79379,0.77956
stoxx,stoxx,0,21,0.00895702,1.64661,7.91307,0.48847,0.488353,0.484881,0.99976,0.99265
mps,mps,1,22,0.00840242,1.00000,1.00000,0.299271,0.299275,0.29927,1.00001,1.00000
mps,i1y,0,22,0.00840242,1.93866,0.06295,0.140842,0.14084,0.140842,0.99998,1.00000
mps,ip,0,22,0.00840242,2.63506,0.07607,0.0203932,0.0203751,0.0203937,0.99911,1.00002
mps,hicp,0,22,0.00840242,1.47148,0.10332,0.0426123,0.0425986,0.042615,0.99968,1.00006
mps,stoxx,0,22,0.00840242,1.79794,0.11155,0.00466477,0.00466399,0.00466485,0.99983,1.00002
i1y,mps,1,22,0.00840242,1.00000,1.00000,17.563,17.5585,17.5548,0.99974,0.99954
i1y,i1y,0,22,0.00840242,2.58918,1.34297,1.5283,1.52816,1.52829,0.99991,0.99999
i1y,ip,0,22,0.00840242,1.25791,2.57532,0.298983,0.298905,0.29876,0.99974,0.99925
i1y,hicp,0,22,0.00840242,4.87021,8.76914,0.389499,0.386571,0.384708,0.99248,0.98770
i1y,stoxx,0,22,0.00840242,2.00309,2.00653,0.0272643,0.027219,0.0272472,0.99834,0.99937
ip,mps,1,22,0.00840242,1.00000,1.00000,73.0697,72.8708,72.5997,0.99728,0.99357
ip,i1y,0,22,0.00840242,39.07038,101.25425,6.11873,5.7722,5.21585,0.94337,0.85244
ip,ip,0,22,0.00840242,39.12987,98.92901,1.37126,1.24755,1.04833,0.90979,0.76450
ip,hicp,0,22,0.00840242,3.24197,12.95302,1.51656,1.50932,1.48737,0.99523,0.98075
ip,stoxx,0,22,0.00840242,1.67489,0.28321,0.139551,0.139431,0.139574,0.99914,1.00017
hicp,mps,1,22,0.00840242,1.00000,1.00000,4.89647,4.82221,4.82888,0.98483,0.98620
hicp,i1y,0,22,0.00840242,225.65793,267.87608,2.25351,1.96313,1.90789,0.87114,0.84663
hicp,ip,0,22,0.00840242,189.04017,196.07206,0.218714,0.109356,0.105894,0.50000,0.48417
hicp,hicp,0,22,0.00840242,162.54041,171.78086,1.05875,0.358782,0.321913,0.33887,0.30405
hicp,stoxx,0,22,0.00840242,2.29705,28.96867,0.0262886,0.0262252,0.0248061,0.99759,0.94361
stoxx,mps,1,22,0.00840242,1.00000,1.00000,229.199,226.191,226.163,0.98687,0.98675
stoxx,i1y,0,22,0.00840242,104.12902,118.53845,27.6315,26.334,26.1935,0.95304,0.94796
stoxx,ip,0,22,0.00840242,136.68884,146.96637,3.53188,2.13057,2.05616,0.60324,0.58217
stoxx,hicp,0,22,0.00840242,31.96036,34.57795,5.4052,4.27002,4.17831,0.78999,0.77302
stoxx,stoxx,0,22,0.00840242,3.47655,9.69284,0.559749,0.559384,0.555846,0.99935,0.99303
mps,mps,1,23,0.00817244,1.00000,1.00000,0.297994,0.29798,0.297995,0.99995,1.00000
mps,i1y,0,23,0.00817244,3.93221,0.06043,0.163112,0.163104,0.163112,0.99995,1.00000
mps,ip,0,23,0.00817244,1.83985,0.07241,0.0200203,0.0200163,0.0200207,0.99980,1.00002
mps,hicp,0,23,0.00817244,1.86906,0.09913,0.0374619,0.0374158,0.0374654,0.99877,1.00009
mps,stoxx,0,23,0.00817244,1.95025,0.10611,0.00473995,0.00473925,0.00474001,0.99985,1.00001
i1y,mps,1,23,0.00817244,1.00000,1.00000,18.7656,18.7629,18.7605,0.99986,0.99973
i1y,i1y,0,23,0.00817244,4.16762,1.42656,1.48322,1.48278,1.48321,0.99970,0.99999
i1y,ip,0,23,0.00817244,2.51609,2.77298,0.321376,0.320903,0.321118,0.99853,0.99920
i1y,hicp,0,23,0.00817244,2.23023,6.69621,0.376907,0.37623,0.374499,0.99820,0.99361
i1y,stoxx,0,23,0.00817244,1.32186,1.91741,0.0285256,0.0285128,0.0285126,0.99955,0.99955
ip,mps,1,23,0.00817244,1.00000,1.00000,75.5299,75.4623,75.0695,0.99911,0.99390
ip,i1y,0,23,0.00817244,12.32158,95.37300,8.53527,8.4691,7.95969,0.99225,0.93257
ip,ip,0,23,0.00817244,13.27725,96.73725,1.42719,1.39243,1.12358,0.97565,0.78727
ip,hicp,0,23,0.00817244,1.60527,9.23000,1.1648,1.16421,1.14303,0.99949,0.98131
ip,stoxx,0,23,0.00817244,1.83410,0.28149,0.122225,0.12207,0.122249,0.99873,1.00020
hicp,mps,1,23,0.00817244,1.00000,1.00000,5.978,5.94073,5.94275,0.99376,0.99410
hicp,i1y,0,23,0.00817244,229.71046,271.31078,1.70558,1.39981,1.36756,0.82072,0.80181
hicp,ip,0,23,0.00817244,215.66473,231.21888,0.228304,0.0994881,0.0930814,0.43577,0.40771
hicp,hicp,0,23,0.00817244,164.26625,172.35975,1.0878,0.416502,0.389792,0.38288,0.35833
hicp,stoxx,0,23,0.00817244,3.90582,19.93842,0.0234297,0.0233415,0.0228758,0.99624,0.97636
stoxx,mps,1,23,0.00817244,1.00000,1.00000,233.131,230.188,230.173,0.98738,0.98731
stoxx,i1y,0,23,0.00817244,104.58931,116.40904,19.9922,18.7382,18.6826,0.93728,0.93450
stoxx,ip,0,23,0.00817244,137.97653,150.78157,3.29537,2.01221,1.96396,0.61062,0.59597
stoxx,hicp,0,23,0.00817244,32.66260,35.96740,5.64236,4.44127,4.31742,0.78713,0.76518
stoxx,stoxx,0,23,0.00817244,7.51414,11.72180,0.459446,0.456351,0.45436,0.99326,0.98893
mps,mps,1,24,0.00842244,1.00000,1.00000,0.309313,0.30931,0.309313,0.99999,1.00000
mps,i1y,0,24,0.00842244,2.05503,0.05702,0.158961,0.158959,0.158961,0.99999,1.00000
mps,ip,0,24,0.00842244,1.99865,0.07113,0.0225895,0.0225799,0.0225899,0.99958,1.00002
mps,hicp,0,24,0.00842244,2.39352,0.09923,0.0349439,0.0349003,0.0349473,0.99875,1.00010
mps,stoxx,0,24,0.00842244,2.34188,0.10338,0.00443877,0.00443779,0.00443883,0.99978,1.00001
i1y,mps,1,24,0.00842244,1.00000,1.00000,19.6558,19.6519,19.6521,0.99980,0.99981
i1y,i1y,0,24,0.00842244,3.44354,1.47639,1.46011,1.46007,1.46009,0.99997,0.99999
i1y,ip,0,24,0.00842244,2.60499,3.00141,0.342363,0.341905,0.342025,0.99866,0.99901
i1y,hicp,0,24,0.00842244,4.19050,5.17008,0.343684,0.343038,0.342378,0.99812,0.99620
i1y,stoxx,0,24,0.00842244,1.12403,1.83985,0.0304623,0.0304521,0.0304518,0.99966,0.99965
ip,mps,1,24,0.00842244,1.00000,1.00000,77.5206,77.3738,77.0594,0.99811,0.99405
ip,i1y,0,24,0.00842244,28.51183,86.48645,6.85995,6.67994,6.23666,0.97376,0.90914
ip,ip,0,24,0.00842244,24.61211,88.18668,1.42546,1.34981,1.14809,0.94693,0.80542
ip,hicp,0,24,0.00842244,2.16967,6.37479,1.50668,1.50659,1.49813,0.99994,0.99432
ip,stoxx,0,24,0.00842244,1.93166,0.28001,0.117283,0.116979,0.11731,0.99741,1.00023
hicp,mps,1,24,0.00842244,1.00000,1.00000,7.32162,7.28584,7.28668,0.99511,0.99523
hicp,i1y,0,24,0.00842244,244.24209,263.36034,1.72193,1.40647,1.39112,0.81680,0.80789
hicp,ip,0,24,0.00842244,227.86340,241.19586,0.234756,0.086416,0.0819011,0.36811,0.34888
hicp,hicp,0,24,0.00842244,135.79073,147.56235,0.701736,0.108563,0.100846,0.15471,0.14371
hicp,stoxx,0,24,0.00842244,2.39445,13.92855,0.0165201,0.0165029,0.0163169,0.99896,0.98770
stoxx,mps,1,24,0.00842244,1.00000,1.00000,222.22,219.298,219.324,0.98685,0.98696
stoxx,i1y,0,24,0.00842244,105.91667,115.42129,37.7416,36.9184,36.8512,0.97819,0.97641
stoxx,ip,0,24,0.00842244,128.87046,142.33767,3.29797,2.20594,2.16368,0.66888,0.65607
stoxx,hicp,0,24,0.00842244,34.90278,35.05938,7.05951,5.93075,5.90116,0.84011,0.83592
stoxx,stoxx,0,24,0.00842244,6.60314,16.18891,0.49529,0.491168,0.483826,0.99168,0.97686
mps,mps,1,25,0.0079032,1.00000,1.00000,0.329762,0.329758,0.329763,0.99999,1.00000
mps,i1y,0,25,0.0079032,1.87207,0.05443,0.240847,0.240845,0.240847,0.99999,1.00000
mps,ip,0,25,0.0079032,1.80558,0.06982,0.0215805,0.0215745,0.0215808,0.99972,1.00002
mps,hicp,0,25,0.0079032,1.57201,0.09995,0.0356879,0.0356718,0.0356902,0.99955,1.00006
mps,stoxx,0,25,0.0079032,2.22450,0.10002,0.00532208,0.00532154,0.00532211,0.99990,1.00001
i1y,mps,1,25,0.0079032,1.00000,1.00000,20.1224,20.1204,20.1206,0.99990,0.99991
i1y,i1y,0,25,0.0079032,1.14499,1.54961,1.70036,1.70036,1.70035,1.00000,0.99999
i1y,ip,0,25,0.0079032,2.63612,3.19293,0.361026,0.360401,0.360688,0.99827,0.99906
i1y,hicp,0,25,0.0079032,2.81144,3.82921,0.33114,0.330901,0.330483,0.99928,0.99802
i1y,stoxx,0,25,0.0079032,2.20237,1.75513,0.0306632,0.0306261,0.0306556,0.99879,0.99975
ip,mps,1,25,0.0079032,1.00000,1.00000,75.4048,75.218,75.0284,0.99752,0.99501
ip,i1y,0,25,0.0079032,34.03186,71.07070,11.028,10.8935,10.7353,0.98780,0.97345
ip,ip,0,25,0.0079032,37.30219,78.44145,1.44919,1.35211,1.2398,0.93301,0.85551
ip,hicp,0,25,0.0079032,1.79461,4.10585,1.78274,1.78258,1.78037,0.99991,0.99867
ip,stoxx,0,25,0.0079032,2.45172,0.27847,0.177262,0.176868,0.177276,0.99778,1.00008
hicp,mps,1,25,0.0079032,1.00000,1.00000,8.47345,8.44106,8.43536,0.99618,0.99550
hicp,i1y,0,25,0.0079032,216.59169,251.75309,1.79214,1.45014,1.40133,0.80917,0.78193
hicp,ip,0,25,0.0079032,179.90947,230.05880,0.265299,0.168067,0.150238,0.63350,0.56630
hicp,hicp,0,25,0.0079032,139.52203,156.04976,0.826538,0.279096,0.255723,0.33767,0.30939
hicp,stoxx,0,25,0.0079032,23.86453,9.96582,0.0263943,0.0244495,0.026221,0.92631,0.99343
stoxx,mps,1,25,0.0079032,1.00000,1.00000,208.75,206.22,206.349,0.98788,0.98850
stoxx,i1y,0,25,0.0079032,118.19177,115.41436,35.0947,34.1287,34.1561,0.97248,0.97326
stoxx,ip,0,25,0.0079032,139.15490,141.08205,3.49245,2.39588,2.39666,0.68602,0.68624
stoxx,hicp,0,25,0.0079032,38.95642,35.76783,7.49523,6.55789,6.62008,0.87494,0.88324
stoxx,stoxx,0,25,0.0079032,4.56187,20.61458,0.478897,0.475468,0.460641,0.99284,0.96188
mps,mps,1,26,0.0097378,1.00000,1.00000,0.361535,0.361532,0.361536,0.99999,1.00000
mps,i1y,0,26,0.0097378,1.80786,0.04966,0.315921,0.31592,0.315921,1.00000,1.00000
mps,ip,0,26,0.0097378,1.31397,0.07207,0.0234721,0.0234681,0.0234727,0.99983,1.00003
mps,hicp,0,26,0.0097378,1.57183,0.09011,0.0398601,0.039843,0.0398647,0.99957,1.00012
mps,stoxx,0,26,0.0097378,1.72311,0.09368,0.00618314,0.00618257,0.00618319,0.99991,1.00001
i1y,mps,1,26,0.0097378,1.00000,1.00000,19.8498,19.8475,19.8471,0.99989,0.99987
i1y,i1y,0,26,0.0097378,1.68950,1.62914,1.78041,1.78044,1.78039,1.00002,0.99998
i1y,ip,0,26,0.0097378,1.76248,3.38370,0.373392,0.373086,0.372818,0.99918,0.99846
i1y,hicp,0,26,0.0097378,2.12971,2.72344,0.303124,0.303449,0.302749,1.00107,0.99876
i1y,stoxx,0,26,0.0097378,2.23973,1.69596,0.0309331,0.0308863,0.0309238,0.99849,0.99970
ip,mps,1,26,0.0097378,1.00000,1.00000,70.9168,70.1669,70.3946,0.98943,0.99264
ip,i1y,0,26,0.0097378,73.03452,51.48651,9.95944,9.59292,9.69213,0.96320,0.97316
ip,ip,0,26,0.0097378,85.53815,58.18645,1.44092,1.20391,1.27273,0.83551,0.88327
ip,hicp,0,26,0.0097378,2.36719,2.67855,2.12544,2.12304,2.12455,0.99887,0.99958
ip,stoxx,0,26,0.0097378,2.16994,0.28165,0.125957,0.125544,0.125983,0.99672,1.00020
hicp,mps,1,26,0.0097378,1.00000,1.00000,8.51288,8.45753,8.45717,0.99350,0.99346
hicp,i1y,0,26,0.0097378,197.12606,213.76696,1.94188,1.63496,1.61133,0.84195,0.82978
hicp,ip,0,26,0.0097378,195.65460,201.22852,0.319637,0.187966,0.184649,0.58806,0.57768
hicp,hicp,0,26,0.0097378,176.72772,176.46038,1.3281,0.37774,0.375079,0.28442,0.28242
hicp,stoxx,0,26,0.0097378,2.08417,6.36624,0.0264765,0.0264314,0.0263642,0.99829,0.99576
stoxx,mps,1,26,0.0097378,1.00000,1.00000,190.801,187.775,187.638,0.98414,0.98342
stoxx,i1y,0,26,0.0097378,87.64136,95.78843,20.5045,19.2364,19.1593,0.93816,0.93439
stoxx,ip,0,26,0.0097378,113.21387,116.12328,3.14353,2.01319,1.98663,0.64042,0.63197
stoxx,hicp,0,26,0.0097378,21.07720,26.52725,6.21364,5.78286,5.64169,0.93067,0.90795
stoxx,stoxx,0,26,0.0097378,28.63935,21.47666,0.394076,0.361919,0.369363,0.91840,0.93729
mps,mps,1,27,0.0138085,1.00000,1.00000,0.355404,0.355357,0.355407,0.99987,1.00001
mps,i1y,0,27,0.0138085,3.43171,0.04716,0.326665,0.326636,0.326666,0.99991,1.00000
mps,ip,0,27,0.0138085,2.03572,0.06875,0.0175583,0.0175534,0.0175589,0.99972,1.00003
mps,hicp,0,27,0.0138085,2.06590,0.07827,0.0441433,0.0440453,0.0441529,0.99778,1.00022
mps,stoxx,0,27,0.0138085,1.73554,0.09043,0.00556205,0.00556145,0.00556214,0.99989,1.00002
i1y,mps,1,27,0.0138085,1.00000,1.00000,18.9683,18.9333,18.96,0.99815,0.99956
i1y,i1y,0,27,0.0138085,3.02656,1.74446,1.85028,1.84751,1.8502,0.99850,0.99996
i1y,ip,0,27,0.0138085,10.24590,3.61868,0.371382,0.362604,0.370079,0.97636,0.99649
i1y,hicp,0,27,0.0138085,2.50788,1.94292,0.330248,0.329723,0.330022,0.99841,0.99932
i1y,stoxx,0,27,0.0138085,3.83791,1.62257,0.0347222,0.0343591,0.0347096,0.98954,0.99964
ip,mps,1,27,0.0138085,1.00000,1.00000,63.9999,62.5848,63.0399,0.97789,0.98500
ip,i1y,0,27,0.0138085,51.68428,36.28569,9.0409,8.66239,8.77284,0.95813,0.97035
ip,ip,0,27,0.0138085,60.80129,38.76276,1.38061,1.14841,1.2269,0.83181,0.88867
ip,hicp,0,27,0.0138085,1.80356,1.65253,2.28314,2.28048,2.28248,0.99884,0.99971
ip,stoxx,0,27,0.0138085,1.53069,0.29203,0.124333,0.124114,0.124372,0.99823,1.00031
hicp,mps,1,27,0.0138085,1.00000,1.00000,8.66182,8.56934,8.56472,0.98932,0.98879
hicp,i1y,0,27,0.0138085,132.13932,148.13187,2.00251,1.74833,1.72101,0.87307,0.85943
hicp,ip,0,27,0.0138085,138.14172,150.24719,0.339909,0.20106,0.192139,0.59151,0.56527
hicp,hicp,0,27,0.0138085,118.78264,126.82996,1.25443,0.40399,0.374727,0.32205,0.29872
hicp,stoxx,0,27,0.0138085,2.37706,3.70932,0.0278933,0.0278541,0.0278359,0.99859,0.99794
stoxx,mps,1,27,0.0138085,1.00000,1.00000,156.836,152.318,151.715,0.97120,0.96735
stoxx,i1y,0,27,0.0138085,66.27211,70.28895,47.9926,47.346,47.3128,0.98653,0.98584
stoxx,ip,0,27,0.0138085,79.63766,81.73192,2.98964,1.94299,1.90423,0.64991,0.63694
stoxx,hicp,0,27,0.0138085,12.03152,18.73132,5.86488,5.50111,5.17897,0.93797,0.88305
stoxx,stoxx,0,27,0.0138085,32.15023,17.83612,0.544123,0.509633,0.523432,0.93661,0.96197
mps,mps,1,28,0.0137481,1.00000,1.00000,0.241144,0.241164,0.241141,1.00008,0.99999
mps,i1y,0,28,0.0137481,1.52196,0.04518,0.299393,0.299389,0.299394,0.99998,1.00000
mps,ip,0,28,0.0137481,1.87548,0.06436,0.0179284,0.0179215,0.017929,0.99962,1.00004
mps,hicp,0,28,0.0137481,1.85249,0.06942,0.0441552,0.0440768,0.0441644,0.99822,1.00021
mps,stoxx,0,28,0.0137481,1.67329,0.08525,0.00451577,0.0045152,0.00451583,0.99987,1.00001
i1y,mps,1,28,0.0137481,1.00000,1.00000,17.8652,17.7793,17.8561,0.99519,0.99949
i1y,i1y,0,28,0.0137481,13.02717,1.85496,1.64329,1.62433,1.64316,0.98846,0.99992
i1y,ip,0,28,0.0137481,19.87640,3.82229,0.355223,0.334988,0.353754,0.94304,0.99586
i1y,hicp,0,28,0.0137481,2.10447,1.36788,0.388603,0.38773,0.38851,0.99775,0.99976
i1y,stoxx,0,28,0.0137481,1.99597,1.58293,0.0312003,0.031105,0.0311895,0.99695,0.99965
ip,mps,1,28,0.0137481,1.00000,1.00000,53.0935,51.708,52.3469,0.97391,0.98594
ip,i1y,0,28,0.0137481,48.41599,19.62019,10.4213,10.1221,10.3106,0.97129,0.98937
ip,ip,0,28,0.0137481,54.98399,20.84274,1.19774,0.995719,1.12287,0.83133,0.93749
ip,hicp,0,28,0.0137481,1.73210,0.97589,2.29012,2.28767,2.28992,0.99893,0.99991
ip,stoxx,0,28,0.0137481,1.64909,0.30528,0.172925,0.172776,0.172945,0.99914,1.00012
hicp,mps,1,28,0.0137481,1.00000,1.00000,8.80048,8.71225,8.72629,0.98997,0.99157
hicp,i1y,0,28,0.0137481,135.87999,95.08217,2.04391,1.80268,1.86088,0.88198,0.91045
hicp,ip,0,28,0.0137481,142.77961,106.74889,0.328471,0.176099,0.203118,0.53612,0.61837
hicp,hicp,0,28,0.0137481,119.57851,93.69887,1.24252,0.378138,0.4912,0.30433,0.39533
hicp,stoxx,0,28,0.0137481,2.27044,2.17596,0.0275638,0.0275263,0.0275517,0.99864,0.99956
stoxx,mps,1,28,0.0137481,1.00000,1.00000,119.018,115.663,115.036,0.97181,0.96654
stoxx,i1y,0,28,0.0137481,60.86925,44.03566,36.7315,36.1551,36.253,0.98431,0.98697
stoxx,ip,0,28,0.0137481,78.21905,49.18073,3.03144,2.10707,2.32489,0.69507,0.76693
stoxx,hicp,0,28,0.0137481,5.65207,11.56512,6.31059,6.15354,5.86106,0.97511,0.92877
stoxx,stoxx,0,28,0.0137481,40.40172,12.13214,0.451865,0.382602,0.432666,0.84672,0.95751
mps,mps,1,29,0.408298,1.00000,1.00000,0.140369,0.141163,0.144037,1.00566,1.02614
mps,i1y,0,29,0.408298,0.48841,0.04328,0.393365,0.393717,0.393995,1.00089,1.00160
mps,ip,0,29,0.408298,0.44743,0.06150,0.0176855,0.0179228,0.018086,1.01342,1.02265
mps,hicp,0,29,0.408298,0.48021,0.06243,0.0441737,0.0473336,0.0497726,1.07153,1.12675
mps,stoxx,0,29,0.408298,0.29215,0.07995,0.00464505,0.004715,0.00472617,1.01506,1.01746
i1y,mps,1,29,0.408298,1.00000,1.00000,9.32058,3.48262,3.82903,0.37365,0.41081
i1y,i1y,0,29,0.408298,2.88724,2.00995,1.69751,1.58246,1.6173,0.93222,0.95275
i1y,ip,0,29,0.408298,4.59918,4.03483,0.272735,0.156163,0.161812,0.57258,0.59329
i1y,hicp,0,29,0.408298,0.64429,0.89539,0.392024,0.354387,0.335649,0.90399,0.85619
i1y,stoxx,0,29,0.408298,1.44278,1.51290,0.0271465,0.0244427,0.0240777,0.90040,0.88695
ip,mps,1,29,0.408298,1.00000,1.00000,31.5358,20.6789,17.0997,0.65573,0.54223
ip,i1y,0,29,0.408298,2.74136,6.15968,11.6889,11.2334,10.4063,0.96103,0.89027
ip,ip,0,29,0.408298,2.65294,4.80317,0.929977,0.717525,0.547866,0.77155,0.58912
ip,hicp,0,29,0.408298,0.27813,0.55211,2.51926,2.6561,2.59596,1.05432,1.03045
ip,stoxx,0,29,0.408298,0.60300,0.32171,0.082502,0.0820408,0.0858686,0.99441,1.04081
hicp,mps,1,29,0.408298,1.00000,1.00000,4.62867,2.06041,1.23448,0.44514,0.26670
hicp,i1y,0,29,0.408298,6.48217,12.70022,1.61912,1.26467,1.1146,0.78108,0.68840
hicp,ip,0,29,0.408298,6.03744,10.27096,0.281824,0.140298,0.0858,0.49782,0.30445
hicp,hicp,0,29,0.408298,4.24608,6.61186,0.789418,0.357407,0.213798,0.45275,0.27083
hicp,stoxx,0,29,0.408298,0.40975,1.31342,0.0270309,0.0277396,0.0254564,1.02622,0.94175
stoxx,mps,1,29,0.408298,1.00000,1.00000,50.2527,29.4681,18.0824,0.58640,0.35983
stoxx,i1y,0,29,0.408298,2.92857,8.12597,22.8741,21.2763,17.7462,0.93015,0.77582
stoxx,ip,0,29,0.408298,2.80336,5.83943,2.22817,1.73384,1.19289,0.77815,0.53537
stoxx,hicp,0,29,0.408298,0.78147,1.16963,4.94381,5.04838,4.62825,1.02115,0.93617
stoxx,stoxx,0,29,0.408298,1.37971,2.64007,0.571587,0.540821,0.46741,0.94617,0.81774
mps,mps,1,30,0.420049,1.00000,1.00000,0.229437,0.232427,0.237446,1.01303,1.03491
mps,i1y,0,30,0.420049,0.55322,0.04128,0.415421,0.415695,0.416148,1.00066,1.00175
mps,ip,0,30,0.420049,0.40995,0.05983,0.0226396,0.0230076,0.0231699,1.01625,1.02343
mps,hicp,0,30,0.420049,0.80075,0.05651,0.0399015,0.0411265,0.0461551,1.03070,1.15673
mps,stoxx,0,30,0.420049,0.29155,0.07649,0.00585717,0.00593176,0.00594368,1.01273,1.01477
i1y,mps,1,30,0.420049,1.00000,1.00000,8.82627,3.36507,3.50517,0.38126,0.39713
i1y,i1y,0,30,0.420049,2.70674,2.05856,1.64664,1.5517,1.57388,0.94235,0.95581
i1y,ip,0,30,0.420049,4.28984,4.02813,0.259725,0.152694,0.153793,0.58791,0.59214
i1y,hicp,0,30,0.420049,0.66654,0.73593,0.386534,0.353752,0.347639,0.91519,0.89938
i1y,stoxx,0,30,0.420049,1.30561,1.45358,0.0224681,0.0199329,0.019277,0.88717,0.85797
ip,mps,1,30,0.420049,1.00000,1.00000,26.5027,18.528,15.2893,0.69910,0.57689
ip,i1y,0,30,0.420049,2.51829,3.97700,8.78482,8.36883,8.02694,0.95265,0.91373
ip,ip,0,30,0.420049,2.24760,2.99852,0.91733,0.755407,0.658371,0.82348,0.71770
ip,hicp,0,30,0.420049,0.28480,0.41356,2.2063,2.31282,2.29218,1.04828,1.03892
ip,stoxx,0,30,0.420049,0.33091,0.32871,0.128569,0.13125,0.131321,1.02086,1.02140
hicp,mps,1,30,0.420049,1.00000,1.00000,4.52691,1.87009,1.07661,0.41311,0.23782
hicp,i1y,0,30,0.420049,6.52487,12.17693,1.24041,0.715473,0.489659,0.57680,0.39475
hicp,ip,0,30,0.420049,6.14210,10.03159,0.288959,0.138057,0.0823366,0.47777,0.28494
hicp,hicp,0,30,0.420049,3.94155,6.32085,0.618992,0.260185,0.153114,0.42034,0.24736
hicp,stoxx,0,30,0.420049,0.60259,1.09211,0.0148885,0.0147967,0.0131366,0.99384,0.88234
stoxx,mps,1,30,0.420049,1.00000,1.00000,40.1144,32.4443,26.5623,0.80880,0.66216
stoxx,i1y,0,30,0.420049,2.79529,5.96764,45.0879,43.7253,41.313,0.96978,0.91628
stoxx,ip,0,30,0.420049,2.68556,4.11012,1.81929,1.43129,1.20902,0.78673,0.66456
stoxx,hicp,0,30,0.420049,0.72138,0.63723,3.26118,3.38238,3.44544,1.03716,1.05650
stoxx,stoxx,0,30,0.420049,1.35802,1.86258,0.546725,0.515534,0.480418,0.94295,0.87872
mps,mps,1,31,0.0100528,1.00000,1.00000,0.25281,0.25285,0.252808,1.00016,0.99999
mps,i1y,0,31,0.0100528,2.07805,0.04033,0.376579,0.376567,0.37658,0.99997,1.00000
mps,ip,0,31,0.0100528,3.75877,0.05964,0.0224323,0.0224101,0.0224326,0.99901,1.00002
mps,hicp,0,31,0.0100528,1.84681,0.05228,0.0487197,0.0486881,0.048724,0.99935,1.00009
mps,stoxx,0,31,0.0100528,1.95794,0.07319,0.00657165,0.00657115,0.00657169,0.99992,1.00001
i1y,mps,1,31,0.0100528,1.00000,1.00000,13.5246,13.3228,13.5206,0.98508,0.99970
i1y,i1y,0,31,0.0100528,57.51958,2.05121,1.51529,1.46599,1.51516,0.96746,0.99991
i1y,ip,0,31,0.0100528,79.52542,3.87103,0.303449,0.242724,0.302565,0.79989,0.99709
i1y,hicp,0,31,0.0100528,3.74664,0.68147,0.346312,0.341642,0.346377,0.98652,1.00019
i1y,stoxx,0,31,0.0100528,2.82037,1.39689,0.0307782,0.0306467,0.0307766,0.99573,0.99995
ip,mps,1,31,0.0100528,1.00000,1.00000,23.3245,22.7319,23.3151,0.97459,0.99960
ip,i1y,0,31,0.0100528,87.49582,3.63406,10.625,10.1559,10.6208,0.95586,0.99961
ip,ip,0,31,0.0100528,74.25853,2.53459,0.890117,0.721043,0.889038,0.81005,0.99879
ip,hicp,0,31,0.0100528,2.05687,0.37024,1.68977,1.68783,1.68972,0.99885,0.99997
ip,stoxx,0,31,0.0100528,1.50132,0.33822,0.130974,0.130941,0.130975,0.99975,1.00001
hicp,mps,1,31,0.0100528,1.00000,1.00000,6.53214,6.53875,6.56963,1.00101,1.00574
hicp,i1y,0,31,0.0100528,216.93699,66.00594,1.66791,1.30027,1.54668,0.77958,0.92731
hicp,ip,0,31,0.0100528,224.68980,95.11479,0.361506,0.197213,0.277938,0.54553,0.76883
hicp,hicp,0,31,0.0100528,183.29929,98.32669,1.22374,0.358365,0.624807,0.29284,0.51057
hicp,stoxx,0,31,0.0100528,4.40304,1.08843,0.0258026,0.0257086,0.0258046,0.99635,1.00008
stoxx,mps,1,31,0.0100528,1.00000,1.00000,97.8773,97.6131,98.2015,0.99730,1.00331
stoxx,i1y,0,31,0.0100528,92.96033,12.14557,35.3929,33.8175,35.2954,0.95549,0.99725
stoxx,ip,0,31,0.0100528,100.05946,8.81018,2.05121,1.08328,1.94224,0.52812,0.94688
stoxx,hicp,0,31,0.0100528,7.25179,0.46786,2.86189,2.68553,2.86344,0.93838,1.00054
stoxx,stoxx,0,31,0.0100528,62.42567,1.87177,0.533694,0.424925,0.533158,0.79620,0.99900
mps,mps,1,32,0.460005,1.00000,1.00000,0.15485,0.156037,0.156757,1.00767,1.01232
mps,i1y,0,32,0.460005,0.33762,0.03889,0.328157,0.328896,0.329118,1.00225,1.00293
mps,ip,0,32,0.460005,0.37989,0.05893,0.0164797,0.0168316,0.0169533,1.02135,1.02874
mps,hicp,0,32,0.460005,0.60084,0.04936,0.040824,0.0445383,0.0491186,1.09098,1.20318
mps,stoxx,0,32,0.460005,0.43479,0.06936,0.00524762,0.00532321,0.00536613,1.01440,1.02258
i1y,mps,1,32,0.460005,1.00000,1.00000,7.37528,3.40074,2.9839,0.46110,0.40458
i1y,i1y,0,32,0.460005,2.06408,2.02107,1.7227,1.66884,1.67024,0.96873,0.96955
i1y,ip,0,32,0.460005,3.30381,3.60617,0.235835,0.158276,0.145155,0.67113,0.61549
i1y,hicp,0,32,0.460005,0.59062,0.60984,0.335878,0.323692,0.319377,0.96372,0.95087
i1y,stoxx,0,32,0.460005,1.02670,1.31615,0.0269624,0.0258245,0.0246428,0.95780,0.91397
ip,mps,1,32,0.460005,1.00000,1.00000,14.6765,9.22034,7.80069,0.62824,0.53151
ip,i1y,0,32,0.460005,2.37550,2.98874,12.0831,11.7749,11.642,0.97450,0.96350
ip,ip,0,32,0.460005,1.68984,2.05885,0.754362,0.653666,0.604449,0.86651,0.80127
ip,hicp,0,32,0.460005,0.34281,0.32857,1.19213,1.21579,1.21753,1.01984,1.02131
ip,stoxx,0,32,0.460005,0.35794,0.34563,0.123156,0.12569,0.125945,1.02057,1.02264
hicp,mps,1,32,0.460005,1.00000,1.00000,3.89694,1.76975,1.01777,0.45414,0.26117
hicp,i1y,0,32,0.460005,4.97237,8.83861,1.21292,0.871407,0.754131,0.71844,0.62175
hicp,ip,0,32,0.460005,5.82773,9.13129,0.298181,0.149985,0.104183,0.50300,0.34940
hicp,hicp,0,32,0.460005,4.08600,6.03438,0.654364,0.226923,0.139377,0.34678,0.21300
hicp,stoxx,0,32,0.460005,0.80139,1.08420,0.0260834,0.0255173,0.0246912,0.97829,0.94663
stoxx,mps,1,32,0.460005,1.00000,1.00000,42.8757,33.755,27.6159,0.78728,0.64409
stoxx,i1y,0,32,0.460005,2.03621,3.87582,39.2074,38.1805,36.245,0.97381,0.92444
stoxx,ip,0,32,0.460005,2.50609,3.34219,1.94842,1.55357,1.38175,0.79735,0.70916
stoxx,hicp,0,32,0.460005,0.44002,0.27892,3.00117,3.14261,3.26478,1.04713,1.08784
stoxx,stoxx,0,32,0.460005,1.49591,1.66914,0.471774,0.434492,0.416969,0.92097,0.88383
mps,mps,1,33,0.477787,1.00000,1.00000,0.155124,0.156885,0.158485,1.01135,1.02166
mps,i1y,0,33,0.477787,0.44115,0.03752,0.353896,0.354435,0.355038,1.00152,1.00323
mps,ip,0,33,0.477787,0.48891,0.05934,0.016792,0.0171512,0.0173959,1.02139,1.03597
mps,hicp,0,33,0.477787,0.60678,0.04607,0.0348049,0.0385142,0.0427919,1.10657,1.22948
mps,stoxx,0,33,0.477787,0.30511,0.06819,0.0041511,0.00426125,0.00428931,1.02653,1.03329
i1y,mps,1,33,0.477787,1.00000,1.00000,6.56762,3.25195,2.76213,0.49515,0.42057
i1y,i1y,0,33,0.477787,1.91144,1.96866,1.3859,1.34113,1.33725,0.96769,0.96489
i1y,ip,0,33,0.477787,2.97606,3.33448,0.213589,0.146744,0.129733,0.68704,0.60740
i1y,hicp,0,33,0.477787,0.53670,0.56658,0.301114,0.300982,0.295035,0.99956,0.97981
i1y,stoxx,0,33,0.477787,0.81763,1.26902,0.0278374,0.0276898,0.0256857,0.99470,0.92270
ip,mps,1,33,0.477787,1.00000,1.00000,10.7825,7.54398,6.72766,0.69965,0.62394
ip,i1y,0,33,0.477787,2.26088,2.77648,6.52666,6.0739,5.89936,0.93063,0.90389
ip,ip,0,33,0.477787,1.62484,1.84587,0.650174,0.571447,0.543355,0.87891,0.83571
ip,hicp,0,33,0.477787,0.20756,0.30556,1.16521,1.22997,1.2225,1.05558,1.04917
ip,stoxx,0,33,0.477787,0.40646,0.36762,0.139259,0.142043,0.142911,1.02000,1.02623
hicp,mps,1,33,0.477787,1.00000,1.00000,3.95663,1.77981,1.41771,0.44983,0.35831
hicp,i1y,0,33,0.477787,3.71304,4.89022,1.00274,0.734851,0.678432,0.73284,0.67658
hicp,ip,0,33,0.477787,5.59132,6.56885,0.281911,0.136338,0.117483,0.48362,0.41674
hicp,hicp,0,33,0.477787,3.70005,4.06716,0.601419,0.273183,0.247117,0.45423,0.41089
hicp,stoxx,0,33,0.477787,1.10272,1.19061,0.0163654,0.0144434,0.0142146,0.88256,0.86857
stoxx,mps,1,33,0.477787,1.00000,1.00000,52.6647,38.6351,35.7418,0.73360,0.67867
stoxx,i1y,0,33,0.477787,2.11782,2.62745,33.6458,32.6228,32.2098,0.96960,0.95732
stoxx,ip,0,33,0.477787,2.49310,2.78814,2.62977,2.22916,2.16455,0.84766,0.82309
stoxx,hicp,0,33,0.477787,0.41594,0.20050,4.00519,4.05562,4.17741,1.01259,1.04300
stoxx,stoxx,0,33,0.477787,1.49716,1.55094,0.41598,0.385842,0.378573,0.92755,0.91007
mps,mps,1,34,0.463045,1.00000,1.00000,0.151725,0.153608,0.154853,1.01242,1.02062
mps,i1y,0,34,0.463045,0.37009,0.03763,0.359612,0.360484,0.360835,1.00242,1.00340
mps,ip,0,34,0.463045,0.44867,0.05851,0.0179431,0.018295,0.0185427,1.01961,1.03342
mps,hicp,0,34,0.463045,0.38132,0.04283,0.038377,0.0438176,0.0457565,1.14177,1.19229
mps,stoxx,0,34,0.463045,0.39170,0.06682,0.0037958,0.00389272,0.00393229,1.02553,1.03596
i1y,mps,1,34,0.463045,1.00000,1.00000,5.91079,2.93709,2.61796,0.49690,0.44291
i1y,i1y,0,34,0.463045,1.87026,1.92261,1.92436,1.89884,1.89527,0.98674,0.98488
i1y,ip,0,34,0.463045,2.86301,3.14976,0.20782,0.148643,0.136333,0.71525,0.65601
i1y,hicp,0,34,0.463045,0.53669,0.55781,0.319616,0.323023,0.320506,1.01066,1.00279
i1y,stoxx,0,34,0.463045,0.86250,1.26492,0.0346399,0.0343687,0.0327631,0.99217,0.94582
ip,mps,1,34,0.463045,1.00000,1.00000,9.52546,8.59804,8.42029,0.90264,0.88398
ip,i1y,0,34,0.463045,2.40652,2.60987,11.9773,11.5735,11.5147,0.96629,0.96138
ip,ip,0,34,0.463045,1.62209,1.76747,0.530897,0.457531,0.437615,0.86181,0.82429
ip,hicp,0,34,0.463045,0.27380,0.30615,1.09229,1.18664,1.18567,1.08638,1.08550
ip,stoxx,0,34,0.463045,0.56269,0.39877,0.149955,0.151306,0.153693,1.00900,1.02493
hicp,mps,1,34,0.463045,1.00000,1.00000,4.26307,1.73574,1.5504,0.40716,0.36368
hicp,i1y,0,34,0.463045,3.05396,3.61244,1.27022,1.15331,1.13659,0.90796,0.89480
hicp,ip,0,34,0.463045,6.00363,6.44421,0.275345,0.111178,0.101453,0.40378,0.36846
hicp,hicp,0,34,0.463045,3.77016,3.90589,0.578548,0.210353,0.201209,0.36359,0.34778
hicp,stoxx,0,34,0.463045,1.24832,1.32906,0.0230121,0.0210909,0.0209297,0.91651,0.90951
stoxx,mps,1,34,0.463045,1.00000,1.00000,60.4994,42.1903,40.6897,0.69737,0.67256
stoxx,i1y,0,34,0.463045,2.02974,2.28280,23.2546,22.0107,21.754,0.94651,0.93547
stoxx,ip,0,34,0.463045,2.62799,2.72065,2.53779,2.05599,2.02699,0.81015,0.79872
stoxx,hicp,0,34,0.463045,0.35735,0.15266,3.6195,3.42562,3.5436,0.94643,0.97903
stoxx,stoxx,0,34,0.463045,1.55269,1.57325,0.415844,0.38497,0.380812,0.92576,0.91576
mps,mps,1,35,0.435411,1.00000,1.00000,0.151344,0.153953,0.155994,1.01724,1.03073
mps,i1y,0,35,0.435411,0.30738,0.03778,0.355654,0.356471,0.356736,1.00230,1.00304
mps,ip,0,35,0.435411,0.35254,0.05568,0.0155128,0.0159234,0.0160449,1.02647,1.03430
mps,hicp,0,35,0.435411,0.35195,0.04030,0.0479302,0.0523744,0.053762,1.09272,1.12167
mps,stoxx,0,35,0.435411,0.52168,0.06585,0.00354946,0.00363669,0.00370673,1.02458,1.04431
i1y,mps,1,35,0.435411,1.00000,1.00000,5.33422,2.7309,2.53654,0.51196,0.47552
i1y,i1y,0,35,0.435411,1.95128,1.91607,1.9499,1.92425,1.92452,0.98685,0.98699
i1y,ip,0,35,0.435411,2.88484,2.98108,0.192281,0.141008,0.135427,0.73335,0.70432
i1y,hicp,0,35,0.435411,0.61295,0.55863,0.259258,0.260788,0.263978,1.00590,1.01820
i1y,stoxx,0,35,0.435411,1.07802,1.28706,0.0357569,0.0346262,0.0337373,0.96838,0.94352
ip,mps,1,35,0.435411,1.00000,1.00000,9.66249,9.75742,10.1407,1.00982,1.04949
ip,i1y,0,35,0.435411,2.28901,2.50018,10.4339,10.0067,9.94061,0.95905,0.95272
ip,ip,0,35,0.435411,1.70833,1.76906,0.621837,0.558015,0.545054,0.89737,0.87652
ip,hicp,0,35,0.435411,0.41009,0.31301,1.26284,1.40636,1.42638,1.11365,1.12950
ip,stoxx,0,35,0.435411,0.64732,0.44956,0.12882,0.129126,0.130991,1.00238,1.01685
hicp,mps,1,35,0.435411,1.00000,1.00000,4.61035,1.70247,1.6778,0.36927,0.36392
hicp,i1y,0,35,0.435411,2.62573,3.14984,0.698488,0.582709,0.561931,0.83424,0.80450
hicp,ip,0,35,0.435411,6.58016,6.83319,0.292552,0.106591,0.100839,0.36435,0.34469
hicp,hicp,0,35,0.435411,3.95417,3.98922,0.813704,0.356386,0.351525,0.43798,0.43201
hicp,stoxx,0,35,0.435411,1.59920,1.45995,0.0239326,0.0205225,0.0209851,0.85751,0.87684
stoxx,mps,1,35,0.435411,1.00000,1.00000,67.6512,46.711,44.5651,0.69047,0.65875
stoxx,i1y,0,35,0.435411,1.96249,2.13223,31.2788,30.3193,30.1627,0.96933,0.96432
stoxx,ip,0,35,0.435411,2.62094,2.83677,2.4376,1.93038,1.88515,0.79192,0.77336
stoxx,hicp,0,35,0.435411,0.35475,0.12280,2.34924,2.29384,2.49877,0.97642,1.06365
stoxx,stoxx,0,35,0.435411,1.61533,1.64912,0.359637,0.322764,0.317895,0.89747,0.88393
mps,mps,1,36,0.439602,1.00000,1.00000,0.151161,0.160555,0.162151,1.06215,1.07270
mps,i1y,0,36,0.439602,0.32254,0.03873,0.389163,0.389967,0.390252,1.00207,1.00280
mps,ip,0,36,0.439602,0.42605,0.05396,0.0143249,0.0146425,0.0147976,1.02217,1.03300
mps,hicp,0,36,0.439602,0.35552,0.03778,0.0496753,0.054282,0.0557522,1.09274,1.12233
mps,stoxx,0,36,0.439602,0.28346,0.06469,0.0034397,0.00355455,0.00358266,1.03339,1.04156
i1y,mps,1,36,0.439602,1.00000,1.00000,4.31957,2.39684,2.26307,0.55488,0.52391
i1y,i1y,0,36,0.439602,1.86819,1.89770,2.20164,2.17971,2.17921,0.99004,0.98981
i1y,ip,0,36,0.439602,2.59174,2.78534,0.193266,0.154711,0.149076,0.80051,0.77135
i1y,hicp,0,36,0.439602,0.60239,0.55369,0.281469,0.288506,0.292004,1.02500,1.03743
i1y,stoxx,0,36,0.439602,1.13600,1.31617,0.0458789,0.0446483,0.0439355,0.97318,0.95764
ip,mps,1,36,0.439602,1.00000,1.00000,11.4343,12.5037,12.2954,1.09353,1.07531
ip,i1y,0,36,0.439602,2.21392,2.34884,9.60995,9.09731,9.05219,0.94665,0.94196
ip,ip,0,36,0.439602,1.68041,1.72173,0.708133,0.660855,0.646311,0.93324,0.91270
ip,hicp,0,36,0.439602,0.37110,0.32379,1.40707,1.5834,1.59743,1.12531,1.13529
ip,stoxx,0,36,0.439602,0.53091,0.50179,0.143623,0.145644,0.146272,1.01407,1.01844
hicp,mps,1,36,0.439602,1.00000,1.00000,4.32764,1.76485,1.76526,0.40781,0.40790
hicp,i1y,0,36,0.439602,2.63975,3.17595,2.04848,1.9994,1.98636,0.97604,0.96967
hicp,ip,0,36,0.439602,6.24068,6.63450,0.292036,0.117122,0.109963,0.40105,0.37654
hicp,hicp,0,36,0.439602,2.87223,3.16388,0.362152,0.141217,0.131158,0.38994,0.36216
hicp,stoxx,0,36,0.439602,1.63796,1.46104,0.0192141,0.0159819,0.0164387,0.83178,0.85555
stoxx,mps,1,36,0.439602,1.00000,1.00000,71.9534,48.2492,45.3111,0.67056,0.62973
stoxx,i1y,0,36,0.439602,1.68993,2.04510,41.9609,41.225,40.8844,0.98246,0.97435
stoxx,ip,0,36,0.439602,2.51732,2.76146,2.81498,2.24955,2.16259,0.79913,0.76824
stoxx,hicp,0,36,0.439602,0.30879,0.09596,4.71782,4.73669,4.86563,1.00400,1.03133
stoxx,stoxx,0,36,0.439602,1.65392,1.67109,0.574271,0.534257,0.530298,0.93032,0.92343
mps,mps,1,37,0.429411,1.00000,1.00000,0.159773,0.165763,0.167933,1.03749,1.05107
mps,i1y,0,37,0.429411,0.31369,0.04062,0.327052,0.328012,0.328234,1.00294,1.00361
mps,ip,0,37,0.429411,0.39260,0.05188,0.0114729,0.0117773,0.0118849,1.02653,1.03591
mps,hicp,0,37,0.429411,0.24406,0.03513,0.0489862,0.0532674,0.0540412,1.08739,1.10319
mps,stoxx,0,37,0.429411,0.42987,0.06585,0.00369509,0.00378255,0.00382606,1.02367,1.03544
i1y,mps,1,37,0.429411,1.00000,1.00000,3.4442,2.0303,1.95752,0.58948,0.56835
i1y,i1y,0,37,0.429411,1.90991,1.92445,2.3919,2.36486,2.36621,0.98870,0.98926
i1y,ip,0,37,0.429411,2.50860,2.64094,0.167041,0.136452,0.132976,0.81688,0.79607
i1y,hicp,0,37,0.429411,0.60649,0.56424,0.287662,0.300567,0.302769,1.04486,1.05252
i1y,stoxx,0,37,0.429411,1.28360,1.33973,0.039262,0.0375204,0.0372058,0.95564,0.94763
ip,mps,1,37,0.429411,1.00000,1.00000,13.4902,14.1036,13.7425,1.04547,1.01870
ip,i1y,0,37,0.429411,1.87169,2.07485,13.8603,13.5814,13.5201,0.97987,0.97546
ip,ip,0,37,0.429411,1.56234,1.73897,0.788445,0.75121,0.732054,0.95277,0.92848
ip,hicp,0,37,0.429411,0.46766,0.33929,1.17519,1.35965,1.3953,1.15695,1.18730
ip,stoxx,0,37,0.429411,0.65302,0.56759,0.161127,0.163098,0.164098,1.01224,1.01844
hicp,mps,1,37,0.429411,1.00000,1.00000,3.99722,2.25025,1.96693,0.56295,0.49208
hicp,i1y,0,37,0.429411,3.04115,3.54283,1.15412,1.06324,1.048,0.92125,0.90804
hicp,ip,0,37,0.429411,5.25040,5.73205,0.292914,0.151885,0.140793,0.51853,0.48066
hicp,hicp,0,37,0.429411,3.14091,3.27396,0.515843,0.263112,0.245596,0.51006,0.47611
hicp,stoxx,0,37,0.429411,1.19724,1.26847,0.0230885,0.0225017,0.022411,0.97458,0.97066
stoxx,mps,1,37,0.429411,1.00000,1.00000,79.3459,52.2675,49.6085,0.65873,0.62522
stoxx,i1y,0,37,0.429411,1.64871,2.01230,41.1696,40.3683,39.9742,0.98054,0.97097
stoxx,ip,0,37,0.429411,2.54908,2.73897,3.76539,3.17304,3.08634,0.84269,0.81966
stoxx,hicp,0,37,0.429411,0.32423,0.08730,5.82551,5.8596,5.99273,1.00585,1.02870
stoxx,stoxx,0,37,0.429411,1.67306,1.65158,0.691589,0.658509,0.658317,0.95217,0.95189
mps,mps,1,38,0.421835,1.00000,1.00000,0.154089,0.161693,0.163886,1.04935,1.06358
mps,i1y,0,38,0.421835,0.35125,0.04177,0.256925,0.257966,0.258403,1.00405,1.00575
mps,ip,0,38,0.421835,0.39922,0.05015,0.0116686,0.0119025,0.0119837,1.02005,1.02701
mps,hicp,0,38,0.421835,0.32807,0.03325,0.0487868,0.0526924,0.0536669,1.08006,1.10003
mps,stoxx,0,38,0.421835,0.38937,0.06500,0.00367318,0.00376867,0.00380004,1.02600,1.03454
i1y,mps,1,38,0.421835,1.00000,1.00000,2.82431,1.88558,1.84785,0.66763,0.65427
i1y,i1y,0,38,0.421835,1.90646,1.96663,2.3444,2.31385,2.31424,0.98697,0.98714
i1y,ip,0,38,0.421835,2.38562,2.53611,0.139761,0.118049,0.115264,0.84465,0.82472
i1y,hicp,0,38,0.421835,0.67277,0.57014,0.201982,0.211436,0.216823,1.04681,1.07348
i1y,stoxx,0,38,0.421835,1.28195,1.35168,0.0408081,0.0392675,0.0389206,0.96225,0.95375
ip,mps,1,38,0.421835,1.00000,1.00000,14.165,13.5388,13.4786,0.95580,0.95154
ip,i1y,0,38,0.421835,1.85213,1.83081,7.98,7.59528,7.61236,0.95179,0.95393
ip,ip,0,38,0.421835,1.65555,1.73162,0.875137,0.834322,0.823705,0.95336,0.94123
ip,hicp,0,38,0.421835,0.44222,0.37358,1.87107,2.09077,2.1169,1.11742,1.13138
ip,stoxx,0,38,0.421835,0.71268,0.64461,0.143124,0.145295,0.146106,1.01517,1.02083
hicp,mps,1,38,0.421835,1.00000,1.00000,3.4525,2.06807,1.7995,0.59901,0.52122
hicp,i1y,0,38,0.421835,3.58026,4.04292,0.879564,0.700241,0.67729,0.79612,0.77003
hicp,ip,0,38,0.421835,4.73224,5.20645,0.260225,0.135248,0.123663,0.51974,0.47522
hicp,hicp,0,38,0.421835,3.46350,3.62410,0.870275,0.488608,0.459055,0.56144,0.52748
hicp,stoxx,0,38,0.421835,1.05184,1.13041,0.0293048,0.0292268,0.0291236,0.99734,0.99382
stoxx,mps,1,38,0.421835,1.00000,1.00000,89.3516,57.7494,58.8802,0.64632,0.65897
stoxx,i1y,0,38,0.421835,1.61331,1.88589,30.9601,29.8216,29.4308,0.96322,0.95060
stoxx,ip,0,38,0.421835,2.61239,2.65814,4.08436,3.49843,3.46662,0.85654,0.84876
stoxx,hicp,0,38,0.421835,0.39521,0.07351,5.93179,5.86385,6.0615,0.98855,1.02187
stoxx,stoxx,0,38,0.421835,1.70933,1.63431,0.562547,0.532194,0.535042,0.94604,0.95111
mps,mps,1,39,0.433321,1.00000,1.00000,0.164267,0.174435,0.179632,1.06190,1.09354
mps,i1y,0,39,0.433321,0.36553,0.04349,0.393976,0.394709,0.395042,1.00186,1.00271
mps,ip,0,39,0.433321,0.47427,0.05206,0.0117945,0.0119634,0.0120497,1.01432,1.02163
mps,hicp,0,39,0.433321,0.34922,0.03130,0.0566462,0.0603816,0.0615437,1.06594,1.08646
mps,stoxx,0,39,0.433321,0.47419,0.06490,0.00390466,0.00399263,0.00404537,1.02253,1.03604
i1y,mps,1,39,0.433321,1.00000,1.00000,2.32493,1.94562,1.92763,0.83685,0.82911
i1y,i1y,0,39,0.433321,2.05971,1.96439,2.44823,2.40412,2.41111,0.98198,0.98484
i1y,ip,0,39,0.433321,2.21238,2.44014,0.13125,0.116328,0.113526,0.88631,0.86496
i1y,hicp,0,39,0.433321,0.60412,0.56338,0.209624,0.222033,0.224165,1.05919,1.06937
i1y,stoxx,0,39,0.433321,1.28722,1.35801,0.0367163,0.035442,0.035101,0.96529,0.95601
ip,mps,1,39,0.433321,1.00000,1.00000,14.6477,14.4613,12.9368,0.98727,0.88319
ip,i1y,0,39,0.433321,1.45198,1.53170,11.7199,11.5396,11.5442,0.98462,0.98501
ip,ip,0,39,0.433321,1.50420,1.68350,0.84409,0.826593,0.797849,0.97927,0.94522
ip,hicp,0,39,0.433321,0.48615,0.40523,1.90781,2.16963,2.1988,1.13724,1.15253
ip,stoxx,0,39,0.433321,0.61739,0.73247,0.18745,0.190874,0.190097,1.01827,1.01412
hicp,mps,1,39,0.433321,1.00000,1.00000,3.41713,2.19778,1.86214,0.64317,0.54494
hicp,i1y,0,39,0.433321,4.05695,4.45290,1.77611,1.56296,1.53921,0.87999,0.86662
hicp,ip,0,39,0.433321,4.19943,4.61907,0.238785,0.137213,0.125909,0.57463,0.52729
hicp,hicp,0,39,0.433321,3.22376,3.42693,0.72878,0.431555,0.399749,0.59216,0.54852
hicp,stoxx,0,39,0.433321,0.89628,1.06244,0.024974,0.0254387,0.0250094,1.01861,1.00142
stoxx,mps,1,39,0.433321,1.00000,1.00000,88.7555,60.4706,59.0091,0.68132,0.66485
stoxx,i1y,0,39,0.433321,1.69331,1.65672,35.8852,34.8376,34.9115,0.97081,0.97287
stoxx,ip,0,39,0.433321,2.47419,2.45758,3.68826,3.10073,3.08147,0.84070,0.83548
stoxx,hicp,0,39,0.433321,0.26342,0.06812,5.80407,5.93293,6.07429,1.02220,1.04656
stoxx,stoxx,0,39,0.433321,1.58529,1.63876,0.514911,0.488583,0.487425,0.94887,0.94662
mps,mps,1,40,0.427642,1.00000,1.00000,0.156704,0.169821,0.174043,1.08371,1.11065
mps,i1y,0,40,0.427642,0.38624,0.04540,0.377845,0.378545,0.378874,1.00185,1.00272
mps,ip,0,40,0.427642,0.33946,0.05162,0.0122987,0.0126032,0.0126754,1.02475,1.03063
mps,hicp,0,40,0.427642,0.22829,0.03039,0.058877,0.0628471,0.0633287,1.06743,1.07561
mps,stoxx,0,40,0.427642,0.37074,0.06629,0.00286578,0.00296828,0.0030041,1.03577,1.04827
i1y,mps,1,40,0.427642,1.00000,1.00000,2.22177,2.26154,2.21766,1.01790,0.99815
i1y,i1y,0,40,0.427642,2.01069,1.96944,2.36235,2.31018,2.31586,0.97792,0.98032
i1y,ip,0,40,0.427642,2.17997,2.42231,0.119888,0.105951,0.103199,0.88374,0.86079
i1y,hicp,0,40,0.427642,0.63225,0.58092,0.147114,0.163339,0.166179,1.11029,1.12959
i1y,stoxx,0,40,0.427642,1.31104,1.39302,0.0332382,0.032006,0.0316753,0.96293,0.95298
ip,mps,1,40,0.427642,1.00000,1.00000,15.5312,12.5329,12.4812,0.80695,0.80362
ip,i1y,0,40,0.427642,1.21577,1.26197,11.1486,11.0404,11.0366,0.99029,0.98995
ip,ip,0,40,0.427642,1.57328,1.73499,0.953791,0.927708,0.908654,0.97265,0.95268
ip,hicp,0,40,0.427642,0.46437,0.47153,2.33032,2.56564,2.55936,1.10099,1.09829
ip,stoxx,0,40,0.427642,0.87087,0.81792,0.136376,0.138037,0.138322,1.01218,1.01427
hicp,mps,1,40,0.427642,1.00000,1.00000,3.75539,2.51452,1.9808,0.66958,0.52746
hicp,i1y,0,40,0.427642,4.33499,4.86861,1.4789,1.1295,1.07504,0.76375,0.72692
hicp,ip,0,40,0.427642,4.18751,4.74495,0.240486,0.134006,0.116448,0.55723,0.48422
hicp,hicp,0,40,0.427642,3.29839,3.47291,0.692711,0.425473,0.389912,0.61421,0.56288
hicp,stoxx,0,40,0.427642,0.70570,1.05376,0.0295715,0.0300866,0.0293645,1.01742,0.99300
stoxx,mps,1,40,0.427642,1.00000,1.00000,76.9234,49.4434,47.5151,0.64276,0.61769
stoxx,i1y,0,40,0.427642,1.39034,1.61811,30.5229,30.1267,29.9604,0.98702,0.98157
stoxx,ip,0,40,0.427642,2.22076,2.37540,3.44936,2.91664,2.83443,0.84556,0.82173
stoxx,hicp,0,40,0.427642,0.26108,0.05351,6.71481,6.96881,7.13408,1.03783,1.06244
stoxx,stoxx,0,40,0.427642,1.65232,1.70425,0.407725,0.379399,0.378358,0.93052,0.92797
mps,mps,1,41,0.406245,1.00000,1.00000,0.136937,0.147147,0.149329,1.07456,1.09050
mps,i1y,0,41,0.406245,0.38506,0.04624,0.432743,0.433328,0.433548,1.00135,1.00186
mps,ip,0,41,0.406245,0.44675,0.05036,0.0137665,0.0139152,0.0139781,1.01080,1.01537
mps,hicp,0,41,0.406245,0.30401,0.03036,0.056755,0.0600498,0.0607468,1.05805,1.07034
mps,stoxx,0,41,0.406245,0.31170,0.06615,0.00354486,0.00365215,0.00367702,1.03027,1.03728
i1y,mps,1,41,0.406245,1.00000,1.00000,2.30127,2.57521,2.43009,1.11904,1.05597
i1y,i1y,0,41,0.406245,2.09141,1.97072,2.38523,2.32833,2.33865,0.97615,0.98047
i1y,ip,0,41,0.406245,2.30038,2.43000,0.114921,0.102009,0.100894,0.88765,0.87795
i1y,hicp,0,41,0.406245,0.54682,0.59070,0.153769,0.171088,0.168186,1.11263,1.09376
i1y,stoxx,0,41,0.406245,1.33363,1.44581,0.0352421,0.0342846,0.0339118,0.97283,0.96225
ip,mps,1,41,0.406245,1.00000,1.00000,16.9612,13.8954,12.608,0.81924,0.74334
ip,i1y,0,41,0.406245,1.02873,1.03431,8.50702,8.42746,8.43209,0.99065,0.99119
ip,ip,0,41,0.406245,1.62391,1.82130,1.06676,1.03449,1.01672,0.96975,0.95310
ip,hicp,0,41,0.406245,0.64842,0.55643,2.94632,3.06351,3.09796,1.03978,1.05147
ip,stoxx,0,41,0.406245,0.85452,0.91536,0.205375,0.206285,0.205906,1.00443,1.00259
hicp,mps,1,41,0.406245,1.00000,1.00000,3.7689,2.67668,1.98291,0.71020,0.52612
hicp,i1y,0,41,0.406245,4.16824,4.60771,2.03773,1.81361,1.7826,0.89002,0.87480
hicp,ip,0,41,0.406245,4.11377,4.78128,0.237293,0.142211,0.123183,0.59931,0.51912
hicp,hicp,0,41,0.406245,3.53848,3.61904,0.668128,0.370501,0.347881,0.55454,0.52068
hicp,stoxx,0,41,0.406245,0.67211,1.11922,0.0239362,0.0240921,0.0230227,1.00651,0.96184
stoxx,mps,1,41,0.406245,1.00000,1.00000,65.622,44.5774,41.6682,0.67931,0.63497
stoxx,i1y,0,41,0.406245,1.59452,1.58896,16.823,16.5896,16.621,0.98613,0.98799
stoxx,ip,0,41,0.406245,1.96414,2.10701,3.8267,3.3916,3.31778,0.88630,0.86701
stoxx,hicp,0,41,0.406245,0.35267,0.04710,8.89302,9.16371,9.40904,1.03044,1.05803
stoxx,stoxx,0,41,0.406245,1.62548,1.69515,0.442788,0.416528,0.415168,0.94069,0.93762
mps,mps,1,42,0.381639,1.00000,1.00000,0.0839377,0.0924129,0.0946417,1.10097,1.12752
mps,i1y,0,42,0.381639,0.53456,0.04478,0.479596,0.479929,0.480222,1.00069,1.00131
mps,ip,0,42,0.381639,0.48578,0.04965,0.0147084,0.0147955,0.0148801,1.00592,1.01167
mps,hicp,0,42,0.381639,0.29575,0.02980,0.0418376,0.0437124,0.0441097,1.04481,1.05431
mps,stoxx,0,42,0.381639,0.28378,0.06557,0.0044623,0.00454733,0.00456537,1.01906,1.02310
i1y,mps,1,42,0.381639,1.00000,1.00000,2.40902,2.47354,2.43455,1.02678,1.01060
i1y,i1y,0,42,0.381639,1.81437,2.03024,2.41492,2.37666,2.37097,0.98416,0.98180
i1y,ip,0,42,0.381639,2.32566,2.52440,0.129333,0.116075,0.11342,0.89749,0.87696
i1y,hicp,0,42,0.381639,0.66024,0.62634,0.224608,0.231022,0.232728,1.02855,1.03615
i1y,stoxx,0,42,0.381639,1.47578,1.51811,0.0250927,0.0240181,0.0239062,0.95717,0.95271
ip,mps,1,42,0.381639,1.00000,1.00000,17.7146,11.4582,11.4864,0.64682,0.64842
ip,i1y,0,42,0.381639,0.83249,0.87581,9.6441,9.60506,9.60084,0.99595,0.99551
ip,ip,0,42,0.381639,2.00336,2.02446,1.10572,1.03241,1.03601,0.93371,0.93696
ip,hicp,0,42,0.381639,0.83998,0.66208,3.35878,3.31504,3.42992,0.98698,1.02118
ip,stoxx,0,42,0.381639,1.13570,1.01186,0.160884,0.157852,0.159432,0.98115,0.99098
hicp,mps,1,42,0.381639,1.00000,1.00000,3.67796,2.32644,2.02645,0.63254,0.55097
hicp,i1y,0,42,0.381639,4.01370,4.54460,2.09155,1.95138,1.93341,0.93298,0.92439
hicp,ip,0,42,0.381639,4.51153,4.96013,0.242104,0.13541,0.123646,0.55930,0.51072
hicp,hicp,0,42,0.381639,3.42055,3.66960,0.771099,0.43233,0.412944,0.56067,0.53553
hicp,stoxx,0,42,0.381639,1.18829,1.24523,0.0274775,0.0263462,0.0262504,0.95883,0.95534
stoxx,mps,1,42,0.381639,1.00000,1.00000,55.2018,38.1249,37.2941,0.69065,0.67560
stoxx,i1y,0,42,0.381639,1.60925,1.71025,17.1171,16.8813,16.8867,0.98622,0.98654
stoxx,ip,0,42,0.381639,1.84902,1.91020,3.93589,3.56404,3.53874,0.90552,0.89909
stoxx,hicp,0,42,0.381639,0.31423,0.04071,8.75029,8.97806,9.1761,1.02603,1.04866
stoxx,stoxx,0,42,0.381639,1.72028,1.72737,0.541093,0.512179,0.511406,0.94656,0.94513
mps,mps,1,43,0.368641,1.00000,1.00000,0.141997,0.147126,0.148466,1.03612,1.04556
mps,i1y,0,43,0.368641,0.31964,0.04537,0.4761,0.476561,0.476673,1.00097,1.00120
mps,ip,0,43,0.368641,0.30171,0.04988,0.0173356,0.0175078,0.0175463,1.00993,1.01216
mps,hicp,0,43,0.368641,0.36195,0.02871,0.0688238,0.0713323,0.0721229,1.03645,1.04793
mps,stoxx,0,43,0.368641,0.36529,0.06560,0.00285537,0.00294848,0.00298528,1.03261,1.04550
i1y,mps,1,43,0.368641,1.00000,1.00000,2.5514,2.45384,2.39283,0.96176,0.93785
i1y,i1y,0,43,0.368641,1.84175,2.08793,2.06769,2.02909,2.02226,0.98133,0.97803
i1y,ip,0,43,0.368641,2.44138,2.62533,0.148085,0.132127,0.129346,0.89224,0.87346
i1y,hicp,0,43,0.368641,0.71150,0.65755,0.396577,0.396563,0.400354,0.99996,1.00952
i1y,stoxx,0,43,0.368641,1.51835,1.58214,0.0288828,0.0279613,0.0278852,0.96810,0.96546
ip,mps,1,43,0.368641,1.00000,1.00000,18.8723,11.2694,10.6312,0.59714,0.56332
ip,i1y,0,43,0.368641,0.86848,0.73018,5.90007,5.83805,5.85874,0.98949,0.99300
ip,ip,0,43,0.368641,2.02731,2.22824,1.06658,0.982359,0.965451,0.92104,0.90519
ip,hicp,0,43,0.368641,0.74483,0.76775,4.22359,4.22439,4.20673,1.00019,0.99601
ip,stoxx,0,43,0.368641,1.20660,1.11834,0.188755,0.185256,0.185303,0.98146,0.98171
hicp,mps,1,43,0.368641,1.00000,1.00000,3.56586,2.23342,1.75742,0.62633,0.49285
hicp,i1y,0,43,0.368641,3.91925,4.38693,1.09676,0.889769,0.870469,0.81127,0.79367
hicp,ip,0,43,0.368641,4.58456,5.07739,0.26631,0.168633,0.155757,0.63322,0.58487
hicp,hicp,0,43,0.368641,3.65687,3.82908,0.709282,0.373428,0.35501,0.52649,0.50052
hicp,stoxx,0,43,0.368641,1.14475,1.44666,0.0341815,0.0330984,0.0322121,0.96831,0.94238
stoxx,mps,1,43,0.368641,1.00000,1.00000,50.1839,39.1352,39.1609,0.77983,0.78035
stoxx,i1y,0,43,0.368641,1.84500,1.86757,35.7396,35.3719,35.3953,0.98971,0.99037
stoxx,ip,0,43,0.368641,1.62136,1.65019,3.68834,3.49301,3.49217,0.94704,0.94681
stoxx,hicp,0,43,0.368641,0.28835,0.03470,11.939,12.1834,12.3411,1.02047,1.03368
stoxx,stoxx,0,43,0.368641,1.71178,1.71365,0.593792,0.568189,0.568361,0.95688,0.95717
mps,mps,1,44,0.357738,1.00000,1.00000,0.147058,0.153113,0.155409,1.04118,1.05679
mps,i1y,0,44,0.357738,0.44331,0.04651,0.316599,0.31695,0.31715,1.00111,1.00174
mps,ip,0,44,0.357738,0.40237,0.04942,0.0196568,0.0198374,0.0198979,1.00919,1.01226
mps,hicp,0,44,0.357738,0.32468,0.02771,0.0579487,0.060526,0.0611676,1.04448,1.05555
mps,stoxx,0,44,0.357738,0.40179,0.06468,0.0041685,0.00422688,0.00424908,1.01401,1.01933
i1y,mps,1,44,0.357738,1.00000,1.00000,2.75197,2.42548,2.39787,0.88136,0.87133
i1y,i1y,0,44,0.357738,1.76250,2.16199,2.0036,1.96813,1.95529,0.98230,0.97589
i1y,ip,0,44,0.357738,2.47637,2.76730,0.169293,0.151803,0.147516,0.89668,0.87136
i1y,hicp,0,44,0.357738,0.74457,0.70050,0.37054,0.3613,0.365164,0.97506,0.98549
i1y,stoxx,0,44,0.357738,1.59383,1.67440,0.029875,0.0287619,0.0286663,0.96274,0.95954
ip,mps,1,44,0.357738,1.00000,1.00000,19.7186,10.7713,9.74244,0.54625,0.49407
ip,i1y,0,44,0.357738,0.73193,0.65114,5.52044,5.47953,5.48502,0.99259,0.99359
ip,ip,0,44,0.357738,2.14153,2.39815,1.10074,1.00099,0.975003,0.90938,0.88577
ip,hicp,0,44,0.357738,0.79729,0.86359,4.33641,4.28325,4.22053,0.98774,0.97328
ip,stoxx,0,44,0.357738,1.23504,1.22212,0.215917,0.211264,0.210528,0.97845,0.97504
hicp,mps,1,44,0.357738,1.00000,1.00000,3.57455,2.06227,1.68426,0.57693,0.47118
hicp,i1y,0,44,0.357738,3.70736,4.18956,2.81411,2.72215,2.70684,0.96732,0.96188
hicp,ip,0,44,0.357738,4.69773,5.31168,0.263099,0.16283,0.148914,0.61889,0.56600
hicp,hicp,0,44,0.357738,3.79806,3.97528,0.737309,0.409012,0.397479,0.55474,0.53910
hicp,stoxx,0,44,0.357738,1.48184,1.79204,0.0381763,0.036089,0.0349759,0.94533,0.91617
stoxx,mps,1,44,0.357738,1.00000,1.00000,44.544,36.5245,35.8917,0.81996,0.80576
stoxx,i1y,0,44,0.357738,1.82924,1.90285,31.0508,30.666,30.6728,0.98760,0.98782
stoxx,ip,0,44,0.357738,1.33455,1.58075,3.06722,3.01637,2.98337,0.98342,0.97266
stoxx,hicp,0,44,0.357738,0.40064,0.03365,10.6487,10.9093,11.2058,1.02448,1.05232
stoxx,stoxx,0,44,0.357738,1.74580,1.76187,0.563622,0.536343,0.535276,0.95160,0.94971
mps,mps,1,45,0.339035,1.00000,1.00000,0.170669,0.183327,0.188682,1.07417,1.10555
mps,i1y,0,45,0.339035,0.35160,0.04847,0.317862,0.318322,0.318471,1.00145,1.00192
mps,ip,0,45,0.339035,0.34255,0.04791,0.017357,0.0175296,0.017589,1.00994,1.01336
mps,hicp,0,45,0.339035,0.23461,0.02692,0.056366,0.0587765,0.059137,1.04277,1.04916
mps,stoxx,0,45,0.339035,0.45673,0.06382,0.00324872,0.00329039,0.00331402,1.01283,1.02010
i1y,mps,1,45,0.339035,1.00000,1.00000,2.82316,1.89146,2.3727,0.66998,0.84044
i1y,i1y,0,45,0.339035,1.71352,2.25954,2.04199,2.00532,1.9917,0.98204,0.97537
i1y,ip,0,45,0.339035,2.62954,2.91945,0.175179,0.151477,0.148151,0.86470,0.84571
i1y,hicp,0,45,0.339035,0.88612,0.75756,0.582007,0.55308,0.568114,0.95030,0.97613
i1y,stoxx,0,45,0.339035,1.79278,1.78719,0.0328491,0.0307169,0.0308814,0.93509,0.94010
ip,mps,1,45,0.339035,1.00000,1.00000,21.2692,11.9698,10.7613,0.56278,0.50596
ip,i1y,0,45,0.339035,0.74532,0.64406,7.82274,7.80119,7.80607,0.99725,0.99787
ip,ip,0,45,0.339035,2.45847,2.59046,1.16475,1.03285,1.01335,0.88676,0.87002
ip,hicp,0,45,0.339035,0.91192,0.93910,5.09115,4.94679,4.90843,0.97164,0.96411
ip,stoxx,0,45,0.339035,1.31080,1.30761,0.207717,0.200592,0.199621,0.96570,0.96102
hicp,mps,1,45,0.339035,1.00000,1.00000,3.83183,1.78499,1.49179,0.46583,0.38931
hicp,i1y,0,45,0.339035,3.75749,4.42228,1.90524,1.79081,1.76287,0.93994,0.92528
hicp,ip,0,45,0.339035,4.87657,5.73972,0.292476,0.188613,0.171963,0.64488,0.58796
hicp,hicp,0,45,0.339035,4.03757,4.36755,0.873856,0.457664,0.428028,0.52373,0.48982
hicp,stoxx,0,45,0.339035,2.12124,2.30878,0.0451691,0.0407106,0.0398123,0.90129,0.88141
stoxx,mps,1,45,0.339035,1.00000,1.00000,42.3433,35.4863,35.0638,0.83806,0.82808
stoxx,i1y,0,45,0.339035,1.98023,1.98709,31.0908,30.5659,30.5716,0.98312,0.98330
stoxx,ip,0,45,0.339035,1.29782,1.48970,2.67897,2.66639,2.63647,0.99530,0.98413
stoxx,hicp,0,45,0.339035,0.22830,0.03178,12.6714,13.0091,13.1501,1.02665,1.03777
stoxx,stoxx,0,45,0.339035,1.80377,1.83217,0.669058,0.633431,0.630263,0.94675,0.94202
mps,mps,1,46,0.299599,1.00000,1.00000,0.198312,0.204723,0.208468,1.03233,1.05121
mps,i1y,0,46,0.299599,0.48324,0.04955,0.349596,0.349799,0.349974,1.00058,1.00108
mps,ip,0,46,0.299599,0.42159,0.04733,0.018496,0.0186592,0.0187395,1.00882,1.01317
mps,hicp,0,46,0.299599,0.40479,0.02604,0.0530904,0.0547358,0.0554105,1.03099,1.04370
mps,stoxx,0,46,0.299599,0.47489,0.06246,0.00325405,0.00327982,0.00330099,1.00792,1.01442
i1y,mps,1,46,0.299599,1.00000,1.00000,2.77002,2.1825,2.37889,0.78790,0.85880
i1y,i1y,0,46,0.299599,2.22830,2.43272,1.71898,1.66343,1.65842,0.96768,0.96477
i1y,ip,0,46,0.299599,3.07900,3.09742,0.190316,0.16182,0.160494,0.85027,0.84330
i1y,hicp,0,46,0.299599,0.99259,0.85595,0.615556,0.572216,0.584983,0.92959,0.95033
i1y,stoxx,0,46,0.299599,1.99167,1.92060,0.0383947,0.0354305,0.0355578,0.92280,0.92611
ip,mps,1,46,0.299599,1.00000,1.00000,22.6964,16.1385,12.6143,0.71106,0.55578
ip,i1y,0,46,0.299599,0.88845,0.66523,8.78403,8.77383,8.77399,0.99884,0.99886
ip,ip,0,46,0.299599,2.37012,2.80570,1.15877,1.03513,0.973028,0.89330,0.83971
ip,hicp,0,46,0.299599,0.92992,1.02139,4.92496,4.80136,4.66205,0.97490,0.94662
ip,stoxx,0,46,0.299599,1.08178,1.40499,0.244064,0.23958,0.234072,0.98163,0.95906
hicp,mps,1,46,0.299599,1.00000,1.00000,4.81641,2.10748,1.84501,0.43756,0.38307
hicp,i1y,0,46,0.299599,4.40730,5.24348,2.51514,2.41883,2.39585,0.96171,0.95257
hicp,ip,0,46,0.299599,5.66311,6.43927,0.276492,0.155747,0.140391,0.56330,0.50776
hicp,hicp,0,46,0.299599,4.79013,5.05887,0.981914,0.479416,0.458294,0.48825,0.46673
hicp,stoxx,0,46,0.299599,2.84836,3.10997,0.050361,0.0422742,0.0409686,0.83942,0.81350
stoxx,mps,1,46,0.299599,1.00000,1.00000,53.4521,45.1667,44.3498,0.84499,0.82971
stoxx,i1y,0,46,0.299599,1.85802,2.01342,46.5841,46.1746,46.1436,0.99121,0.99054
stoxx,ip,0,46,0.299599,1.34571,1.56602,2.10264,2.08513,2.03897,0.99167,0.96972
stoxx,hicp,0,46,0.299599,0.36461,0.03886,13.5161,13.6678,13.8788,1.01122,1.02683
stoxx,stoxx,0,46,0.299599,1.89035,1.93436,0.924395,0.880318,0.876945,0.95232,0.94867
mps,mps,1,47,0.258179,1.00000,1.00000,0.184012,0.19224,0.197221,1.04471,1.07178
mps,i1y,0,47,0.258179,0.55122,0.05040,0.230675,0.230839,0.231044,1.00071,1.00160
mps,ip,0,47,0.258179,0.50220,0.04730,0.0128077,0.0129046,0.0129774,1.00757,1.01325
mps,hicp,0,47,0.258179,0.41154,0.02596,0.0523426,0.0536792,0.0541919,1.02554,1.03533
mps,stoxx,0,47,0.258179,0.47950,0.06073,0.00354201,0.00356249,0.0035767,1.00578,1.00979
i1y,mps,1,47,0.258179,1.00000,1.00000,3.44213,3.12556,3.3389,0.90803,0.97001
i1y,i1y,0,47,0.258179,2.49045,2.54947,2.02842,1.97967,1.98051,0.97596,0.97638
i1y,ip,0,47,0.258179,3.36956,3.23380,0.233327,0.1998,0.201278,0.85631,0.86264
i1y,hicp,0,47,0.258179,1.11825,0.93761,0.777363,0.717784,0.736028,0.92336,0.94683
i1y,stoxx,0,47,0.258179,2.28018,2.05724,0.0551007,0.0512356,0.051754,0.92985,0.93926
ip,mps,1,47,0.258179,1.00000,1.00000,25.5877,20.2429,17.7198,0.79112,0.69251
ip,i1y,0,47,0.258179,1.05090,0.68559,13.215,13.1967,13.2093,0.99862,0.99957
ip,ip,0,47,0.258179,2.46493,3.07614,1.25836,1.12674,1.05776,0.89540,0.84059
ip,hicp,0,47,0.258179,1.08741,1.15537,5.79585,5.58896,5.46245,0.96430,0.94248
ip,stoxx,0,47,0.258179,1.15951,1.46384,0.320994,0.315512,0.310823,0.98292,0.96831
hicp,mps,1,47,0.258179,1.00000,1.00000,5.22161,2.40177,2.15425,0.45997,0.41257
hicp,i1y,0,47,0.258179,5.09453,6.25556,2.2361,2.08732,2.05186,0.93347,0.91761
hicp,ip,0,47,0.258179,6.60948,7.23157,0.308077,0.174463,0.161747,0.56630,0.52502
hicp,hicp,0,47,0.258179,5.56316,5.81007,1.41412,0.735189,0.706128,0.51989,0.49934
hicp,stoxx,0,47,0.258179,3.69092,3.83789,0.040774,0.0291431,0.027893,0.71475,0.68409
stoxx,mps,1,47,0.258179,1.00000,1.00000,67.4312,57.8281,56.5681,0.85759,0.83890
stoxx,i1y,0,47,0.258179,1.90969,1.94408,40.1685,39.7871,39.7878,0.99051,0.99052
stoxx,ip,0,47,0.258179,1.54502,1.55336,2.41581,2.32357,2.32443,0.96182,0.96217
stoxx,hicp,0,47,0.258179,0.45128,0.05057,13.2636,13.2336,13.4323,0.99774,1.01272
stoxx,stoxx,0,47,0.258179,2.11950,2.04853,0.971002,0.915707,0.917037,0.94305,0.94442
mps,mps,1,48,0.255224,1.00000,1.00000,0.192318,0.199024,0.201908,1.03487,1.04986
mps,i1y,0,48,0.255224,0.56271,0.05255,0.218628,0.218734,0.218919,1.00049,1.00133
mps,ip,0,48,0.255224,0.36607,0.04951,0.0153062,0.0154528,0.0155144,1.00957,1.01360
mps,hicp,0,48,0.255224,0.33770,0.02654,0.0484979,0.0499234,0.0503168,1.02939,1.03751
mps,stoxx,0,48,0.255224,0.41540,0.06016,0.00359953,0.00362984,0.00364609,1.00842,1.01293
i1y,mps,1,48,0.255224,1.00000,1.00000,4.07057,3.92034,4.0572,0.96309,0.99671
i1y,i1y,0,48,0.255224,2.70294,2.62454,1.65575,1.59192,1.59397,0.96145,0.96268
i1y,ip,0,48,0.255224,3.55676,3.32238,0.269538,0.231544,0.234038,0.85904,0.86829
i1y,hicp,0,48,0.255224,1.12601,0.99592,0.861791,0.793807,0.81024,0.92111,0.94018
i1y,stoxx,0,48,0.255224,2.33045,2.13873,0.0619287,0.0568947,0.0574199,0.91871,0.92719
ip,mps,1,48,0.255224,1.00000,1.00000,27.2213,21.7477,21.1285,0.79892,0.77618
ip,i1y,0,48,0.255224,0.93134,0.73221,13.2642,13.2508,13.2606,0.99899,0.99973
ip,ip,0,48,0.255224,3.00451,3.18745,1.37677,1.19734,1.17469,0.86967,0.85322
ip,hicp,0,48,0.255224,1.25046,1.24751,5.55389,5.16999,5.12407,0.93088,0.92261
ip,stoxx,0,48,0.255224,1.51644,1.52253,0.319242,0.308123,0.307137,0.96517,0.96208
hicp,mps,1,48,0.255224,1.00000,1.00000,5.40409,2.80419,2.54256,0.51890,0.47049
hicp,i1y,0,48,0.255224,5.97934,7.01691,2.31028,2.11104,2.06939,0.91376,0.89573
hicp,ip,0,48,0.255224,5.77610,6.86423,0.280054,0.158945,0.136879,0.56755,0.48876
hicp,hicp,0,48,0.255224,3.88789,4.46628,0.92939,0.614709,0.564863,0.66141,0.60778
hicp,stoxx,0,48,0.255224,4.31973,4.49100,0.0664282,0.0531509,0.0521677,0.80013,0.78533
stoxx,mps,1,48,0.255224,1.00000,1.00000,71.858,62.8681,61.2787,0.87489,0.85277
stoxx,i1y,0,48,0.255224,1.95592,1.83462,49.6635,49.3403,49.3774,0.99349,0.99424
stoxx,ip,0,48,0.255224,1.53106,1.60633,2.50686,2.38532,2.37302,0.95152,0.94661
stoxx,hicp,0,48,0.255224,0.38335,0.06418,12.1307,12.1372,12.2706,1.00054,1.01153
stoxx,stoxx,0,48,0.255224,2.00063,2.08668,0.830105,0.774088,0.769056,0.93252,0.92646
