instrument,b,t_ehw,t_hac,F_eff,R2,N,n_nonzero,sd_z_bp,naive_b,naive_t,naive_F,lead1_t,lead2_t,lead3_t,lag1_t,pred_F,pred_p,ar1,F_excl_crisis,F_winsor,F_2001_08,F_2009_11,F_2012_19,top_month,top_dfbeta,mop_verdict,cov_share_2001_08,cov_share_2009_11,cov_share_2012_19,cov_share_top5,n_half_abs,lagpred_R2,lagpred_p,predchg_t
z_gc_1m_adj_sum,0.007539,2.840,2.802,7.853,0.0474,228,182,3.052,0.001963,0.443,0.196,-2.497,-1.268,0.204,-2.160,2.168,0.0699,-0.184,10.483,4.956,0.361,26.323,34.315,2001-05,0.561,WEAK,0.237,0.629,0.134,0.684,7,0.350,0.0003,-1.827
z_gc_1m_adj_kilian,0.007132,2.056,1.932,3.732,0.0276,228,213,2.461,-0.000055,-0.009,0.000,-1.832,-2.411,0.146,-2.298,3.026,0.0166,0.080,4.458,2.187,0.000,30.501,14.346,2008-11,-0.481,WEAK,-0.011,0.865,0.145,0.732,8,0.384,0.0025,-2.042
z_gc_1m_adj_kilianfix,0.006740,1.832,1.715,2.941,0.0225,228,214,2.353,-0.000939,-0.156,0.024,-1.664,-2.529,0.059,-2.412,3.215,0.0120,0.127,3.274,1.657,0.027,29.333,10.840,2008-11,-0.455,WEAK,-0.089,0.942,0.148,0.763,8,0.390,0.0036,-2.094
z_gc_1m_raw_sum,0.007539,2.840,2.802,7.853,0.0474,228,182,3.052,0.001963,0.443,0.196,-2.497,-1.268,0.204,-2.160,2.168,0.0699,-0.184,10.483,4.956,0.361,26.323,34.315,2001-05,0.561,WEAK,0.237,0.629,0.134,0.684,7,0.350,0.0003,-1.827
z_gc_1m_raw_kilian,0.007132,2.056,1.932,3.732,0.0276,228,213,2.461,-0.000055,-0.009,0.000,-1.832,-2.411,0.146,-2.298,3.026,0.0166,0.080,4.458,2.187,0.000,30.501,14.346,2008-11,-0.481,WEAK,-0.011,0.865,0.145,0.732,8,0.384,0.0025,-2.042
z_gc_1m_raw_kilianfix,0.006740,1.832,1.715,2.941,0.0225,228,214,2.353,-0.000939,-0.156,0.024,-1.664,-2.529,0.059,-2.412,3.215,0.0120,0.127,3.274,1.657,0.027,29.333,10.840,2008-11,-0.455,WEAK,-0.089,0.942,0.148,0.763,8,0.390,0.0036,-2.094
z_gc_3m_sum,0.012821,2.865,3.803,14.464,0.1602,228,194,3.300,0.008914,1.908,3.639,-2.443,-1.125,0.172,-0.769,2.232,0.0629,-0.242,72.186,19.384,4.799,39.136,21.196,2008-11,-0.812,bias < 30%,0.549,0.394,0.057,0.480,6,0.293,0.0001,-0.903
z_gc_3m_kilian,0.015362,2.843,3.629,13.170,0.1509,228,223,2.672,0.011164,1.860,3.460,-1.435,-1.796,-0.368,-1.248,2.500,0.0405,0.018,36.708,15.266,4.003,40.196,16.751,2008-10,0.704,bias < 30%,0.531,0.413,0.056,0.479,7,0.290,0.0008,-0.882
z_gc_3m_kilianfix,0.015830,2.868,3.594,12.914,0.1450,228,222,2.543,0.011194,1.818,3.307,-1.199,-1.907,-0.488,-1.342,2.539,0.0379,0.057,31.659,13.335,3.968,39.662,14.347,2008-10,0.730,bias < 30%,0.534,0.412,0.054,0.490,7,0.292,0.0003,-0.885
z_gc_1y_sum,0.006621,2.564,2.839,8.062,0.0722,228,204,4.289,0.004695,1.410,1.987,-2.030,-1.480,0.139,-1.222,2.266,0.0595,-0.180,14.086,6.655,2.123,12.140,4.047,2008-11,-0.542,WEAK,0.447,0.502,0.051,0.556,8,0.258,0.0000,-0.818
z_gc_1y_kilian,0.007735,2.421,2.761,7.624,0.0695,228,227,3.601,0.005434,1.242,1.542,-1.468,-1.740,-0.700,-1.334,2.563,0.0364,-0.017,14.173,6.328,2.245,10.592,7.614,2008-10,0.538,WEAK,0.480,0.456,0.063,0.531,9,0.285,0.0000,-0.760
z_gc_1y_kilianfix,0.007888,2.383,2.716,7.379,0.0655,228,227,3.430,0.005437,1.167,1.363,-1.316,-1.827,-0.864,-1.338,2.617,0.0333,0.033,13.798,5.757,2.270,9.590,7.762,2008-10,0.550,WEAK,0.491,0.445,0.065,0.550,9,0.293,0.0000,-0.754
z_sp_1m_adj_sum,0.008325,2.480,2.333,5.443,0.0557,228,188,2.998,0.003231,0.644,0.414,-0.287,2.217,-0.388,0.663,0.250,0.9098,-0.047,2.178,7.515,1.407,19.335,0.211,2001-07,-0.814,WEAK,0.344,0.640,0.017,0.708,10,0.236,0.0072,0.198
z_sp_1m_adj_kilian,0.005402,1.571,1.609,2.588,0.0156,228,222,2.441,0.000970,0.179,0.032,1.129,2.807,-1.044,-0.090,0.833,0.5039,0.163,1.397,4.368,1.179,1.935,0.501,2001-07,-0.920,WEAK,0.496,0.452,0.052,0.737,14,0.259,0.0251,0.535
z_sp_1m_adj_kilianfix,0.005073,1.489,1.550,2.403,0.0133,228,221,2.404,0.000875,0.159,0.025,1.280,2.521,-0.939,-0.077,0.922,0.4501,0.195,1.346,3.689,1.216,1.228,0.453,2001-07,-0.806,WEAK,0.545,0.401,0.054,0.770,15,0.259,0.0106,0.574
z_sp_1m_raw_sum,0.014131,1.682,1.638,2.682,0.0731,228,205,2.022,0.005713,0.678,0.459,0.238,1.070,-0.504,0.224,0.371,0.8295,-0.039,1.910,8.956,0.852,34.068,1.309,2001-07,-1.433,WEAK,0.390,0.580,0.030,0.728,7,0.264,0.0063,0.546
z_sp_1m_raw_kilian,0.008293,1.300,1.303,1.698,0.0194,228,224,1.774,0.002608,0.331,0.109,1.287,2.263,-2.371,-0.329,0.670,0.6126,0.121,1.130,3.995,1.005,2.921,1.226,2001-07,-1.820,WEAK,0.628,0.329,0.043,0.823,10,0.286,0.0000,1.106
z_sp_1m_raw_kilianfix,0.007821,1.280,1.298,1.685,0.0165,228,224,1.737,0.002524,0.313,0.098,1.359,2.184,-2.277,-0.259,0.735,0.5678,0.157,1.029,3.309,1.099,1.325,1.093,2001-07,-1.616,WEAK,0.699,0.256,0.044,0.862,10,0.288,0.0000,1.171
z_sp_3m_sum,0.002396,0.243,0.257,0.066,0.0013,228,217,1.607,0.001763,0.170,0.029,0.214,-0.961,1.141,-1.412,0.609,0.6563,-0.071,0.090,0.165,0.988,15.016,0.000,2001-09,-0.788,WEAK,-2.755,3.741,0.014,-0.526,6,0.295,0.0009,0.210
z_sp_3m_kilian,-0.003980,-0.339,-0.397,0.157,0.0022,228,228,1.236,-0.003755,-0.322,0.104,0.710,-0.408,0.419,-2.022,0.968,0.4237,0.211,0.127,0.722,0.296,0.000,0.013,2011-05,0.727,WEAK,0.958,0.040,0.002,1.403,7,0.295,0.0000,0.531
z_sp_3m_kilianfix,-0.004910,-0.429,-0.505,0.255,0.0032,228,228,1.224,-0.004507,-0.396,0.157,0.712,-0.331,0.309,-1.906,0.969,0.4230,0.226,0.096,0.888,0.206,0.065,0.019,2011-05,0.709,WEAK,0.618,0.378,0.004,1.195,8,0.290,0.0000,0.542
z_sp_1y_sum,0.000032,0.005,0.007,0.000,0.0000,228,221,2.646,0.004572,0.770,0.593,0.467,-0.243,-0.681,-0.135,0.497,0.7381,-0.074,0.192,0.025,0.085,0.209,0.289,2008-10,-0.672,WEAK,-36.040,33.003,4.037,7.646,6,0.278,0.0014,0.675
z_sp_1y_kilian,0.001771,0.353,0.388,0.150,0.0012,228,228,2.060,0.009779,1.350,1.821,0.780,-0.061,0.431,-0.056,0.685,0.6021,0.228,0.248,0.000,0.830,0.059,0.001,2011-05,0.663,WEAK,1.484,-0.514,0.030,0.665,9,0.272,0.0000,1.070
z_sp_1y_kilianfix,0.001709,0.355,0.379,0.143,0.0011,228,228,2.049,0.009822,1.341,1.797,0.799,-0.006,0.453,0.011,0.689,0.5991,0.243,0.184,0.019,1.126,0.128,0.008,2011-05,0.651,WEAK,1.785,-0.798,0.014,0.388,9,0.265,0.0000,1.086
z_gcs_1m_adj_sum,0.007909,3.881,3.706,13.733,0.1027,228,215,4.282,0.002556,0.856,0.732,-2.375,0.346,-0.163,-1.256,1.035,0.3875,-0.197,8.743,15.089,1.953,44.155,5.277,2001-03,-0.395,bias < 30%,0.292,0.635,0.074,0.533,10,0.267,0.0010,-1.083
z_gcs_1m_adj_kilian,0.006495,3.071,2.810,7.896,0.0438,228,227,3.407,0.000590,0.168,0.028,-0.491,-0.365,-0.568,-1.873,1.459,0.2116,0.079,5.206,6.162,0.440,19.690,5.281,2001-04,0.376,WEAK,0.206,0.689,0.106,0.765,10,0.248,0.0131,-1.056
z_gcs_1m_adj_kilianfix,0.006118,2.749,2.549,6.499,0.0365,228,227,3.300,0.000107,0.030,0.001,-0.060,-0.540,-0.578,-1.926,1.554,0.1836,0.129,4.250,4.751,0.305,15.289,4.299,2001-04,0.421,WEAK,0.190,0.704,0.106,0.592,11,0.247,0.0047,-1.043
z_gcs_1m_raw_sum,0.009115,3.503,3.517,12.369,0.1045,228,214,3.748,0.003113,0.918,0.842,-2.280,-0.402,-0.112,-1.582,1.578,0.1770,-0.269,9.835,12.906,1.580,19.412,25.236,2008-10,0.525,bias < 30%,0.306,0.607,0.087,0.636,8,0.288,0.0146,-1.379
z_gcs_1m_raw_kilian,0.007715,3.028,2.910,8.468,0.0479,228,227,2.997,0.001180,0.299,0.089,-0.776,-0.957,-0.699,-2.221,1.967,0.0965,-0.005,5.607,5.813,0.493,22.301,13.023,2008-10,0.329,WEAK,0.230,0.663,0.107,0.827,9,0.274,0.0022,-1.374
z_gcs_1m_raw_kilianfix,0.007402,2.747,2.663,7.089,0.0404,228,227,2.868,0.000585,0.141,0.020,-0.317,-1.091,-0.786,-2.320,2.067,0.0822,0.054,4.380,4.488,0.361,19.649,9.746,2001-04,0.360,WEAK,0.216,0.676,0.108,0.884,9,0.275,0.0009,-1.368
z_gcs_3m_sum,0.010785,3.684,4.382,19.201,0.1408,228,226,3.677,0.007784,2.141,4.585,-2.347,-1.253,0.609,-1.318,1.607,0.1695,-0.186,33.119,12.885,3.612,39.775,5.150,2008-10,0.654,bias < 20%,0.408,0.536,0.055,0.499,8,0.287,0.0000,-0.783
z_gcs_3m_kilian,0.012032,3.352,4.023,16.189,0.1116,228,228,2.935,0.009270,2.070,4.284,-1.181,-1.853,-0.148,-2.062,1.938,0.1011,0.043,36.996,12.383,5.302,17.602,5.436,2008-10,0.667,bias < 20%,0.506,0.435,0.059,0.502,8,0.256,0.0000,-0.728
z_gcs_3m_kilianfix,0.012001,3.198,3.774,14.242,0.1021,228,228,2.814,0.009114,1.967,3.870,-0.915,-1.973,-0.294,-2.158,1.978,0.0949,0.079,29.080,10.694,5.354,12.026,4.555,2008-10,0.665,bias < 30%,0.528,0.414,0.058,0.516,8,0.256,0.0000,-0.724
z_gcs_1y_sum,0.004652,2.720,2.828,7.998,0.0508,228,227,5.121,0.004444,2.180,4.754,-1.975,-1.312,-0.262,-0.789,1.958,0.0980,-0.035,11.561,5.011,1.762,8.739,5.013,2001-05,0.396,WEAK,0.380,0.562,0.059,0.625,9,0.245,0.0004,-0.349
z_gcs_1y_kilian,0.005685,2.650,2.822,7.966,0.0549,228,228,4.355,0.005766,2.392,5.723,-1.304,-1.695,-0.279,-1.010,2.504,0.0402,0.129,12.287,5.417,3.665,3.194,7.325,2008-10,0.521,WEAK,0.550,0.389,0.061,0.877,9,0.244,0.0001,-0.115
z_gcs_1y_kilianfix,0.005623,2.416,2.602,6.772,0.0503,228,228,4.217,0.005766,2.222,4.936,-1.064,-1.769,-0.368,-0.974,2.538,0.0379,0.166,10.592,4.493,3.530,2.232,6.871,2008-10,0.556,WEAK,0.584,0.355,0.061,0.931,9,0.250,0.0000,-0.076
z_gc_1m_adj_jk_sum,0.006382,1.657,1.649,2.720,0.0214,228,99,2.423,-0.002434,-0.379,0.143,-2.580,-1.247,-0.320,-0.833,1.965,0.0969,-0.107,4.999,1.956,0.003,33.728,12.552,2001-05,0.755,WEAK,-0.034,0.874,0.160,1.063,5,0.345,0.0000,-2.889
z_gc_1m_adj_jk_kilian,0.006809,1.435,1.349,1.821,0.0173,228,150,2.041,-0.004181,-0.513,0.263,-2.235,-1.991,-0.450,-1.106,2.553,0.0370,0.077,2.874,0.800,0.048,34.571,4.531,2001-05,0.673,WEAK,-0.163,1.014,0.150,1.128,6,0.366,0.0000,-3.228
z_gc_1m_adj_jk_kilianfix,0.006756,1.340,1.246,1.552,0.0156,228,152,1.954,-0.004962,-0.586,0.344,-2.126,-2.101,-0.534,-1.238,2.751,0.0265,0.117,2.266,0.631,0.069,29.518,3.592,2001-05,0.665,WEAK,-0.210,1.059,0.150,1.159,6,0.370,0.0000,-3.336
z_gc_1m_adj_info_sum,0.011092,4.130,4.139,17.132,0.0325,228,88,1.718,0.012137,2.529,6.395,-0.883,-0.792,0.846,-5.429,1.795,0.1267,0.030,14.244,9.164,9.132,11.043,14.390,2011-08,0.686,bias < 20%,0.546,0.349,0.105,0.949,4,0.302,0.0431,0.943
z_gc_1m_adj_info_kilian,0.007501,1.217,1.511,2.285,0.0100,228,140,1.406,0.009660,1.359,1.847,0.227,-1.657,0.926,-4.985,2.188,0.0677,0.300,1.537,0.838,0.234,7.917,3.590,2001-04,0.737,WEAK,0.282,0.581,0.137,1.008,5,0.362,0.0063,1.199
z_gc_1m_adj_info_kilianfix,0.006183,0.877,1.109,1.230,0.0064,228,141,1.364,0.008575,1.106,1.224,0.405,-1.718,0.866,-4.815,2.269,0.0592,0.349,0.727,0.517,0.052,6.883,1.715,2001-05,-0.732,WEAK,0.181,0.678,0.141,1.099,5,0.373,0.0058,1.239
z_gc_1y_jk_sum,0.005068,1.586,1.613,2.602,0.0284,228,111,3.515,-0.000022,-0.004,0.000,-2.297,-0.801,-0.893,-0.616,2.380,0.0493,-0.127,9.236,2.130,0.066,14.921,1.365,2008-11,-0.615,WEAK,0.139,0.818,0.044,0.445,6,0.299,0.0000,-2.221
z_gc_1y_jk_kilian,0.005539,1.531,1.532,2.346,0.0248,228,171,3.004,-0.001100,-0.181,0.033,-2.001,-0.992,-1.245,-0.768,2.589,0.0349,0.025,10.380,1.774,0.070,11.805,4.461,2008-11,-0.649,WEAK,0.151,0.768,0.081,0.794,7,0.297,0.0000,-2.410
z_gc_1y_jk_kilianfix,0.005646,1.498,1.485,2.205,0.0234,228,171,2.861,-0.001606,-0.246,0.061,-1.890,-1.091,-1.308,-0.833,2.661,0.0308,0.081,10.474,1.580,0.071,9.997,4.675,2008-11,-0.646,WEAK,0.157,0.757,0.086,0.811,7,0.300,0.0000,-2.465
z_gc_1y_info_sum,0.009289,2.016,1.999,3.996,0.0492,228,103,2.524,0.014026,2.531,6.405,0.032,-2.005,1.255,-0.933,3.649,0.0056,-0.057,9.038,2.089,3.174,0.583,4.994,2008-10,0.913,WEAK,0.772,0.168,0.060,0.868,4,0.329,0.0000,2.267
z_gc_1y_info_kilian,0.011329,1.777,1.791,3.208,0.0510,228,154,2.107,0.018570,2.408,5.799,0.957,-2.535,0.399,-1.312,3.681,0.0053,0.163,4.929,1.693,2.656,0.491,4.076,2008-10,0.905,WEAK,0.807,0.146,0.046,1.088,4,0.405,0.0000,2.577
z_gc_1y_info_kilianfix,0.011264,1.667,1.683,2.831,0.0470,228,156,2.034,0.019135,2.330,5.429,1.135,-2.527,0.231,-1.231,3.758,0.0046,0.217,3.467,1.581,2.369,0.412,3.009,2008-10,0.880,WEAK,0.822,0.135,0.043,1.112,4,0.414,0.0000,2.656
z_gc_path1y_sum,0.005853,1.910,2.146,4.605,0.0371,228,204,3.478,0.006448,1.691,2.858,-1.136,-1.113,-0.032,-0.081,1.575,0.1777,-0.142,8.146,3.334,2.380,3.260,0.004,2008-10,0.555,WEAK,0.592,0.413,-0.006,0.775,8,0.264,0.0022,0.025
z_gc_path1y_kilian,0.007733,1.977,2.221,4.934,0.0461,228,226,2.936,0.008277,1.631,2.659,-0.920,-0.963,-0.844,-0.454,1.783,0.1291,-0.027,8.870,3.370,2.983,1.975,1.275,2008-10,0.611,WEAK,0.690,0.281,0.028,1.093,8,0.296,0.0033,0.113
z_gc_path1y_kilianfix,0.008066,1.972,2.197,4.828,0.0457,228,226,2.802,0.008675,1.601,2.564,-0.820,-0.991,-0.966,-0.444,1.810,0.1237,0.018,8.720,3.218,3.162,1.483,1.766,2008-10,0.613,WEAK,0.716,0.251,0.033,1.110,8,0.304,0.0023,0.135
z_ext_jk_mp_pm,0.005471,1.510,1.528,2.333,0.0327,228,110,3.495,-0.001333,-0.249,0.062,-2.578,-0.886,-0.582,-0.587,2.041,0.0858,-0.074,17.391,3.096,0.011,32.187,5.750,2008-11,-0.927,WEAK,0.061,0.858,0.081,0.622,6,0.311,0.0002,-2.383
z_ext_jk_mp_median,0.003442,1.058,1.057,1.117,0.0108,228,206,3.185,-0.004796,-0.967,0.935,-2.753,-0.824,-0.050,-0.882,2.876,0.0215,-0.090,4.131,1.426,0.031,14.187,3.331,2008-11,-0.677,WEAK,-0.146,0.829,0.317,0.674,12,0.318,0.0000,-2.773
z_gc_1m_adj_sum_bs,0.008999,3.710,3.803,14.463,0.0621,228,205,2.927,0.009850,2.409,5.801,-1.904,0.127,1.153,-2.246,0.000,1.0000,-0.227,14.329,8.565,1.314,23.989,27.082,2001-05,0.576,bias < 30%,0.324,0.567,0.109,0.849,7,0.293,0.1610,0.310
z_gc_1m_adj_kilian_bs,0.009632,2.950,2.812,7.907,0.0439,228,205,2.300,0.010999,1.895,3.591,-0.901,-0.932,1.453,-2.523,0.000,1.0000,-0.019,6.565,4.782,0.198,29.178,33.123,2001-05,0.422,WEAK,0.152,0.723,0.125,0.905,9,0.302,0.1102,0.351
z_gc_1m_adj_kilianfix_bs,0.009417,2.680,2.534,6.422,0.0379,228,205,2.185,0.010921,1.745,3.046,-0.610,-1.090,1.443,-2.706,0.000,1.0000,0.038,4.849,4.012,0.084,30.205,28.949,2001-04,0.385,WEAK,0.107,0.768,0.125,0.934,9,0.303,0.0784,0.362
z_gc_1m_raw_sum_bs,0.008999,3.710,3.803,14.463,0.0621,228,205,2.927,0.009850,2.409,5.801,-1.904,0.127,1.153,-2.246,0.000,1.0000,-0.227,14.329,8.565,1.314,23.989,27.082,2001-05,0.576,bias < 30%,0.324,0.567,0.109,0.849,7,0.293,0.1610,0.310
z_gc_1m_raw_kilian_bs,0.009632,2.950,2.812,7.907,0.0439,228,205,2.300,0.010999,1.895,3.591,-0.901,-0.932,1.453,-2.523,0.000,1.0000,-0.019,6.565,4.782,0.198,29.178,33.123,2001-05,0.422,WEAK,0.152,0.723,0.125,0.905,9,0.302,0.1102,0.351
z_gc_1m_raw_kilianfix_bs,0.009417,2.680,2.534,6.422,0.0379,228,205,2.185,0.010921,1.745,3.046,-0.610,-1.090,1.443,-2.706,0.000,1.0000,0.038,4.849,4.012,0.084,30.205,28.949,2001-04,0.385,WEAK,0.107,0.768,0.125,0.934,9,0.303,0.0784,0.362
z_gc_3m_sum_bs,0.014366,3.384,4.551,20.707,0.1895,228,205,3.203,0.015278,2.961,8.767,-1.734,0.004,1.252,-0.911,0.000,1.0000,-0.260,83.196,21.671,7.513,31.178,19.211,2008-11,-0.726,bias < 20%,0.567,0.376,0.057,0.463,6,0.243,0.0264,0.323
z_gc_3m_kilian_bs,0.017507,3.344,4.372,19.117,0.1815,228,205,2.572,0.018959,2.974,8.847,-0.642,-0.797,1.041,-1.416,0.000,1.0000,-0.093,45.133,18.173,6.652,31.118,19.445,2008-10,0.740,bias < 20%,0.550,0.393,0.056,0.473,7,0.235,0.4377,0.392
z_gc_3m_kilianfix_bs,0.018129,3.365,4.317,18.639,0.1754,228,205,2.442,0.019723,2.976,8.859,-0.365,-0.982,0.980,-1.518,0.000,1.0000,-0.042,38.837,16.980,6.604,30.503,17.146,2008-10,0.764,bias < 20%,0.554,0.391,0.054,0.484,7,0.235,0.3755,0.407
z_gc_1y_sum_bs,0.007615,3.174,3.541,12.536,0.0898,228,205,4.159,0.008083,2.567,6.592,-1.268,-0.674,1.461,-1.413,0.000,1.0000,-0.212,19.819,9.372,3.892,10.187,4.814,2008-11,-0.479,bias < 30%,0.471,0.471,0.059,0.515,9,0.206,0.0278,0.236
z_gc_1y_kilian_bs,0.008965,2.967,3.455,11.939,0.0854,228,205,3.445,0.009776,2.443,5.969,-0.597,-0.912,0.963,-1.558,0.000,1.0000,-0.054,19.783,8.619,3.963,9.283,6.762,2008-10,0.534,above 10 only,0.501,0.435,0.064,0.501,9,0.225,0.0422,0.309
z_gc_1y_kilianfix_bs,0.009209,2.935,3.431,11.772,0.0812,228,205,3.270,0.010120,2.420,5.854,-0.394,-1.006,0.860,-1.580,0.000,1.0000,-0.003,19.492,8.501,4.079,8.738,6.618,2008-10,0.545,above 10 only,0.511,0.424,0.065,0.518,9,0.229,0.0262,0.324
z_sp_1m_adj_sum_bs,0.008208,2.427,2.275,5.176,0.0537,228,226,2.984,0.008941,1.882,3.543,-0.474,1.859,-0.593,0.642,0.000,1.0000,-0.048,1.991,7.107,1.360,18.369,0.029,2001-07,-0.786,WEAK,0.351,0.645,0.004,0.724,10,0.240,0.0017,0.320
z_sp_1m_adj_kilian_bs,0.004938,1.516,1.507,2.271,0.0128,228,226,2.418,0.005378,1.229,1.511,0.823,1.853,-2.102,-0.067,0.000,1.0000,0.157,1.119,3.540,1.017,1.865,0.146,2001-07,-0.886,WEAK,0.484,0.487,0.029,0.750,16,0.250,0.0024,0.155
z_sp_1m_adj_kilianfix_bs,0.004566,1.417,1.428,2.040,0.0106,228,226,2.379,0.004988,1.155,1.333,0.968,1.607,-2.071,-0.052,0.000,1.0000,0.177,1.050,2.915,1.026,1.180,0.119,2001-07,-0.768,WEAK,0.535,0.436,0.029,0.791,16,0.249,0.0013,0.146
z_sp_1m_raw_sum_bs,0.014007,1.685,1.640,2.689,0.0709,228,226,2.010,0.015374,1.550,2.404,0.047,0.878,-0.713,0.179,0.000,1.0000,-0.032,1.934,9.021,0.839,32.171,0.916,2001-07,-1.408,WEAK,0.389,0.584,0.027,0.732,8,0.270,0.0001,0.510
z_sp_1m_raw_kilian_bs,0.007709,1.277,1.280,1.639,0.0165,228,226,1.759,0.008804,1.200,1.439,1.183,1.309,-3.906,-0.346,0.000,1.0000,0.107,1.106,3.498,0.913,2.959,0.845,2001-07,-1.763,WEAK,0.606,0.348,0.046,0.843,11,0.279,0.0000,0.346
z_sp_1m_raw_kilianfix_bs,0.007176,1.241,1.262,1.593,0.0137,228,226,1.721,0.008290,1.170,1.370,1.258,1.214,-3.849,-0.274,0.000,1.0000,0.133,0.992,2.722,0.987,1.286,0.772,2001-07,-1.551,WEAK,0.679,0.272,0.049,0.891,11,0.280,0.0000,0.335
z_sp_3m_sum_bs,0.002474,0.247,0.262,0.068,0.0014,228,226,1.578,0.003741,0.358,0.128,0.072,-1.161,0.904,-1.542,0.000,1.0000,-0.071,0.062,0.164,0.974,14.793,0.066,2001-09,-0.793,WEAK,-2.709,3.782,-0.073,-0.239,6,0.298,0.0031,0.351
z_sp_3m_kilian_bs,-0.004334,-0.368,-0.439,0.192,0.0025,228,226,1.222,-0.002990,-0.266,0.071,0.478,-0.886,-0.073,-2.156,0.000,1.0000,0.216,0.048,0.963,0.361,0.000,0.182,2011-05,0.788,WEAK,0.944,-0.009,0.065,1.127,7,0.284,0.0000,0.270
z_sp_3m_kilianfix_bs,-0.005275,-0.459,-0.551,0.304,0.0037,228,226,1.211,-0.003875,-0.353,0.124,0.487,-0.801,-0.178,-2.021,0.000,1.0000,0.231,0.027,1.180,0.261,0.053,0.200,2011-05,0.768,WEAK,0.625,0.319,0.056,0.978,8,0.278,0.0000,0.278
z_sp_1y_sum_bs,0.000211,0.033,0.043,0.002,0.0000,228,226,2.632,0.001635,0.253,0.064,0.564,-0.075,-0.524,-0.173,0.000,1.0000,-0.116,0.238,0.013,0.099,0.268,2.527,2008-10,-0.695,WEAK,-6.095,5.653,1.443,0.356,6,0.266,0.0099,0.420
z_sp_1y_kilian_bs,0.001747,0.336,0.378,0.143,0.0011,228,226,2.041,0.003352,0.421,0.178,0.733,-0.215,0.201,-0.078,0.000,1.0000,0.191,0.244,0.008,0.527,0.036,1.319,2011-05,0.673,WEAK,1.183,-0.378,0.195,0.574,9,0.261,0.0000,0.316
z_sp_1y_kilianfix_bs,0.001673,0.336,0.369,0.136,0.0010,228,226,2.029,0.003274,0.413,0.171,0.741,-0.155,0.207,-0.010,0.000,1.0000,0.205,0.179,0.004,0.799,0.091,1.074,2011-05,0.664,WEAK,1.481,-0.668,0.187,0.333,9,0.254,0.0000,0.312
z_gcs_1m_adj_sum_bs,0.008541,4.091,3.868,14.965,0.1151,228,226,4.199,0.009321,2.818,7.943,-1.834,1.203,0.387,-1.329,0.000,1.0000,-0.164,9.307,16.646,2.678,46.153,3.435,2001-07,-0.421,bias < 30%,0.337,0.603,0.060,0.544,9,0.235,0.0320,0.401
z_gcs_1m_adj_kilian_bs,0.007141,3.277,3.026,9.158,0.0505,228,226,3.328,0.008018,2.196,4.821,0.203,0.354,0.062,-1.987,0.000,1.0000,0.038,5.452,7.103,1.001,15.181,3.079,2001-07,-0.345,WEAK,0.276,0.643,0.081,0.717,11,0.212,0.0033,0.344
z_gcs_1m_adj_kilianfix_bs,0.006753,2.956,2.757,7.603,0.0423,228,226,3.220,0.007666,2.047,4.192,0.560,0.167,0.060,-2.049,0.000,1.0000,0.084,4.410,5.519,0.781,11.621,2.361,2001-04,0.378,WEAK,0.267,0.654,0.079,0.766,11,0.210,0.0013,0.345
z_gcs_1m_raw_sum_bs,0.010052,3.794,3.714,13.797,0.1206,228,226,3.652,0.011007,2.888,8.339,-1.747,0.533,0.608,-1.667,0.000,1.0000,-0.250,10.971,14.365,2.334,19.644,16.716,2008-10,0.550,bias < 30%,0.351,0.573,0.077,0.608,8,0.243,0.1105,0.489
z_gcs_1m_raw_kilian_bs,0.008769,3.375,3.223,10.391,0.0581,228,226,2.906,0.010015,2.458,6.041,0.377,-0.082,0.247,-2.378,0.000,1.0000,-0.061,6.612,7.200,1.145,19.163,8.785,2001-07,-0.377,above 10 only,0.301,0.609,0.090,0.752,9,0.225,0.0000,0.493
z_gcs_1m_raw_kilianfix_bs,0.008485,3.090,2.977,8.862,0.0497,228,226,2.777,0.009831,2.312,5.344,0.780,-0.230,0.219,-2.507,0.000,1.0000,-0.004,5.192,5.632,0.945,16.450,6.441,2008-10,0.338,WEAK,0.295,0.616,0.089,0.792,9,0.224,0.0000,0.505
z_gcs_3m_sum_bs,0.012021,4.276,5.160,26.628,0.1656,228,226,3.579,0.012994,3.519,12.382,-1.795,-0.447,1.426,-1.475,0.000,1.0000,-0.176,43.811,18.451,6.013,37.158,5.257,2008-10,0.711,bias < 10%,0.435,0.511,0.054,0.488,8,0.239,0.0105,0.407
z_gcs_3m_kilian_bs,0.013512,3.758,4.487,20.135,0.1335,228,226,2.858,0.014963,3.478,12.094,-0.484,-1.099,0.999,-2.228,0.000,1.0000,-0.032,40.832,16.794,8.279,14.229,5.502,2008-10,0.703,bias < 20%,0.529,0.413,0.057,0.661,8,0.211,0.0225,0.495
z_gcs_3m_kilianfix_bs,0.013536,3.551,4.155,17.263,0.1230,228,226,2.738,0.015114,3.353,11.244,-0.158,-1.267,0.889,-2.326,0.000,1.0000,0.012,30.954,14.011,8.122,10.148,4.578,2008-10,0.695,bias < 20%,0.551,0.393,0.056,0.673,9,0.211,0.0066,0.517
z_gcs_1y_sum_bs,0.005405,3.099,3.322,11.037,0.0649,228,226,4.981,0.006125,3.262,10.638,-0.771,-0.598,1.121,-0.973,0.000,1.0000,-0.095,16.053,7.013,2.784,7.996,8.385,2009-06,-0.371,above 10 only,0.398,0.524,0.079,0.553,10,0.193,0.0041,0.541
z_gcs_1y_kilian_bs,0.006545,3.160,3.314,10.984,0.0690,228,226,4.241,0.007489,3.196,10.213,-0.089,-0.913,1.036,-1.187,0.000,1.0000,0.073,16.541,7.140,5.306,3.398,11.468,2008-10,0.478,above 10 only,0.546,0.371,0.083,0.772,9,0.204,0.0111,0.763
z_gcs_1y_kilianfix_bs,0.006504,2.890,3.058,9.353,0.0638,228,226,4.105,0.007515,2.962,8.776,0.170,-0.966,0.915,-1.149,0.000,1.0000,0.110,14.043,6.237,5.002,2.463,11.130,2008-10,0.518,WEAK,0.575,0.340,0.084,0.816,9,0.210,0.0041,0.796
z_gc_1m_adj_jk_sum_bs,0.008126,2.347,2.471,6.105,0.0316,228,205,2.311,0.007995,1.468,2.155,-2.323,0.540,0.917,-0.841,0.000,1.0000,-0.127,6.667,1.686,0.139,25.569,7.342,2001-05,0.801,WEAK,0.167,0.731,0.102,0.951,6,0.280,0.1458,-0.038
z_gc_1m_adj_jk_kilian_bs,0.009799,2.275,2.221,4.931,0.0308,228,205,1.894,0.009547,1.324,1.752,-1.696,-0.053,1.116,-1.180,0.000,1.0000,-0.021,4.395,1.543,0.052,27.974,6.640,2001-05,0.734,WEAK,0.109,0.787,0.104,0.949,6,0.272,0.2231,-0.054
z_gc_1m_adj_jk_kilianfix_bs,0.010038,2.162,2.073,4.299,0.0292,228,205,1.800,0.009750,1.256,1.577,-1.473,-0.224,1.124,-1.341,0.000,1.0000,0.032,3.465,1.388,0.032,26.574,5.745,2001-05,0.726,WEAK,0.091,0.806,0.103,0.964,7,0.268,0.1776,-0.058
z_gc_1m_adj_info_sum_bs,0.011740,4.349,4.431,19.636,0.0354,228,205,1.694,0.014527,2.937,8.626,-0.552,-0.432,1.157,-5.415,0.000,1.0000,0.010,15.604,8.177,10.547,11.739,17.980,2011-08,0.684,bias < 20%,0.527,0.355,0.118,0.928,5,0.280,0.0012,0.876
z_gc_1m_adj_info_kilian_bs,0.008286,1.327,1.638,2.682,0.0117,228,205,1.379,0.012561,1.736,3.013,0.665,-1.402,1.340,-5.014,0.000,1.0000,0.282,1.689,1.148,0.222,9.170,7.501,2001-05,-0.696,WEAK,0.250,0.579,0.171,0.945,6,0.338,0.0004,1.068
z_gc_1m_adj_info_kilianfix_bs,0.006944,0.967,1.213,1.470,0.0077,228,205,1.337,0.011478,1.442,2.078,0.849,-1.469,1.295,-4.857,0.000,1.0000,0.332,0.812,0.871,0.042,8.016,4.085,2001-05,-0.753,WEAK,0.146,0.669,0.184,1.014,6,0.349,0.0008,1.091
z_gc_1y_jk_sum_bs,0.006400,2.105,2.228,4.965,0.0417,228,205,3.371,0.006022,1.339,1.794,-1.750,0.221,0.795,-0.711,0.000,1.0000,-0.181,10.360,3.514,0.503,15.756,0.651,2008-07,-0.584,WEAK,0.277,0.700,0.024,0.434,7,0.239,0.0113,-0.151
z_gc_1y_jk_kilian_bs,0.007110,2.084,2.208,4.876,0.0364,228,205,2.837,0.006424,1.190,1.415,-1.268,0.003,0.664,-0.861,0.000,1.0000,-0.042,11.782,2.914,0.552,12.392,1.457,2008-11,-0.518,WEAK,0.301,0.662,0.037,0.753,7,0.221,0.0396,-0.214
z_gc_1y_jk_kilianfix_bs,0.007355,2.078,2.193,4.810,0.0349,228,205,2.686,0.006584,1.152,1.327,-1.101,-0.126,0.657,-0.930,0.000,1.0000,0.012,12.093,2.658,0.588,10.826,1.382,2008-11,-0.515,WEAK,0.314,0.649,0.037,0.770,7,0.217,0.0296,-0.223
z_gc_1y_info_sum_bs,0.009803,2.258,2.340,5.477,0.0518,228,205,2.453,0.011863,2.248,5.053,0.361,-1.689,1.731,-1.151,0.000,1.0000,-0.115,13.568,2.735,3.637,0.734,7.182,2008-10,0.858,WEAK,0.710,0.188,0.101,0.757,5,0.289,0.0000,0.978
z_gc_1y_info_kilian_bs,0.012077,1.937,2.043,4.175,0.0532,228,205,2.018,0.015796,2.130,4.536,1.165,-2.143,0.831,-1.777,0.000,1.0000,0.098,6.956,2.066,2.674,0.635,10.019,2008-10,0.842,WEAK,0.732,0.172,0.096,0.986,5,0.353,0.0000,1.275
z_gc_1y_info_kilianfix_bs,0.012045,1.805,1.906,3.633,0.0489,228,205,1.941,0.016105,2.027,4.109,1.335,-2.152,0.615,-1.698,0.000,1.0000,0.154,4.791,1.899,2.302,0.548,9.342,2008-10,0.810,WEAK,0.741,0.162,0.097,1.004,5,0.360,0.0000,1.313
z_gc_path1y_sum_bs,0.006466,2.275,2.598,6.747,0.0437,228,205,3.416,0.006801,1.864,3.476,-0.599,-0.734,0.863,-0.224,0.000,1.0000,-0.161,11.515,4.660,3.431,3.690,0.347,2008-10,0.520,WEAK,0.576,0.403,0.021,0.690,9,0.238,0.0089,0.146
z_gc_path1y_kilian_bs,0.008297,2.273,2.612,6.823,0.0503,228,205,2.856,0.008872,1.787,3.194,-0.323,-0.565,0.069,-0.632,0.000,1.0000,-0.011,12.113,4.121,4.039,2.450,1.193,2008-10,0.579,WEAK,0.676,0.291,0.033,1.009,8,0.262,0.0031,0.186
z_gc_path1y_kilianfix_bs,0.008662,2.270,2.585,6.682,0.0496,228,205,2.718,0.009311,1.758,3.091,-0.197,-0.594,-0.072,-0.630,0.000,1.0000,0.040,11.913,3.848,4.286,1.922,1.407,2008-10,0.579,WEAK,0.702,0.262,0.036,1.027,8,0.267,0.0014,0.195
z_ext_jk_mp_pm_bs,0.006969,2.114,2.227,4.961,0.0481,228,226,3.327,0.006347,1.162,1.351,-1.996,0.612,1.062,-0.628,0.000,1.0000,-0.136,24.114,4.065,0.258,31.292,3.824,2008-11,-0.849,WEAK,0.217,0.732,0.052,0.600,6,0.239,0.1677,-0.206
z_ext_jk_mp_median_bs,0.004827,1.519,1.567,2.457,0.0191,228,226,3.022,0.004088,0.842,0.709,-2.252,0.938,1.588,-0.965,0.000,1.0000,-0.162,4.764,2.202,0.075,7.812,2.723,2008-11,-0.533,WEAK,0.151,0.637,0.212,0.625,12,0.239,0.0001,-0.249
