instrument,b,t_ehw,t_hac,F_eff,R2,N,n_nonzero,sd_z_bp,naive_b,naive_t,naive_F,lead1_t,lead2_t,lead3_t,lag1_t,pred_F,pred_p,ar1,F_excl_crisis,F_winsor,F_2001_08,F_2009_11,F_2012_19,top_month,top_dfbeta,mop_verdict
z_gc_1m_adj_sum,-0.001519,-0.471,-0.462,0.214,0.0024,228,182,3.052,-0.007248,-1.618,2.617,-1.978,0.015,-1.669,-0.050,2.143,0.0728,-0.184,0.026,0.316,2.737,13.978,13.273,2008-11,-0.698,WEAK
z_gc_1m_adj_kilian,-0.000052,-0.013,-0.013,0.000,0.0000,228,213,2.461,-0.006126,-0.954,0.910,-2.136,-0.472,-1.382,-0.571,2.925,0.0197,0.080,1.482,0.052,1.531,21.278,32.315,2008-11,-0.750,WEAK
z_gc_1m_adj_kilianfix,0.000051,0.013,0.012,0.000,0.0000,228,214,2.353,-0.006257,-0.919,0.844,-2.100,-0.584,-1.354,-0.688,3.088,0.0149,0.127,1.604,0.042,1.353,25.049,33.541,2008-11,-0.735,WEAK
z_gc_1m_raw_sum,-0.001519,-0.471,-0.462,0.214,0.0024,228,182,3.052,-0.007248,-1.618,2.617,-1.978,0.015,-1.669,-0.050,2.143,0.0728,-0.184,0.026,0.316,2.737,13.978,13.273,2008-11,-0.698,WEAK
z_gc_1m_raw_kilian,-0.000052,-0.013,-0.013,0.000,0.0000,228,213,2.461,-0.006126,-0.954,0.910,-2.136,-0.472,-1.382,-0.571,2.925,0.0197,0.080,1.482,0.052,1.531,21.278,32.315,2008-11,-0.750,WEAK
z_gc_1m_raw_kilianfix,0.000051,0.013,0.012,0.000,0.0000,228,214,2.353,-0.006257,-0.919,0.844,-2.100,-0.584,-1.354,-0.688,3.088,0.0149,0.127,1.604,0.042,1.353,25.049,33.541,2008-11,-0.735,WEAK
z_gc_3m_sum,0.000012,0.003,0.003,0.000,0.0000,228,194,3.300,-0.002177,-0.404,0.163,-1.912,0.706,-0.225,0.609,1.153,0.3293,-0.242,4.042,0.134,0.400,18.793,12.686,2008-11,-0.984,WEAK
z_gc_3m_kilian,0.002002,0.387,0.362,0.131,0.0031,228,223,2.672,0.002324,0.293,0.086,-1.477,0.067,0.051,0.082,1.331,0.2557,0.018,13.017,0.325,0.054,15.537,20.687,2008-11,-0.938,WEAK
z_gc_3m_kilianfix,0.002358,0.452,0.417,0.174,0.0039,228,222,2.543,0.002868,0.348,0.121,-1.372,-0.058,0.096,-0.005,1.375,0.2397,0.057,13.387,0.296,0.027,13.807,22.132,2008-11,-0.899,WEAK
z_gc_1y_sum,0.002213,0.794,0.736,0.541,0.0099,228,204,4.289,0.000296,0.065,0.004,-1.702,-0.412,0.281,-0.670,0.648,0.6286,-0.180,12.187,0.352,0.056,11.160,6.494,2008-11,-0.813,WEAK
z_gc_1y_kilian,0.002844,0.824,0.750,0.563,0.0115,228,227,3.601,0.000831,0.138,0.019,-1.236,-0.918,0.385,-1.212,0.746,0.5607,-0.017,17.814,0.375,0.099,9.084,8.661,2008-11,-0.796,WEAK
z_gc_1y_kilianfix,0.002860,0.799,0.722,0.521,0.0106,228,227,3.430,0.000794,0.123,0.015,-1.121,-1.025,0.361,-1.303,0.764,0.5486,0.033,16.619,0.326,0.100,7.393,9.030,2008-11,-0.766,WEAK
z_sp_1m_adj_sum,0.002106,0.692,0.683,0.467,0.0044,228,188,2.998,-0.002858,-0.546,0.298,1.550,-0.735,-1.919,1.450,0.524,0.7183,-0.047,0.110,1.271,0.651,0.054,0.444,2001-07,-0.565,WEAK
z_sp_1m_adj_kilian,0.004314,0.931,0.899,0.809,0.0122,228,222,2.441,-0.000327,-0.042,0.002,2.104,-0.084,-2.077,0.794,0.219,0.9278,0.163,0.028,1.561,0.927,0.035,0.419,2001-07,-0.888,WEAK
z_sp_1m_adj_kilianfix,0.004549,0.978,0.946,0.894,0.0131,228,221,2.404,0.000145,0.018,0.000,2.045,0.069,-1.943,0.704,0.197,0.9399,0.195,0.010,1.627,1.023,0.041,0.413,2001-07,-0.848,WEAK
z_sp_1m_raw_sum,0.001668,0.450,0.435,0.189,0.0012,228,205,2.022,-0.005223,-0.758,0.575,1.928,-1.260,-1.883,2.021,0.912,0.4557,-0.039,0.096,1.584,0.031,1.167,0.035,2001-07,-1.198,WEAK
z_sp_1m_raw_kilian,0.005732,0.826,0.814,0.663,0.0114,228,224,1.774,-0.000659,-0.065,0.004,2.569,-0.338,-1.966,1.992,0.756,0.5536,0.121,0.014,2.552,0.462,3.974,0.034,2001-07,-1.779,WEAK
z_sp_1m_raw_kilianfix,0.006397,0.883,0.876,0.768,0.0136,228,224,1.737,0.000156,0.015,0.000,2.417,-0.130,-1.994,1.921,0.735,0.5680,0.157,0.047,2.710,0.552,4.256,0.037,2001-07,-1.657,WEAK
z_sp_3m_sum,0.007178,0.992,1.108,1.228,0.0146,228,217,1.607,0.006395,0.695,0.483,-0.207,0.180,0.268,0.352,0.426,0.7900,-0.071,0.681,2.254,0.626,2.635,0.004,2008-11,0.579,WEAK
z_sp_3m_kilian,0.011242,1.497,1.457,2.122,0.0212,228,228,1.236,0.013891,1.164,1.355,1.102,-0.849,0.703,-0.604,0.575,0.6807,0.211,1.584,2.475,1.629,1.652,0.015,2008-11,0.581,WEAK
z_sp_3m_kilianfix,0.011007,1.528,1.462,2.139,0.0199,228,228,1.224,0.014133,1.188,1.411,1.178,-0.870,0.718,-0.654,0.590,0.6698,0.226,1.647,2.537,1.694,1.300,0.020,2008-11,0.538,WEAK
z_sp_1y_sum,0.005711,0.885,0.929,0.862,0.0251,228,221,2.646,0.011600,1.498,2.243,0.220,-1.396,-0.628,-0.067,0.643,0.6321,-0.074,0.801,0.870,0.655,0.131,4.511,2008-11,0.964,WEAK
z_sp_1y_kilian,0.010559,1.907,1.771,3.137,0.0519,228,228,2.060,0.021423,2.024,4.096,0.633,-0.749,-1.237,0.320,0.851,0.4927,0.228,5.105,2.965,2.234,0.550,6.245,2008-11,0.810,WEAK
z_sp_1y_kilianfix,0.010208,1.990,1.837,3.375,0.0480,228,228,2.049,0.021369,2.030,4.123,0.654,-0.664,-1.261,0.372,0.852,0.4919,0.243,5.241,3.072,2.335,0.547,6.090,2008-11,0.758,WEAK
z_gcs_1m_adj_sum,0.000260,0.156,0.147,0.021,0.0001,228,215,4.282,-0.004675,-1.691,2.859,0.092,-0.479,-2.791,0.953,1.371,0.2410,-0.197,0.009,0.049,1.590,2.133,0.780,2011-02,-0.451,WEAK
z_gcs_1m_adj_kilian,0.002187,1.231,1.199,1.438,0.0061,228,227,3.407,-0.003241,-0.913,0.834,0.155,-0.380,-2.206,0.105,1.708,0.1449,0.079,0.516,1.318,0.049,4.902,0.977,2011-10,0.509,WEAK
z_gcs_1m_adj_kilianfix,0.002440,1.343,1.336,1.785,0.0071,228,227,3.300,-0.002990,-0.825,0.680,0.161,-0.359,-2.078,-0.036,1.757,0.1345,0.129,0.686,1.555,0.222,4.953,0.916,2011-10,0.514,WEAK
z_gcs_1m_raw_sum,-0.000522,-0.251,-0.237,0.056,0.0004,228,214,3.748,-0.006028,-1.971,3.885,-0.177,-0.553,-2.486,1.138,1.932,0.1021,-0.269,0.000,0.044,3.682,10.493,5.012,2008-11,-0.537,WEAK
z_gcs_1m_raw_kilian,0.001973,1.003,0.981,0.963,0.0038,228,227,2.997,-0.004367,-1.207,1.456,-0.336,-0.535,-2.213,0.566,2.434,0.0451,-0.005,1.148,0.802,0.718,30.040,8.746,2011-10,0.673,WEAK
z_gcs_1m_raw_kilianfix,0.002380,1.195,1.198,1.434,0.0051,228,227,2.868,-0.004135,-1.122,1.259,-0.365,-0.535,-2.189,0.449,2.519,0.0391,0.054,1.542,1.203,0.361,34.505,8.182,2011-10,0.684,WEAK
z_gcs_3m_sum,0.001381,0.449,0.415,0.172,0.0028,228,226,3.677,-0.000784,-0.172,0.030,-1.641,0.687,-0.083,0.765,0.839,0.5000,-0.186,4.605,0.167,0.127,11.275,4.391,2008-11,-0.802,WEAK
z_gcs_3m_kilian,0.003652,0.980,0.913,0.833,0.0126,228,228,2.935,0.004178,0.667,0.445,-0.851,-0.213,0.307,-0.128,1.055,0.3769,0.043,14.101,0.699,0.036,10.092,5.323,2008-11,-0.810,WEAK
z_gcs_3m_kilianfix,0.004010,1.067,0.987,0.975,0.0140,228,228,2.814,0.004786,0.739,0.547,-0.736,-0.351,0.349,-0.258,1.104,0.3528,0.079,14.700,0.811,0.085,8.378,5.009,2008-11,-0.772,WEAK
z_gcs_1y_sum,0.003076,1.766,1.706,2.909,0.0272,228,227,5.121,0.003235,1.107,1.226,-1.201,-1.020,-0.066,-0.737,0.974,0.4200,-0.035,6.984,2.552,1.167,4.736,9.603,2008-06,0.509,WEAK
z_gcs_1y_kilian,0.004307,2.579,2.441,5.956,0.0386,228,228,4.355,0.005311,1.921,3.689,-0.698,-1.217,-0.181,-0.991,1.005,0.4034,0.129,16.536,6.145,3.394,4.690,10.224,2008-06,0.616,WEAK
z_gcs_1y_kilianfix,0.004301,2.462,2.333,5.442,0.0361,228,228,4.217,0.005491,1.929,3.721,-0.553,-1.259,-0.237,-0.982,1.000,0.4060,0.166,16.015,5.681,3.121,3.916,10.295,2008-06,0.603,WEAK
z_gc_1m_adj_jk_sum,-0.003152,-0.696,-0.662,0.438,0.0064,228,99,2.423,-0.012646,-1.999,3.997,-1.053,-0.543,-1.440,-0.121,2.128,0.0746,-0.107,0.010,0.706,2.535,9.462,1.365,2008-11,-0.787,WEAK
z_gc_1m_adj_jk_kilian,-0.002048,-0.378,-0.353,0.124,0.0019,228,150,2.041,-0.011507,-1.307,1.708,-1.450,-0.621,-1.502,-0.285,2.751,0.0265,0.077,0.677,0.287,1.460,12.769,1.683,2008-11,-0.798,WEAK
z_gc_1m_adj_jk_kilianfix,-0.002048,-0.361,-0.335,0.112,0.0018,228,152,1.954,-0.011809,-1.261,1.591,-1.462,-0.663,-1.531,-0.338,2.920,0.0199,0.117,0.730,0.267,1.312,14.065,1.401,2008-11,-0.781,WEAK
z_gc_1m_adj_info_sum,0.001475,0.397,0.401,0.161,0.0007,228,88,1.718,0.003624,0.558,0.311,-2.580,0.894,-1.132,0.208,1.434,0.2196,0.030,0.030,0.043,0.511,6.911,29.294,2001-06,-0.612,WEAK
z_gc_1m_adj_info_kilian,0.004159,1.146,1.244,1.546,0.0038,228,140,1.406,0.006852,0.904,0.817,-2.105,0.031,-0.181,-0.573,1.719,0.1425,0.300,1.129,0.908,0.066,7.826,23.557,2001-10,-0.649,WEAK
z_gc_1m_adj_info_kilianfix,0.004357,1.183,1.286,1.654,0.0039,228,141,1.364,0.007305,0.933,0.871,-1.943,-0.119,-0.062,-0.643,1.778,0.1301,0.349,1.246,1.044,0.025,7.432,21.558,2001-10,-0.642,WEAK
z_gc_1y_jk_sum,0.001313,0.326,0.302,0.091,0.0023,228,111,3.515,-0.004122,-0.624,0.390,-1.209,-0.326,-0.029,-0.479,1.548,0.1852,-0.127,7.688,0.032,0.001,6.811,0.595,2008-11,-0.825,WEAK
z_gc_1y_jk_kilian,0.002309,0.472,0.428,0.183,0.0053,228,171,3.004,-0.004790,-0.560,0.314,-1.196,-0.456,-0.065,-0.783,1.636,0.1620,0.025,13.974,0.088,0.011,8.953,0.788,2008-11,-0.832,WEAK
z_gc_1y_jk_kilianfix,0.002361,0.457,0.411,0.169,0.0050,228,171,2.861,-0.005343,-0.580,0.337,-1.131,-0.522,-0.084,-0.841,1.684,0.1505,0.081,13.998,0.082,0.010,8.020,0.683,2008-11,-0.821,WEAK
z_gc_1y_info_sum,0.003846,2.116,1.988,3.952,0.0103,228,103,2.524,0.009171,2.538,6.439,-1.199,-0.266,0.566,-0.354,3.321,0.0100,-0.057,5.279,3.692,2.100,4.170,44.074,2011-08,-0.458,WEAK
z_gc_1y_info_kilian,0.003613,1.553,1.612,2.600,0.0064,228,154,2.107,0.012537,2.861,8.183,-0.384,-1.060,0.804,-0.597,3.126,0.0140,0.163,4.592,2.336,1.821,2.366,56.886,2001-10,-0.415,WEAK
z_gc_1y_info_kilianfix,0.003462,1.365,1.448,2.095,0.0054,228,156,2.034,0.013241,2.879,8.290,-0.277,-1.158,0.783,-0.623,3.179,0.0127,0.217,3.847,1.815,1.650,1.714,51.806,2001-10,-0.395,WEAK
z_gc_path1y_sum,0.003983,1.324,1.208,1.459,0.0211,228,204,3.478,0.004577,0.882,0.779,-1.062,-0.371,1.114,-0.900,0.162,0.9576,-0.142,19.017,0.583,1.234,1.724,1.511,2008-11,-0.676,WEAK
z_gc_path1y_kilian,0.004090,1.082,0.971,0.943,0.0158,228,226,2.936,0.004238,0.622,0.387,-0.583,-0.807,1.304,-1.183,0.249,0.9104,-0.027,17.490,0.360,0.807,0.922,3.093,2008-11,-0.650,WEAK
z_gc_path1y_kilianfix,0.004034,1.024,0.915,0.837,0.0140,228,226,2.802,0.004289,0.592,0.350,-0.476,-0.879,1.266,-1.220,0.270,0.8974,0.018,15.621,0.345,0.760,0.526,3.540,2008-06,0.638,WEAK
z_gc_1m_adj_sum_bs,-0.001588,-0.500,-0.513,0.263,0.0024,228,205,2.939,-0.000724,-0.137,0.019,-0.844,0.977,-0.317,-0.120,0.000,1.0000,-0.244,0.005,0.372,2.692,9.050,11.977,2008-11,-0.658,WEAK
z_gc_1m_adj_kilian_bs,0.000090,0.023,0.025,0.001,0.0000,228,205,2.312,0.001088,0.154,0.024,-1.052,0.765,0.148,-0.782,0.000,1.0000,-0.032,1.184,0.044,1.431,10.883,39.692,2008-11,-0.715,WEAK
z_gc_1m_adj_kilianfix_bs,0.000228,0.057,0.059,0.003,0.0000,228,205,2.196,0.001368,0.182,0.033,-1.044,0.714,0.225,-0.931,0.000,1.0000,0.026,1.321,0.028,1.226,11.241,39.218,2008-11,-0.698,WEAK
z_gc_1m_raw_sum_bs,-0.001588,-0.500,-0.513,0.263,0.0024,228,205,2.939,-0.000724,-0.137,0.019,-0.844,0.977,-0.317,-0.120,0.000,1.0000,-0.244,0.005,0.372,2.692,9.050,11.977,2008-11,-0.658,WEAK
z_gc_1m_raw_kilian_bs,0.000090,0.023,0.025,0.001,0.0000,228,205,2.312,0.001088,0.154,0.024,-1.052,0.765,0.148,-0.782,0.000,1.0000,-0.032,1.184,0.044,1.431,10.883,39.692,2008-11,-0.715,WEAK
z_gc_1m_raw_kilianfix_bs,0.000228,0.057,0.059,0.003,0.0000,228,205,2.196,0.001368,0.182,0.033,-1.044,0.714,0.225,-0.931,0.000,1.0000,0.026,1.321,0.028,1.226,11.241,39.218,2008-11,-0.698,WEAK
z_gc_3m_sum_bs,0.000142,0.032,0.032,0.001,0.0000,228,205,3.261,0.000222,0.033,0.001,-1.368,1.378,0.287,0.550,0.000,1.0000,-0.263,3.812,0.110,0.297,14.870,12.419,2008-11,-0.975,WEAK
z_gc_3m_kilian_bs,0.002108,0.406,0.388,0.150,0.0034,228,205,2.624,0.002180,0.252,0.064,-1.066,0.784,0.633,-0.001,0.000,1.0000,-0.094,12.236,0.264,0.024,12.817,22.238,2008-11,-0.926,WEAK
z_gc_3m_kilianfix_bs,0.002472,0.472,0.445,0.198,0.0042,228,205,2.492,0.002580,0.285,0.081,-0.988,0.687,0.698,-0.092,0.000,1.0000,-0.043,12.590,0.242,0.007,11.345,23.517,2008-11,-0.886,WEAK
z_gc_1y_sum_bs,0.002348,0.811,0.761,0.579,0.0109,228,205,4.249,0.001960,0.388,0.150,-1.255,0.320,0.880,-0.722,0.000,1.0000,-0.198,13.064,0.366,0.083,9.463,7.446,2008-11,-0.824,WEAK
z_gc_1y_kilian_bs,0.002847,0.785,0.727,0.528,0.0112,228,205,3.540,0.002531,0.379,0.144,-0.870,-0.107,1.110,-1.287,0.000,1.0000,-0.038,18.409,0.308,0.103,8.146,9.294,2008-11,-0.807,WEAK
z_gc_1y_kilianfix_bs,0.002857,0.756,0.695,0.483,0.0101,228,205,3.364,0.002603,0.365,0.134,-0.760,-0.189,1.111,-1.391,0.000,1.0000,0.014,16.965,0.260,0.102,6.676,9.616,2008-11,-0.779,WEAK
z_sp_1m_adj_sum_bs,0.002432,0.781,0.770,0.592,0.0057,228,226,2.970,0.005885,1.047,1.096,2.063,-0.007,-1.182,1.342,0.000,1.0000,-0.060,0.020,1.883,0.787,0.036,0.147,2001-07,-0.608,WEAK
z_sp_1m_adj_kilian_bs,0.004490,0.964,0.932,0.868,0.0131,228,226,2.430,0.010235,1.242,1.543,2.499,0.516,-1.201,0.703,0.000,1.0000,0.165,0.002,1.766,0.951,0.018,0.172,2001-07,-0.932,WEAK
z_sp_1m_adj_kilianfix_bs,0.004709,1.010,0.977,0.955,0.0139,228,226,2.394,0.010669,1.285,1.651,2.412,0.631,-1.119,0.621,0.000,1.0000,0.186,0.000,1.815,1.045,0.022,0.175,2001-07,-0.888,WEAK
z_sp_1m_raw_sum_bs,0.002337,0.594,0.570,0.324,0.0024,228,226,2.000,0.007636,1.106,1.224,2.737,-0.346,-1.285,2.032,0.000,1.0000,-0.046,0.000,2.358,0.112,1.120,0.007,2001-07,-1.304,WEAK
z_sp_1m_raw_kilian_bs,0.006186,0.882,0.865,0.748,0.0130,228,226,1.761,0.013438,1.207,1.456,3.314,0.430,-1.513,2.034,0.000,1.0000,0.108,0.102,3.196,0.493,4.072,0.003,2001-07,-1.887,WEAK
z_sp_1m_raw_kilianfix_bs,0.006846,0.938,0.928,0.862,0.0153,228,226,1.724,0.014423,1.262,1.592,3.103,0.584,-1.481,1.949,0.000,1.0000,0.135,0.165,3.396,0.580,4.294,0.004,2001-07,-1.757,WEAK
z_sp_3m_sum_bs,0.008451,1.113,1.259,1.586,0.0196,228,226,1.579,0.009914,1.040,1.081,-0.405,-0.159,0.009,0.167,0.000,1.0000,-0.075,0.956,3.024,0.991,2.569,0.026,2008-11,0.612,WEAK
z_sp_3m_kilian_bs,0.011455,1.456,1.422,2.023,0.0216,228,226,1.223,0.015488,1.244,1.549,0.805,-1.577,0.286,-0.666,0.000,1.0000,0.209,1.431,2.422,1.623,1.525,0.009,2008-11,0.627,WEAK
z_sp_3m_kilianfix_bs,0.011125,1.478,1.422,2.022,0.0200,228,226,1.212,0.015385,1.242,1.542,0.884,-1.569,0.285,-0.711,0.000,1.0000,0.224,1.458,2.532,1.661,1.153,0.012,2008-11,0.592,WEAK
z_sp_1y_sum_bs,0.005941,0.935,0.988,0.976,0.0266,228,226,2.621,0.009187,1.160,1.346,0.571,-0.726,-0.117,-0.123,0.000,1.0000,-0.117,0.953,1.063,0.692,0.078,9.401,2008-11,0.942,WEAK
z_sp_1y_kilian_bs,0.010707,1.981,1.854,3.439,0.0519,228,226,2.031,0.016354,1.494,2.233,0.816,-0.272,-0.801,0.311,0.000,1.0000,0.193,5.140,3.502,2.171,0.452,15.012,2008-11,0.774,WEAK
z_sp_1y_kilianfix_bs,0.010340,2.070,1.932,3.732,0.0479,228,226,2.020,0.016105,1.489,2.217,0.818,-0.218,-0.865,0.366,0.000,1.0000,0.207,5.264,3.585,2.272,0.449,15.020,2008-11,0.714,WEAK
z_gcs_1m_adj_sum_bs,0.000441,0.248,0.237,0.056,0.0004,228,226,4.139,0.002620,0.642,0.413,0.873,0.568,-1.025,0.779,0.000,1.0000,-0.217,0.022,0.094,0.925,1.710,0.841,2009-01,0.486,WEAK
z_gcs_1m_adj_kilian_bs,0.002481,1.255,1.239,1.535,0.0072,228,226,3.269,0.006078,1.214,1.474,0.900,0.814,-0.451,-0.091,0.000,1.0000,-0.004,0.385,1.437,0.358,3.128,0.966,2011-10,0.437,WEAK
z_gcs_1m_adj_kilianfix_bs,0.002760,1.353,1.364,1.860,0.0084,228,226,3.162,0.006645,1.289,1.661,0.920,0.857,-0.390,-0.236,0.000,1.0000,0.044,0.532,1.602,0.695,2.983,0.880,2011-10,0.438,WEAK
z_gcs_1m_raw_sum_bs,-0.000347,-0.161,-0.156,0.024,0.0002,228,226,3.618,0.001799,0.442,0.195,0.614,0.604,-0.754,0.973,0.000,1.0000,-0.297,0.003,0.019,3.386,8.136,4.034,2008-11,-0.498,WEAK
z_gcs_1m_raw_kilian_bs,0.002342,1.121,1.139,1.297,0.0049,228,226,2.862,0.005639,1.185,1.403,0.562,0.811,-0.407,0.345,0.000,1.0000,-0.105,1.035,1.080,0.234,15.671,6.778,2011-10,0.616,WEAK
z_gcs_1m_raw_kilianfix_bs,0.002810,1.318,1.378,1.900,0.0065,228,226,2.731,0.006456,1.296,1.679,0.578,0.855,-0.352,0.218,0.000,1.0000,-0.047,1.451,1.573,0.021,15.503,6.185,2011-10,0.622,WEAK
z_gcs_3m_sum_bs,0.001717,0.575,0.541,0.292,0.0042,228,226,3.623,0.002038,0.388,0.151,-1.402,1.067,0.268,0.621,0.000,1.0000,-0.173,4.938,0.301,0.034,10.136,3.744,2008-11,-0.792,WEAK
z_gcs_3m_kilian_bs,0.003886,1.086,1.034,1.070,0.0139,228,226,2.895,0.004702,0.756,0.571,-0.603,0.208,0.612,-0.261,0.000,1.0000,-0.027,14.037,0.985,0.116,9.560,4.911,2008-11,-0.790,WEAK
z_gcs_3m_kilianfix_bs,0.004251,1.182,1.120,1.255,0.0153,228,226,2.773,0.005198,0.813,0.661,-0.493,0.084,0.658,-0.392,0.000,1.0000,0.018,14.607,1.144,0.209,7.951,4.565,2008-11,-0.747,WEAK
z_gcs_1y_sum_bs,0.003266,1.861,1.799,3.235,0.0298,228,226,5.045,0.003859,1.268,1.607,-0.706,-0.067,0.581,-0.800,0.000,1.0000,-0.088,7.581,2.689,1.348,4.372,13.008,2008-06,0.561,WEAK
z_gcs_1y_kilian_bs,0.004481,2.557,2.433,5.917,0.0406,228,226,4.290,0.005601,1.902,3.616,-0.160,-0.267,0.578,-1.134,0.000,1.0000,0.081,18.363,5.884,3.309,4.399,13.280,2008-06,0.644,WEAK
z_gcs_1y_kilianfix_bs,0.004483,2.433,2.319,5.380,0.0381,228,226,4.153,0.005760,1.893,3.582,-0.013,-0.320,0.539,-1.136,0.000,1.0000,0.119,17.705,5.371,3.005,3.635,13.402,2008-06,0.631,WEAK
z_gc_1m_adj_jk_sum_bs,-0.003327,-0.764,-0.759,0.576,0.0066,228,205,2.327,-0.003758,-0.591,0.350,-0.080,0.524,-0.141,-0.166,0.000,1.0000,-0.145,0.024,0.926,2.491,4.576,0.673,2008-11,-0.747,WEAK
z_gc_1m_adj_jk_kilian_bs,-0.002092,-0.394,-0.389,0.151,0.0018,228,205,1.910,-0.002904,-0.348,0.121,-0.406,0.723,0.015,-0.389,0.000,1.0000,-0.040,0.384,0.372,1.339,4.399,1.185,2008-11,-0.760,WEAK
z_gc_1m_adj_jk_kilianfix_bs,-0.002092,-0.374,-0.367,0.135,0.0016,228,205,1.816,-0.002959,-0.333,0.111,-0.448,0.738,0.057,-0.451,0.000,1.0000,0.014,0.430,0.344,1.168,4.178,0.865,2008-11,-0.740,WEAK
z_gc_1m_adj_info_sum_bs,0.001500,0.398,0.401,0.161,0.0007,228,205,1.695,0.004910,0.726,0.527,-1.893,1.390,-0.491,0.094,0.000,1.0000,0.008,0.007,0.036,0.481,5.113,27.968,2001-06,-0.639,WEAK
z_gc_1m_adj_info_kilian_bs,0.004256,1.179,1.274,1.623,0.0038,228,205,1.381,0.008607,1.131,1.280,-1.666,0.508,0.324,-0.737,0.000,1.0000,0.283,0.891,0.841,0.047,5.345,24.606,2001-10,-0.610,WEAK
z_gc_1m_adj_info_kilianfix_bs,0.004458,1.218,1.316,1.733,0.0039,228,205,1.339,0.009117,1.167,1.361,-1.538,0.344,0.431,-0.807,0.000,1.0000,0.333,0.982,0.921,0.013,5.022,22.662,2001-10,-0.602,WEAK
z_gc_1y_jk_sum_bs,0.001543,0.397,0.375,0.141,0.0031,228,205,3.455,-0.000458,-0.069,0.005,-0.942,0.327,0.551,-0.593,0.000,1.0000,-0.172,7.830,0.017,0.008,4.364,0.659,2008-11,-0.800,WEAK
z_gc_1y_jk_kilian_bs,0.002523,0.528,0.492,0.242,0.0060,228,205,2.922,-0.000156,-0.018,0.000,-0.883,0.358,0.656,-0.923,0.000,1.0000,-0.029,13.894,0.071,0.051,5.295,0.932,2008-11,-0.806,WEAK
z_gc_1y_jk_kilianfix_bs,0.002591,0.511,0.473,0.223,0.0057,228,205,2.773,-0.000281,-0.030,0.001,-0.808,0.319,0.666,-0.986,0.000,1.0000,0.026,13.959,0.066,0.050,4.819,0.782,2008-11,-0.794,WEAK
z_gc_1y_info_sum_bs,0.003952,1.852,1.740,3.028,0.0104,228,205,2.462,0.006741,1.763,3.109,-0.870,0.140,0.947,-0.371,0.000,1.0000,-0.113,5.608,2.708,1.020,4.383,30.619,2011-08,-0.420,WEAK
z_gc_1y_info_kilian_bs,0.003422,1.349,1.409,1.986,0.0053,228,205,2.032,0.008005,1.814,3.289,-0.328,-0.770,1.252,-0.631,0.000,1.0000,0.102,5.286,1.713,0.540,2.777,38.196,2001-10,-0.455,WEAK
z_gc_1y_info_kilianfix_bs,0.003249,1.228,1.328,1.764,0.0044,228,205,1.955,0.008275,1.832,3.358,-0.245,-0.887,1.245,-0.666,0.000,1.0000,0.158,4.662,1.475,0.535,2.167,36.505,2001-10,-0.458,WEAK
z_gc_path1y_sum_bs,0.004132,1.279,1.158,1.340,0.0225,228,205,3.464,0.003272,0.527,0.278,-0.917,-0.157,1.329,-1.011,0.000,1.0000,-0.144,22.829,0.587,1.039,1.879,2.252,2008-11,-0.720,WEAK
z_gc_path1y_kilian_bs,0.004137,1.001,0.892,0.795,0.0159,228,205,2.908,0.003306,0.395,0.156,-0.481,-0.655,1.468,-1.265,0.000,1.0000,0.005,21.048,0.317,0.607,1.236,3.679,2008-11,-0.698,WEAK
z_gc_path1y_kilianfix_bs,0.004081,0.942,0.836,0.698,0.0140,228,205,2.770,0.003284,0.366,0.134,-0.378,-0.726,1.427,-1.307,0.000,1.0000,0.056,19.030,0.298,0.558,0.764,4.094,2008-11,-0.666,WEAK
