scale_estimator,equation,block,block_held_at_1,tau_bar,null_mean,null_q90,null_q95,null_q99,escape_q95,pgt1_bar,null_pgt1_q95,is_argmax,null_argmax_freq,eq_maxstat,eq_maxstat_q95,eq_flag,ratio_q95,null_pct,p_cell,holm_reject
block,ois1m,ois1m,0,1.55555,0.91580,1.44965,1.54749,1.96141,1,0.6358,0.7518,1,0.2500,1.55555,1.76351,0,1.00521,0.9550,0.0450,0
block,ois1m,ip,0,1.02471,0.84896,1.38344,1.53357,1.76082,0,0.4603,0.7711,0,0.2250,1.55555,1.76351,0,0.66819,0.7400,0.2600,0
block,ois1m,hicp_sa,0,0.38082,0.84883,1.42852,1.51038,1.84787,0,0.0584,0.7862,0,0.3100,1.55555,1.76351,0,0.25213,0.0600,0.9400,0
block,ois1m,stoxx,0,0.61444,0.78035,1.26253,1.45491,1.71195,0,0.1511,0.7545,0,0.2150,1.55555,1.76351,0,0.42232,0.3650,0.6350,0
block,ip,ois1m,0,3.13326,0.93392,1.43725,1.60972,2.06706,1,0.8868,0.7654,1,0.2650,3.13326,1.72607,1,1.94646,1.0000,0.0000,1
block,ip,ip,0,1.98323,0.86860,1.38576,1.50809,2.07252,1,0.7622,0.7319,0,0.2200,3.13326,1.72607,1,1.31506,0.9850,0.0150,0
block,ip,hicp_sa,0,0.92563,0.92770,1.42118,1.53300,1.71577,0,0.3305,0.7878,0,0.3750,3.13326,1.72607,1,0.60381,0.4950,0.5050,0
block,ip,stoxx,0,0.59408,0.77326,1.19484,1.31508,1.52917,0,0.1645,0.6579,0,0.1400,3.13326,1.72607,1,0.45174,0.3050,0.6950,0
block,hicp_sa,ois1m,0,1.18254,0.95552,1.51880,1.69831,2.33669,0,0.5119,0.7662,1,0.2200,1.18254,1.99401,0,0.69631,0.7550,0.2450,0
block,hicp_sa,ip,0,0.84936,0.82222,1.31786,1.55014,1.99675,0,0.3402,0.7804,0,0.1150,1.18254,1.99401,0,0.54793,0.6100,0.3900,0
block,hicp_sa,hicp_sa,0,0.98575,1.14645,1.75102,1.91200,2.15107,0,0.3997,0.8966,0,0.5650,1.18254,1.99401,0,0.51556,0.3650,0.6350,0
block,hicp_sa,stoxx,0,0.77845,0.78597,1.23885,1.38344,1.67884,0,0.2565,0.7081,0,0.1000,1.18254,1.99401,0,0.56269,0.5650,0.4350,0
block,stoxx,ois1m,0,2.08787,0.86410,1.37226,1.49604,2.00390,1,0.7322,0.6966,1,0.2600,2.08787,1.90344,1,1.39559,0.9950,0.0050,0
block,stoxx,ip,0,1.71141,0.89701,1.37125,1.75623,1.97592,0,0.7269,0.7843,0,0.2200,2.08787,1.90344,1,0.97448,0.9450,0.0550,0
block,stoxx,hicp_sa,0,0.56413,0.82359,1.29210,1.58163,1.82908,0,0.1410,0.7871,0,0.2550,2.08787,1.90344,1,0.35668,0.2350,0.7650,0
block,stoxx,stoxx,0,0.62472,0.85666,1.32424,1.49837,1.94085,0,0.1647,0.7718,0,0.2650,2.08787,1.90344,1,0.41694,0.3350,0.6650,0
pooled,ois1m,ois1m,0,2.04439,0.74582,1.53694,1.66316,2.10959,1,0.9739,0.9298,1,0.2350,2.04439,1.86533,1,1.22922,0.9850,0.0150,0
pooled,ois1m,ip,0,1.26608,0.71096,1.46633,1.64703,1.93316,0,0.7172,0.9399,0,0.2650,2.04439,1.86533,1,0.76871,0.8200,0.1800,0
pooled,ois1m,hicp_sa,0,0.21444,0.68847,1.44655,1.50802,2.07216,0,0.0000,0.9446,0,0.2950,2.04439,1.86533,1,0.14220,0.2400,0.7600,0
pooled,ois1m,stoxx,0,0.58991,0.63562,1.33109,1.52312,1.77250,0,0.0200,0.9375,0,0.2050,2.04439,1.86533,1,0.38731,0.5250,0.4750,0
pooled,ip,ois1m,0,3.54097,0.75218,1.51617,1.67473,2.33655,1,1.0000,0.9411,1,0.2400,3.54097,1.92852,1,2.11435,0.9950,0.0050,0
pooled,ip,ip,0,2.22313,0.71673,1.42208,1.67377,2.12227,1,0.9940,0.9374,0,0.2400,3.54097,1.92852,1,1.32822,0.9900,0.0100,0
pooled,ip,hicp_sa,0,0.83464,0.77700,1.40685,1.53580,1.89415,0,0.1833,0.9415,0,0.3550,3.54097,1.92852,1,0.54345,0.5050,0.4950,0
pooled,ip,stoxx,0,0.48074,0.63634,1.24373,1.37155,1.62662,0,0.0050,0.8618,0,0.1650,3.54097,1.92852,1,0.35051,0.4250,0.5750,0
pooled,hicp_sa,ois1m,0,1.28978,0.79798,1.59571,1.81095,3.05836,0,0.6799,0.9419,1,0.1800,1.28978,2.10077,0,0.71221,0.8250,0.1750,0
pooled,hicp_sa,ip,0,0.94988,0.68536,1.39439,1.79365,2.35907,0,0.3933,0.9655,0,0.1350,1.28978,2.10077,0,0.52958,0.6950,0.3050,0
pooled,hicp_sa,hicp_sa,0,0.94352,1.05782,1.73734,1.98773,2.37852,0,0.3638,0.9933,0,0.5300,1.28978,2.10077,0,0.47467,0.4000,0.6000,0
pooled,hicp_sa,stoxx,0,0.81144,0.66895,1.29746,1.47196,1.86753,0,0.1665,0.9041,0,0.1550,1.28978,2.10077,0,0.55127,0.6350,0.3650,0
pooled,stoxx,ois1m,0,2.54128,0.67437,1.46324,1.60418,2.06577,1,0.9961,0.8867,1,0.2100,2.54128,1.98072,1,1.58416,1.0000,0.0000,1
pooled,stoxx,ip,0,2.08966,0.78931,1.43153,1.77128,2.20072,1,0.9936,0.9589,0,0.2300,2.54128,1.98072,1,1.17975,0.9800,0.0200,0
pooled,stoxx,hicp_sa,0,0.38721,0.66069,1.25569,1.64506,2.06238,0,0.0027,0.9483,0,0.2950,2.54128,1.98072,1,0.23538,0.3200,0.6800,0
pooled,stoxx,stoxx,0,0.43492,0.73376,1.36894,1.55198,2.10364,0,0.0305,0.9351,0,0.2650,2.54128,1.98072,1,0.28024,0.3750,0.6250,0
