instrument,estimator,variable,h,theta_25bp,lo_25bp,hi_25bp
z_gcs_1m_adj_sum,BVAR,ois1m,0,0.250000,0.250000,0.250000
z_gcs_1m_adj_sum,BVAR,ois1m,1,0.282681,0.261295,0.305097
z_gcs_1m_adj_sum,BVAR,ois1m,2,0.312952,0.277062,0.351294
z_gcs_1m_adj_sum,BVAR,ois1m,3,0.342946,0.293923,0.397707
z_gcs_1m_adj_sum,BVAR,ois1m,4,0.358986,0.295110,0.429743
z_gcs_1m_adj_sum,BVAR,ois1m,5,0.366803,0.294188,0.455336
z_gcs_1m_adj_sum,BVAR,ois1m,6,0.368473,0.286125,0.468293
z_gcs_1m_adj_sum,BVAR,ois1m,7,0.365771,0.277293,0.476614
z_gcs_1m_adj_sum,BVAR,ois1m,8,0.361234,0.262741,0.480444
z_gcs_1m_adj_sum,BVAR,ois1m,9,0.353664,0.247604,0.481341
z_gcs_1m_adj_sum,BVAR,ois1m,10,0.342876,0.237294,0.478534
z_gcs_1m_adj_sum,BVAR,ois1m,11,0.329136,0.217279,0.471134
z_gcs_1m_adj_sum,BVAR,ois1m,12,0.311978,0.196062,0.463764
z_gcs_1m_adj_sum,BVAR,ois1m,13,0.292595,0.172229,0.462652
z_gcs_1m_adj_sum,BVAR,ois1m,14,0.271485,0.151550,0.445228
z_gcs_1m_adj_sum,BVAR,ois1m,15,0.249165,0.130264,0.426019
z_gcs_1m_adj_sum,BVAR,ois1m,16,0.226279,0.100357,0.407314
z_gcs_1m_adj_sum,BVAR,ois1m,17,0.203364,0.074346,0.391433
z_gcs_1m_adj_sum,BVAR,ois1m,18,0.180785,0.052966,0.377075
z_gcs_1m_adj_sum,BVAR,ois1m,19,0.158774,0.029367,0.355392
z_gcs_1m_adj_sum,BVAR,ois1m,20,0.137497,0.005278,0.339649
z_gcs_1m_adj_sum,BVAR,ois1m,21,0.117088,-0.017958,0.327365
z_gcs_1m_adj_sum,BVAR,ois1m,22,0.097655,-0.040299,0.305368
z_gcs_1m_adj_sum,BVAR,ois1m,23,0.079277,-0.058880,0.292241
z_gcs_1m_adj_sum,BVAR,ois1m,24,0.062017,-0.082523,0.266277
z_gcs_1m_adj_sum,BVAR,ois1m,25,0.045918,-0.103656,0.251422
z_gcs_1m_adj_sum,BVAR,ois1m,26,0.031005,-0.116850,0.242429
z_gcs_1m_adj_sum,BVAR,ois1m,27,0.017283,-0.128917,0.233656
z_gcs_1m_adj_sum,BVAR,ois1m,28,0.004744,-0.145067,0.216499
z_gcs_1m_adj_sum,BVAR,ois1m,29,-0.006638,-0.159406,0.203021
z_gcs_1m_adj_sum,BVAR,ois1m,30,-0.016895,-0.169972,0.190151
z_gcs_1m_adj_sum,BVAR,ois1m,31,-0.026067,-0.179678,0.187200
z_gcs_1m_adj_sum,BVAR,ois1m,32,-0.034201,-0.190374,0.178963
z_gcs_1m_adj_sum,BVAR,ois1m,33,-0.041345,-0.199612,0.166703
z_gcs_1m_adj_sum,BVAR,ois1m,34,-0.047550,-0.204730,0.153724
z_gcs_1m_adj_sum,BVAR,ois1m,35,-0.052867,-0.211577,0.145964
z_gcs_1m_adj_sum,BVAR,ois1m,36,-0.057347,-0.214448,0.136433
z_gcs_1m_adj_sum,BVAR,ois1m,37,-0.061042,-0.215202,0.128108
z_gcs_1m_adj_sum,BVAR,ois1m,38,-0.064002,-0.222601,0.112438
z_gcs_1m_adj_sum,BVAR,ois1m,39,-0.066278,-0.227454,0.101399
z_gcs_1m_adj_sum,BVAR,ois1m,40,-0.067919,-0.231816,0.100550
z_gcs_1m_adj_sum,BVAR,ois1m,41,-0.068972,-0.234699,0.089359
z_gcs_1m_adj_sum,BVAR,ois1m,42,-0.069484,-0.223985,0.085778
z_gcs_1m_adj_sum,BVAR,ois1m,43,-0.069500,-0.229817,0.084107
z_gcs_1m_adj_sum,BVAR,ois1m,44,-0.069063,-0.226800,0.079890
z_gcs_1m_adj_sum,BVAR,ois1m,45,-0.068215,-0.219496,0.079199
z_gcs_1m_adj_sum,BVAR,ois1m,46,-0.066997,-0.215934,0.077137
z_gcs_1m_adj_sum,BVAR,ois1m,47,-0.065446,-0.210148,0.078060
z_gcs_1m_adj_sum,BVAR,ois1m,48,-0.063600,-0.203705,0.077531
z_gcs_1m_adj_sum,BVAR,ip,0,0.835560,0.591948,1.059568
z_gcs_1m_adj_sum,BVAR,ip,1,1.082876,0.782867,1.407361
z_gcs_1m_adj_sum,BVAR,ip,2,1.344975,0.979703,1.739470
z_gcs_1m_adj_sum,BVAR,ip,3,1.526979,1.110462,1.997698
z_gcs_1m_adj_sum,BVAR,ip,4,1.606661,1.122279,2.157837
z_gcs_1m_adj_sum,BVAR,ip,5,1.604000,1.070723,2.233848
z_gcs_1m_adj_sum,BVAR,ip,6,1.549003,0.966552,2.293073
z_gcs_1m_adj_sum,BVAR,ip,7,1.438757,0.817815,2.213940
z_gcs_1m_adj_sum,BVAR,ip,8,1.309343,0.690958,2.134692
z_gcs_1m_adj_sum,BVAR,ip,9,1.177804,0.517342,2.042220
z_gcs_1m_adj_sum,BVAR,ip,10,1.047983,0.372614,1.987931
z_gcs_1m_adj_sum,BVAR,ip,11,0.910808,0.209709,1.879302
z_gcs_1m_adj_sum,BVAR,ip,12,0.770177,0.082660,1.754621
z_gcs_1m_adj_sum,BVAR,ip,13,0.625606,-0.084308,1.630345
z_gcs_1m_adj_sum,BVAR,ip,14,0.478327,-0.250572,1.537328
z_gcs_1m_adj_sum,BVAR,ip,15,0.330647,-0.415620,1.365531
z_gcs_1m_adj_sum,BVAR,ip,16,0.185647,-0.551813,1.194097
z_gcs_1m_adj_sum,BVAR,ip,17,0.046584,-0.710608,1.054336
z_gcs_1m_adj_sum,BVAR,ip,18,-0.083992,-0.847771,0.877615
z_gcs_1m_adj_sum,BVAR,ip,19,-0.204402,-0.963759,0.778509
z_gcs_1m_adj_sum,BVAR,ip,20,-0.313864,-1.087177,0.667019
z_gcs_1m_adj_sum,BVAR,ip,21,-0.412190,-1.195940,0.557551
z_gcs_1m_adj_sum,BVAR,ip,22,-0.499504,-1.315730,0.457726
z_gcs_1m_adj_sum,BVAR,ip,23,-0.576081,-1.417784,0.360290
z_gcs_1m_adj_sum,BVAR,ip,24,-0.642291,-1.491996,0.257601
z_gcs_1m_adj_sum,BVAR,ip,25,-0.698533,-1.547393,0.157281
z_gcs_1m_adj_sum,BVAR,ip,26,-0.745229,-1.599894,0.086173
z_gcs_1m_adj_sum,BVAR,ip,27,-0.782838,-1.641044,0.034101
z_gcs_1m_adj_sum,BVAR,ip,28,-0.811880,-1.673918,-0.000988
z_gcs_1m_adj_sum,BVAR,ip,29,-0.832924,-1.712340,-0.031616
z_gcs_1m_adj_sum,BVAR,ip,30,-0.846579,-1.736793,-0.081272
z_gcs_1m_adj_sum,BVAR,ip,31,-0.853471,-1.718087,-0.139447
z_gcs_1m_adj_sum,BVAR,ip,32,-0.854227,-1.762575,-0.162957
z_gcs_1m_adj_sum,BVAR,ip,33,-0.849463,-1.789814,-0.169315
z_gcs_1m_adj_sum,BVAR,ip,34,-0.839771,-1.783131,-0.172360
z_gcs_1m_adj_sum,BVAR,ip,35,-0.825711,-1.815735,-0.186756
z_gcs_1m_adj_sum,BVAR,ip,36,-0.807813,-1.813972,-0.170030
z_gcs_1m_adj_sum,BVAR,ip,37,-0.786575,-1.751870,-0.156081
z_gcs_1m_adj_sum,BVAR,ip,38,-0.762462,-1.749403,-0.157925
z_gcs_1m_adj_sum,BVAR,ip,39,-0.735907,-1.720723,-0.138708
z_gcs_1m_adj_sum,BVAR,ip,40,-0.707314,-1.713192,-0.118926
z_gcs_1m_adj_sum,BVAR,ip,41,-0.677055,-1.700522,-0.096870
z_gcs_1m_adj_sum,BVAR,ip,42,-0.645476,-1.701985,-0.067030
z_gcs_1m_adj_sum,BVAR,ip,43,-0.612894,-1.605518,-0.058220
z_gcs_1m_adj_sum,BVAR,ip,44,-0.579601,-1.562842,-0.032973
z_gcs_1m_adj_sum,BVAR,ip,45,-0.545860,-1.523789,-0.000685
z_gcs_1m_adj_sum,BVAR,ip,46,-0.511914,-1.467877,0.023563
z_gcs_1m_adj_sum,BVAR,ip,47,-0.477982,-1.423690,0.087574
z_gcs_1m_adj_sum,BVAR,ip,48,-0.444261,-1.353453,0.133843
z_gcs_1m_adj_sum,BVAR,hicp_sa,0,-0.037675,-0.075216,-0.002381
z_gcs_1m_adj_sum,BVAR,hicp_sa,1,-0.003065,-0.065232,0.061359
z_gcs_1m_adj_sum,BVAR,hicp_sa,2,0.024544,-0.056790,0.103167
z_gcs_1m_adj_sum,BVAR,hicp_sa,3,0.042940,-0.052996,0.137049
z_gcs_1m_adj_sum,BVAR,hicp_sa,4,0.051288,-0.058978,0.160181
z_gcs_1m_adj_sum,BVAR,hicp_sa,5,0.061997,-0.058240,0.194299
z_gcs_1m_adj_sum,BVAR,hicp_sa,6,0.072024,-0.061739,0.213346
z_gcs_1m_adj_sum,BVAR,hicp_sa,7,0.079012,-0.062525,0.228332
z_gcs_1m_adj_sum,BVAR,hicp_sa,8,0.085349,-0.068809,0.241254
z_gcs_1m_adj_sum,BVAR,hicp_sa,9,0.092523,-0.069746,0.253361
z_gcs_1m_adj_sum,BVAR,hicp_sa,10,0.098380,-0.078212,0.270095
z_gcs_1m_adj_sum,BVAR,hicp_sa,11,0.102359,-0.080852,0.279870
z_gcs_1m_adj_sum,BVAR,hicp_sa,12,0.104077,-0.084818,0.290063
z_gcs_1m_adj_sum,BVAR,hicp_sa,13,0.103582,-0.086523,0.291001
z_gcs_1m_adj_sum,BVAR,hicp_sa,14,0.101286,-0.095507,0.298296
z_gcs_1m_adj_sum,BVAR,hicp_sa,15,0.097608,-0.098700,0.300615
z_gcs_1m_adj_sum,BVAR,hicp_sa,16,0.092912,-0.102567,0.305587
z_gcs_1m_adj_sum,BVAR,hicp_sa,17,0.087379,-0.115560,0.303529
z_gcs_1m_adj_sum,BVAR,hicp_sa,18,0.081132,-0.124934,0.304511
z_gcs_1m_adj_sum,BVAR,hicp_sa,19,0.074276,-0.135551,0.303472
z_gcs_1m_adj_sum,BVAR,hicp_sa,20,0.066871,-0.144176,0.306710
z_gcs_1m_adj_sum,BVAR,hicp_sa,21,0.058970,-0.157394,0.313427
z_gcs_1m_adj_sum,BVAR,hicp_sa,22,0.050679,-0.171698,0.314626
z_gcs_1m_adj_sum,BVAR,hicp_sa,23,0.042112,-0.187030,0.313431
z_gcs_1m_adj_sum,BVAR,hicp_sa,24,0.033385,-0.203025,0.318875
z_gcs_1m_adj_sum,BVAR,hicp_sa,25,0.024602,-0.218210,0.309806
z_gcs_1m_adj_sum,BVAR,hicp_sa,26,0.015851,-0.224297,0.307579
z_gcs_1m_adj_sum,BVAR,hicp_sa,27,0.007209,-0.238092,0.300901
z_gcs_1m_adj_sum,BVAR,hicp_sa,28,-0.001264,-0.248375,0.292469
z_gcs_1m_adj_sum,BVAR,hicp_sa,29,-0.009515,-0.255609,0.284279
z_gcs_1m_adj_sum,BVAR,hicp_sa,30,-0.017501,-0.264967,0.278309
z_gcs_1m_adj_sum,BVAR,hicp_sa,31,-0.025185,-0.277711,0.274015
z_gcs_1m_adj_sum,BVAR,hicp_sa,32,-0.032536,-0.285797,0.271147
z_gcs_1m_adj_sum,BVAR,hicp_sa,33,-0.039528,-0.296426,0.271787
z_gcs_1m_adj_sum,BVAR,hicp_sa,34,-0.046141,-0.305029,0.269601
z_gcs_1m_adj_sum,BVAR,hicp_sa,35,-0.052359,-0.313388,0.257797
z_gcs_1m_adj_sum,BVAR,hicp_sa,36,-0.058172,-0.321206,0.249992
z_gcs_1m_adj_sum,BVAR,hicp_sa,37,-0.063575,-0.337195,0.242723
z_gcs_1m_adj_sum,BVAR,hicp_sa,38,-0.068564,-0.338325,0.240458
z_gcs_1m_adj_sum,BVAR,hicp_sa,39,-0.073141,-0.348369,0.238666
z_gcs_1m_adj_sum,BVAR,hicp_sa,40,-0.077310,-0.359218,0.237411
z_gcs_1m_adj_sum,BVAR,hicp_sa,41,-0.081077,-0.355900,0.232817
z_gcs_1m_adj_sum,BVAR,hicp_sa,42,-0.084451,-0.368620,0.227921
z_gcs_1m_adj_sum,BVAR,hicp_sa,43,-0.087442,-0.384288,0.223764
z_gcs_1m_adj_sum,BVAR,hicp_sa,44,-0.090063,-0.384811,0.226958
z_gcs_1m_adj_sum,BVAR,hicp_sa,45,-0.092327,-0.392656,0.230314
z_gcs_1m_adj_sum,BVAR,hicp_sa,46,-0.094247,-0.389910,0.231708
z_gcs_1m_adj_sum,BVAR,hicp_sa,47,-0.095840,-0.393455,0.230430
z_gcs_1m_adj_sum,BVAR,hicp_sa,48,-0.097121,-0.399663,0.230255
z_gcs_1m_adj_sum,BVAR,stoxx,0,2.839887,1.899482,3.763171
z_gcs_1m_adj_sum,BVAR,stoxx,1,3.747575,2.210709,5.379120
z_gcs_1m_adj_sum,BVAR,stoxx,2,4.044414,2.224781,6.062133
z_gcs_1m_adj_sum,BVAR,stoxx,3,4.231111,2.271849,6.609078
z_gcs_1m_adj_sum,BVAR,stoxx,4,4.354516,2.190142,7.046698
z_gcs_1m_adj_sum,BVAR,stoxx,5,4.248517,1.847832,7.130782
z_gcs_1m_adj_sum,BVAR,stoxx,6,3.871690,1.235537,6.860104
z_gcs_1m_adj_sum,BVAR,stoxx,7,3.453006,0.553904,6.803892
z_gcs_1m_adj_sum,BVAR,stoxx,8,3.105714,0.249898,6.608314
z_gcs_1m_adj_sum,BVAR,stoxx,9,2.777016,-0.185682,6.454329
z_gcs_1m_adj_sum,BVAR,stoxx,10,2.420772,-0.599006,6.140755
z_gcs_1m_adj_sum,BVAR,stoxx,11,2.067639,-1.271900,5.827854
z_gcs_1m_adj_sum,BVAR,stoxx,12,1.706196,-1.725157,5.606629
z_gcs_1m_adj_sum,BVAR,stoxx,13,1.367327,-2.224940,5.307693
z_gcs_1m_adj_sum,BVAR,stoxx,14,1.050792,-2.382452,4.990212
z_gcs_1m_adj_sum,BVAR,stoxx,15,0.753423,-2.528698,4.749704
z_gcs_1m_adj_sum,BVAR,stoxx,16,0.477049,-2.847286,4.553406
z_gcs_1m_adj_sum,BVAR,stoxx,17,0.223718,-3.195542,4.417843
z_gcs_1m_adj_sum,BVAR,stoxx,18,-0.006395,-3.555012,4.056364
z_gcs_1m_adj_sum,BVAR,stoxx,19,-0.214449,-3.880239,3.893056
z_gcs_1m_adj_sum,BVAR,stoxx,20,-0.401322,-3.941353,3.754773
z_gcs_1m_adj_sum,BVAR,stoxx,21,-0.567328,-4.029948,3.623824
z_gcs_1m_adj_sum,BVAR,stoxx,22,-0.713604,-4.178738,3.419275
z_gcs_1m_adj_sum,BVAR,stoxx,23,-0.842129,-4.466058,3.270026
z_gcs_1m_adj_sum,BVAR,stoxx,24,-0.954724,-4.402635,3.069575
z_gcs_1m_adj_sum,BVAR,stoxx,25,-1.053026,-4.509725,3.009442
z_gcs_1m_adj_sum,BVAR,stoxx,26,-1.138374,-4.484310,2.834798
z_gcs_1m_adj_sum,BVAR,stoxx,27,-1.211876,-4.513438,2.635581
z_gcs_1m_adj_sum,BVAR,stoxx,28,-1.274472,-4.512730,2.649849
z_gcs_1m_adj_sum,BVAR,stoxx,29,-1.326971,-4.635627,2.480803
z_gcs_1m_adj_sum,BVAR,stoxx,30,-1.370097,-4.725135,2.162311
z_gcs_1m_adj_sum,BVAR,stoxx,31,-1.404522,-4.828389,2.048882
z_gcs_1m_adj_sum,BVAR,stoxx,32,-1.430876,-4.892777,1.904709
z_gcs_1m_adj_sum,BVAR,stoxx,33,-1.449745,-4.784178,1.805251
z_gcs_1m_adj_sum,BVAR,stoxx,34,-1.461658,-4.844753,1.689604
z_gcs_1m_adj_sum,BVAR,stoxx,35,-1.467085,-4.929742,1.604893
z_gcs_1m_adj_sum,BVAR,stoxx,36,-1.466449,-4.905297,1.554194
z_gcs_1m_adj_sum,BVAR,stoxx,37,-1.460140,-4.977234,1.499645
z_gcs_1m_adj_sum,BVAR,stoxx,38,-1.448522,-4.989542,1.449339
z_gcs_1m_adj_sum,BVAR,stoxx,39,-1.431942,-4.992824,1.409356
z_gcs_1m_adj_sum,BVAR,stoxx,40,-1.410744,-4.930968,1.348746
z_gcs_1m_adj_sum,BVAR,stoxx,41,-1.385266,-4.743100,1.310150
z_gcs_1m_adj_sum,BVAR,stoxx,42,-1.355846,-4.663894,1.256705
z_gcs_1m_adj_sum,BVAR,stoxx,43,-1.322823,-4.625144,1.221970
z_gcs_1m_adj_sum,BVAR,stoxx,44,-1.286534,-4.604638,1.158248
z_gcs_1m_adj_sum,BVAR,stoxx,45,-1.247317,-4.668058,1.175680
z_gcs_1m_adj_sum,BVAR,stoxx,46,-1.205508,-4.617066,1.253975
z_gcs_1m_adj_sum,BVAR,stoxx,47,-1.161440,-4.582371,1.305835
z_gcs_1m_adj_sum,BVAR,stoxx,48,-1.115443,-4.665247,1.301255
z_gcs_1m_adj_sum,BLP-FMAR,ois1m,0,0.250000,0.250000,0.250000
z_gcs_1m_adj_sum,BLP-FMAR,ois1m,1,0.282950,0.217669,0.348231
z_gcs_1m_adj_sum,BLP-FMAR,ois1m,2,0.313129,0.218973,0.407286
z_gcs_1m_adj_sum,BLP-FMAR,ois1m,3,0.343791,0.216671,0.470912
z_gcs_1m_adj_sum,BLP-FMAR,ois1m,4,0.358244,0.219742,0.496745
z_gcs_1m_adj_sum,BLP-FMAR,ois1m,5,0.365633,0.232541,0.498726
z_gcs_1m_adj_sum,BLP-FMAR,ois1m,6,0.366743,0.238661,0.494824
z_gcs_1m_adj_sum,BLP-FMAR,ois1m,7,0.364552,0.220265,0.508839
z_gcs_1m_adj_sum,BLP-FMAR,ois1m,8,0.363138,0.200556,0.525721
z_gcs_1m_adj_sum,BLP-FMAR,ois1m,9,0.358072,0.192935,0.523210
z_gcs_1m_adj_sum,BLP-FMAR,ois1m,10,0.350861,0.183512,0.518210
z_gcs_1m_adj_sum,BLP-FMAR,ois1m,11,0.340182,0.159040,0.521324
z_gcs_1m_adj_sum,BLP-FMAR,ois1m,12,0.327407,0.134489,0.520325
z_gcs_1m_adj_sum,BLP-FMAR,ois1m,13,0.312301,0.110806,0.513795
z_gcs_1m_adj_sum,BLP-FMAR,ois1m,14,0.293898,0.083312,0.504484
z_gcs_1m_adj_sum,BLP-FMAR,ois1m,15,0.274887,0.048759,0.501014
z_gcs_1m_adj_sum,BLP-FMAR,ois1m,16,0.255140,0.021788,0.488492
z_gcs_1m_adj_sum,BLP-FMAR,ois1m,17,0.232818,-0.004832,0.470469
z_gcs_1m_adj_sum,BLP-FMAR,ois1m,18,0.209647,-0.039058,0.458353
z_gcs_1m_adj_sum,BLP-FMAR,ois1m,19,0.185042,-0.071803,0.441887
z_gcs_1m_adj_sum,BLP-FMAR,ois1m,20,0.157808,-0.083396,0.399011
z_gcs_1m_adj_sum,BLP-FMAR,ois1m,21,0.130134,-0.106083,0.366350
z_gcs_1m_adj_sum,BLP-FMAR,ois1m,22,0.099468,-0.116256,0.315193
z_gcs_1m_adj_sum,BLP-FMAR,ois1m,23,0.064243,-0.114133,0.242619
z_gcs_1m_adj_sum,BLP-FMAR,ois1m,24,0.029497,-0.148443,0.207437
z_gcs_1m_adj_sum,BLP-FMAR,ois1m,25,0.001047,-0.165993,0.168086
z_gcs_1m_adj_sum,BLP-FMAR,ois1m,26,-0.026464,-0.205565,0.152638
z_gcs_1m_adj_sum,BLP-FMAR,ois1m,27,-0.056589,-0.289916,0.176738
z_gcs_1m_adj_sum,BLP-FMAR,ois1m,28,-0.075995,-0.369743,0.217753
z_gcs_1m_adj_sum,BLP-FMAR,ois1m,29,-0.087591,-0.413583,0.238402
z_gcs_1m_adj_sum,BLP-FMAR,ois1m,30,-0.098919,-0.425015,0.227178
z_gcs_1m_adj_sum,BLP-FMAR,ois1m,31,-0.106996,-0.415159,0.201168
z_gcs_1m_adj_sum,BLP-FMAR,ois1m,32,-0.118097,-0.435360,0.199166
z_gcs_1m_adj_sum,BLP-FMAR,ois1m,33,-0.122274,-0.446439,0.201891
z_gcs_1m_adj_sum,BLP-FMAR,ois1m,34,-0.124870,-0.423800,0.174061
z_gcs_1m_adj_sum,BLP-FMAR,ois1m,35,-0.131660,-0.452952,0.189631
z_gcs_1m_adj_sum,BLP-FMAR,ois1m,36,-0.130914,-0.483740,0.221911
z_gcs_1m_adj_sum,BLP-FMAR,ois1m,37,-0.125548,-0.463972,0.212876
z_gcs_1m_adj_sum,BLP-FMAR,ois1m,38,-0.121085,-0.441358,0.199188
z_gcs_1m_adj_sum,BLP-FMAR,ois1m,39,-0.114063,-0.396139,0.168013
z_gcs_1m_adj_sum,BLP-FMAR,ois1m,40,-0.108317,-0.333657,0.117022
z_gcs_1m_adj_sum,BLP-FMAR,ois1m,41,-0.099493,-0.283893,0.084908
z_gcs_1m_adj_sum,BLP-FMAR,ois1m,42,-0.088262,-0.228491,0.051967
z_gcs_1m_adj_sum,BLP-FMAR,ois1m,43,-0.081769,-0.192111,0.028572
z_gcs_1m_adj_sum,BLP-FMAR,ois1m,44,-0.074244,-0.167750,0.019263
z_gcs_1m_adj_sum,BLP-FMAR,ois1m,45,-0.067519,-0.153787,0.018749
z_gcs_1m_adj_sum,BLP-FMAR,ois1m,46,-0.062801,-0.158625,0.033023
z_gcs_1m_adj_sum,BLP-FMAR,ois1m,47,-0.062882,-0.168571,0.042807
z_gcs_1m_adj_sum,BLP-FMAR,ois1m,48,-0.062912,-0.164922,0.039098
z_gcs_1m_adj_sum,BLP-FMAR,ip,0,0.835560,0.591948,1.059568
z_gcs_1m_adj_sum,BLP-FMAR,ip,1,1.087668,0.790343,1.384992
z_gcs_1m_adj_sum,BLP-FMAR,ip,2,1.358990,0.815110,1.902870
z_gcs_1m_adj_sum,BLP-FMAR,ip,3,1.555289,0.666959,2.443620
z_gcs_1m_adj_sum,BLP-FMAR,ip,4,1.626517,0.696993,2.556042
z_gcs_1m_adj_sum,BLP-FMAR,ip,5,1.618636,0.678525,2.558747
z_gcs_1m_adj_sum,BLP-FMAR,ip,6,1.560219,0.630445,2.489992
z_gcs_1m_adj_sum,BLP-FMAR,ip,7,1.430073,0.698778,2.161367
z_gcs_1m_adj_sum,BLP-FMAR,ip,8,1.301990,0.486119,2.117861
z_gcs_1m_adj_sum,BLP-FMAR,ip,9,1.184628,0.296019,2.073237
z_gcs_1m_adj_sum,BLP-FMAR,ip,10,1.092046,0.186661,1.997431
z_gcs_1m_adj_sum,BLP-FMAR,ip,11,0.978564,-0.061688,2.018817
z_gcs_1m_adj_sum,BLP-FMAR,ip,12,0.879881,-0.126220,1.885982
z_gcs_1m_adj_sum,BLP-FMAR,ip,13,0.806183,-0.232108,1.844473
z_gcs_1m_adj_sum,BLP-FMAR,ip,14,0.657799,-0.392627,1.708226
z_gcs_1m_adj_sum,BLP-FMAR,ip,15,0.490313,-0.592781,1.573406
z_gcs_1m_adj_sum,BLP-FMAR,ip,16,0.332243,-0.811515,1.476000
z_gcs_1m_adj_sum,BLP-FMAR,ip,17,0.173234,-1.019496,1.365964
z_gcs_1m_adj_sum,BLP-FMAR,ip,18,0.007476,-1.095818,1.110769
z_gcs_1m_adj_sum,BLP-FMAR,ip,19,-0.160378,-1.343536,1.022779
z_gcs_1m_adj_sum,BLP-FMAR,ip,20,-0.295536,-1.266923,0.675851
z_gcs_1m_adj_sum,BLP-FMAR,ip,21,-0.425992,-1.263628,0.411645
z_gcs_1m_adj_sum,BLP-FMAR,ip,22,-0.609059,-1.317093,0.098974
z_gcs_1m_adj_sum,BLP-FMAR,ip,23,-0.741719,-1.388715,-0.094722
z_gcs_1m_adj_sum,BLP-FMAR,ip,24,-0.966990,-1.800697,-0.133283
z_gcs_1m_adj_sum,BLP-FMAR,ip,25,-1.119553,-2.246731,0.007626
z_gcs_1m_adj_sum,BLP-FMAR,ip,26,-1.199765,-2.692479,0.292949
z_gcs_1m_adj_sum,BLP-FMAR,ip,27,-1.314557,-2.943787,0.314672
z_gcs_1m_adj_sum,BLP-FMAR,ip,28,-1.354177,-3.377849,0.669494
z_gcs_1m_adj_sum,BLP-FMAR,ip,29,-1.325852,-3.535765,0.884061
z_gcs_1m_adj_sum,BLP-FMAR,ip,30,-1.314530,-3.576972,0.947912
z_gcs_1m_adj_sum,BLP-FMAR,ip,31,-1.253977,-3.471700,0.963745
z_gcs_1m_adj_sum,BLP-FMAR,ip,32,-1.221281,-3.108354,0.665793
z_gcs_1m_adj_sum,BLP-FMAR,ip,33,-1.188513,-2.994745,0.617719
z_gcs_1m_adj_sum,BLP-FMAR,ip,34,-1.132492,-2.692498,0.427514
z_gcs_1m_adj_sum,BLP-FMAR,ip,35,-1.112694,-2.622425,0.397037
z_gcs_1m_adj_sum,BLP-FMAR,ip,36,-1.065845,-2.427699,0.296008
z_gcs_1m_adj_sum,BLP-FMAR,ip,37,-1.023313,-2.525615,0.478990
z_gcs_1m_adj_sum,BLP-FMAR,ip,38,-0.970390,-2.320315,0.379535
z_gcs_1m_adj_sum,BLP-FMAR,ip,39,-0.856893,-2.054612,0.340826
z_gcs_1m_adj_sum,BLP-FMAR,ip,40,-0.772236,-1.551190,0.006718
z_gcs_1m_adj_sum,BLP-FMAR,ip,41,-0.668225,-1.384997,0.048547
z_gcs_1m_adj_sum,BLP-FMAR,ip,42,-0.560090,-1.295518,0.175338
z_gcs_1m_adj_sum,BLP-FMAR,ip,43,-0.465732,-1.189477,0.258013
z_gcs_1m_adj_sum,BLP-FMAR,ip,44,-0.378192,-1.379498,0.623114
z_gcs_1m_adj_sum,BLP-FMAR,ip,45,-0.354588,-1.375393,0.666218
z_gcs_1m_adj_sum,BLP-FMAR,ip,46,-0.274997,-1.493806,0.943812
z_gcs_1m_adj_sum,BLP-FMAR,ip,47,-0.196900,-1.558996,1.165197
z_gcs_1m_adj_sum,BLP-FMAR,ip,48,-0.158784,-1.587163,1.269595
z_gcs_1m_adj_sum,BLP-FMAR,hicp_sa,0,-0.037675,-0.075216,-0.002381
z_gcs_1m_adj_sum,BLP-FMAR,hicp_sa,1,-0.002883,-0.079316,0.073551
z_gcs_1m_adj_sum,BLP-FMAR,hicp_sa,2,0.026226,-0.112995,0.165446
z_gcs_1m_adj_sum,BLP-FMAR,hicp_sa,3,0.046673,-0.105693,0.199038
z_gcs_1m_adj_sum,BLP-FMAR,hicp_sa,4,0.056670,-0.097638,0.210978
z_gcs_1m_adj_sum,BLP-FMAR,hicp_sa,5,0.071171,-0.093891,0.236233
z_gcs_1m_adj_sum,BLP-FMAR,hicp_sa,6,0.083996,-0.081476,0.249468
z_gcs_1m_adj_sum,BLP-FMAR,hicp_sa,7,0.090380,-0.073806,0.254565
z_gcs_1m_adj_sum,BLP-FMAR,hicp_sa,8,0.097978,-0.078296,0.274252
z_gcs_1m_adj_sum,BLP-FMAR,hicp_sa,9,0.109882,-0.075276,0.295040
z_gcs_1m_adj_sum,BLP-FMAR,hicp_sa,10,0.120324,-0.055410,0.296058
z_gcs_1m_adj_sum,BLP-FMAR,hicp_sa,11,0.126572,-0.057830,0.310974
z_gcs_1m_adj_sum,BLP-FMAR,hicp_sa,12,0.132262,-0.059401,0.323925
z_gcs_1m_adj_sum,BLP-FMAR,hicp_sa,13,0.128100,-0.064133,0.320332
z_gcs_1m_adj_sum,BLP-FMAR,hicp_sa,14,0.124900,-0.088548,0.338349
z_gcs_1m_adj_sum,BLP-FMAR,hicp_sa,15,0.124165,-0.093982,0.342312
z_gcs_1m_adj_sum,BLP-FMAR,hicp_sa,16,0.126542,-0.138520,0.391604
z_gcs_1m_adj_sum,BLP-FMAR,hicp_sa,17,0.122134,-0.162058,0.406325
z_gcs_1m_adj_sum,BLP-FMAR,hicp_sa,18,0.121657,-0.195625,0.438938
z_gcs_1m_adj_sum,BLP-FMAR,hicp_sa,19,0.117294,-0.206599,0.441187
z_gcs_1m_adj_sum,BLP-FMAR,hicp_sa,20,0.108130,-0.222042,0.438302
z_gcs_1m_adj_sum,BLP-FMAR,hicp_sa,21,0.095768,-0.195904,0.387440
z_gcs_1m_adj_sum,BLP-FMAR,hicp_sa,22,0.084780,-0.201506,0.371066
z_gcs_1m_adj_sum,BLP-FMAR,hicp_sa,23,0.074200,-0.184288,0.332687
z_gcs_1m_adj_sum,BLP-FMAR,hicp_sa,24,0.054619,-0.203737,0.312975
z_gcs_1m_adj_sum,BLP-FMAR,hicp_sa,25,0.026428,-0.175844,0.228701
z_gcs_1m_adj_sum,BLP-FMAR,hicp_sa,26,0.000861,-0.168953,0.170674
z_gcs_1m_adj_sum,BLP-FMAR,hicp_sa,27,-0.021421,-0.182643,0.139800
z_gcs_1m_adj_sum,BLP-FMAR,hicp_sa,28,-0.036537,-0.186237,0.113163
z_gcs_1m_adj_sum,BLP-FMAR,hicp_sa,29,-0.045494,-0.193762,0.102775
z_gcs_1m_adj_sum,BLP-FMAR,hicp_sa,30,-0.050978,-0.202939,0.100983
z_gcs_1m_adj_sum,BLP-FMAR,hicp_sa,31,-0.061163,-0.200602,0.078275
z_gcs_1m_adj_sum,BLP-FMAR,hicp_sa,32,-0.072652,-0.200491,0.055186
z_gcs_1m_adj_sum,BLP-FMAR,hicp_sa,33,-0.083075,-0.211162,0.045013
z_gcs_1m_adj_sum,BLP-FMAR,hicp_sa,34,-0.096126,-0.242495,0.050244
z_gcs_1m_adj_sum,BLP-FMAR,hicp_sa,35,-0.111100,-0.277079,0.054880
z_gcs_1m_adj_sum,BLP-FMAR,hicp_sa,36,-0.130897,-0.329619,0.067826
z_gcs_1m_adj_sum,BLP-FMAR,hicp_sa,37,-0.147861,-0.381109,0.085388
z_gcs_1m_adj_sum,BLP-FMAR,hicp_sa,38,-0.154782,-0.396424,0.086861
z_gcs_1m_adj_sum,BLP-FMAR,hicp_sa,39,-0.151884,-0.389750,0.085982
z_gcs_1m_adj_sum,BLP-FMAR,hicp_sa,40,-0.145197,-0.378006,0.087612
z_gcs_1m_adj_sum,BLP-FMAR,hicp_sa,41,-0.142827,-0.366550,0.080896
z_gcs_1m_adj_sum,BLP-FMAR,hicp_sa,42,-0.139699,-0.352301,0.072904
z_gcs_1m_adj_sum,BLP-FMAR,hicp_sa,43,-0.132017,-0.296296,0.032263
z_gcs_1m_adj_sum,BLP-FMAR,hicp_sa,44,-0.129387,-0.267080,0.008306
z_gcs_1m_adj_sum,BLP-FMAR,hicp_sa,45,-0.128867,-0.257355,-0.000379
z_gcs_1m_adj_sum,BLP-FMAR,hicp_sa,46,-0.134253,-0.260184,-0.008322
z_gcs_1m_adj_sum,BLP-FMAR,hicp_sa,47,-0.138460,-0.286154,0.009233
z_gcs_1m_adj_sum,BLP-FMAR,hicp_sa,48,-0.135748,-0.280636,0.009139
z_gcs_1m_adj_sum,BLP-FMAR,stoxx,0,2.839887,1.899482,3.763171
z_gcs_1m_adj_sum,BLP-FMAR,stoxx,1,3.785865,2.625251,4.946480
z_gcs_1m_adj_sum,BLP-FMAR,stoxx,2,4.149742,2.433736,5.865748
z_gcs_1m_adj_sum,BLP-FMAR,stoxx,3,4.422697,2.163797,6.681597
z_gcs_1m_adj_sum,BLP-FMAR,stoxx,4,4.620881,1.592031,7.649731
z_gcs_1m_adj_sum,BLP-FMAR,stoxx,5,4.566104,0.727373,8.404834
z_gcs_1m_adj_sum,BLP-FMAR,stoxx,6,4.118391,0.923361,7.313422
z_gcs_1m_adj_sum,BLP-FMAR,stoxx,7,3.691722,0.224998,7.158446
z_gcs_1m_adj_sum,BLP-FMAR,stoxx,8,3.423807,-0.268611,7.116225
z_gcs_1m_adj_sum,BLP-FMAR,stoxx,9,3.121703,-0.393191,6.636597
z_gcs_1m_adj_sum,BLP-FMAR,stoxx,10,2.720425,-1.083199,6.524050
z_gcs_1m_adj_sum,BLP-FMAR,stoxx,11,2.314755,-1.999141,6.628650
z_gcs_1m_adj_sum,BLP-FMAR,stoxx,12,1.909382,-2.204087,6.022850
z_gcs_1m_adj_sum,BLP-FMAR,stoxx,13,1.604917,-2.039738,5.249573
z_gcs_1m_adj_sum,BLP-FMAR,stoxx,14,1.305931,-2.024108,4.635970
z_gcs_1m_adj_sum,BLP-FMAR,stoxx,15,1.085809,-2.438592,4.610209
z_gcs_1m_adj_sum,BLP-FMAR,stoxx,16,0.803243,-1.988202,3.594689
z_gcs_1m_adj_sum,BLP-FMAR,stoxx,17,0.429410,-2.159354,3.018173
z_gcs_1m_adj_sum,BLP-FMAR,stoxx,18,0.141489,-2.657731,2.940709
z_gcs_1m_adj_sum,BLP-FMAR,stoxx,19,-0.185432,-2.565025,2.194160
z_gcs_1m_adj_sum,BLP-FMAR,stoxx,20,-0.671889,-3.059646,1.715867
z_gcs_1m_adj_sum,BLP-FMAR,stoxx,21,-1.173877,-3.797593,1.449840
z_gcs_1m_adj_sum,BLP-FMAR,stoxx,22,-1.556355,-3.925317,0.812607
z_gcs_1m_adj_sum,BLP-FMAR,stoxx,23,-1.882073,-4.926087,1.161940
z_gcs_1m_adj_sum,BLP-FMAR,stoxx,24,-2.248266,-6.666255,2.169724
z_gcs_1m_adj_sum,BLP-FMAR,stoxx,25,-2.474131,-8.035216,3.086953
z_gcs_1m_adj_sum,BLP-FMAR,stoxx,26,-2.628071,-8.311436,3.055294
z_gcs_1m_adj_sum,BLP-FMAR,stoxx,27,-2.738926,-8.670536,3.192684
z_gcs_1m_adj_sum,BLP-FMAR,stoxx,28,-2.781980,-10.169745,4.605786
z_gcs_1m_adj_sum,BLP-FMAR,stoxx,29,-2.593859,-9.151847,3.964129
z_gcs_1m_adj_sum,BLP-FMAR,stoxx,30,-2.308492,-7.247805,2.630821
z_gcs_1m_adj_sum,BLP-FMAR,stoxx,31,-2.100430,-6.048774,1.847914
z_gcs_1m_adj_sum,BLP-FMAR,stoxx,32,-1.933005,-6.037953,2.171943
z_gcs_1m_adj_sum,BLP-FMAR,stoxx,33,-1.647868,-5.232223,1.936488
z_gcs_1m_adj_sum,BLP-FMAR,stoxx,34,-1.278788,-5.070154,2.512578
z_gcs_1m_adj_sum,BLP-FMAR,stoxx,35,-1.423551,-6.278234,3.431131
z_gcs_1m_adj_sum,BLP-FMAR,stoxx,36,-1.701002,-5.040607,1.638602
z_gcs_1m_adj_sum,BLP-FMAR,stoxx,37,-1.740894,-4.233727,0.751939
z_gcs_1m_adj_sum,BLP-FMAR,stoxx,38,-1.579951,-3.475371,0.315469
z_gcs_1m_adj_sum,BLP-FMAR,stoxx,39,-1.327285,-2.911582,0.257012
z_gcs_1m_adj_sum,BLP-FMAR,stoxx,40,-1.139968,-3.007271,0.727336
z_gcs_1m_adj_sum,BLP-FMAR,stoxx,41,-0.849858,-3.020722,1.321006
z_gcs_1m_adj_sum,BLP-FMAR,stoxx,42,-0.594142,-3.584281,2.395997
z_gcs_1m_adj_sum,BLP-FMAR,stoxx,43,-0.611816,-4.924458,3.700825
z_gcs_1m_adj_sum,BLP-FMAR,stoxx,44,-0.783090,-5.366686,3.800507
z_gcs_1m_adj_sum,BLP-FMAR,stoxx,45,-0.990583,-5.469755,3.488588
z_gcs_1m_adj_sum,BLP-FMAR,stoxx,46,-1.131736,-5.693862,3.430390
z_gcs_1m_adj_sum,BLP-FMAR,stoxx,47,-1.255661,-5.205009,2.693687
z_gcs_1m_adj_sum,BLP-FMAR,stoxx,48,-1.137045,-4.337638,2.063547
z_gcs_1m_adj_sum,BLP-block,ois1m,0,0.250000,NaN,NaN
z_gcs_1m_adj_sum,BLP-block,ois1m,1,0.282916,0.217047,0.348785
z_gcs_1m_adj_sum,BLP-block,ois1m,2,0.313354,0.217456,0.409252
z_gcs_1m_adj_sum,BLP-block,ois1m,3,0.345863,0.217195,0.474531
z_gcs_1m_adj_sum,BLP-block,ois1m,4,0.360600,0.220048,0.501152
z_gcs_1m_adj_sum,BLP-block,ois1m,5,0.367408,0.231739,0.503076
z_gcs_1m_adj_sum,BLP-block,ois1m,6,0.368502,0.234380,0.502625
z_gcs_1m_adj_sum,BLP-block,ois1m,7,0.365986,0.218568,0.513404
z_gcs_1m_adj_sum,BLP-block,ois1m,8,0.366979,0.206968,0.526989
z_gcs_1m_adj_sum,BLP-block,ois1m,9,0.365611,0.210298,0.520924
z_gcs_1m_adj_sum,BLP-block,ois1m,10,0.359332,0.205577,0.513087
z_gcs_1m_adj_sum,BLP-block,ois1m,11,0.346310,0.178203,0.514417
z_gcs_1m_adj_sum,BLP-block,ois1m,12,0.336440,0.161340,0.511540
z_gcs_1m_adj_sum,BLP-block,ois1m,13,0.326636,0.145779,0.507493
z_gcs_1m_adj_sum,BLP-block,ois1m,14,0.314179,0.124328,0.504030
z_gcs_1m_adj_sum,BLP-block,ois1m,15,0.295829,0.089775,0.501883
z_gcs_1m_adj_sum,BLP-block,ois1m,16,0.280949,0.068797,0.493102
z_gcs_1m_adj_sum,BLP-block,ois1m,17,0.255759,0.037019,0.474498
z_gcs_1m_adj_sum,BLP-block,ois1m,18,0.230274,-0.000344,0.460892
z_gcs_1m_adj_sum,BLP-block,ois1m,19,0.208330,-0.034933,0.451592
z_gcs_1m_adj_sum,BLP-block,ois1m,20,0.177961,-0.051553,0.407475
z_gcs_1m_adj_sum,BLP-block,ois1m,21,0.148989,-0.075416,0.373395
z_gcs_1m_adj_sum,BLP-block,ois1m,22,0.116287,-0.085350,0.317924
z_gcs_1m_adj_sum,BLP-block,ois1m,23,0.078035,-0.088082,0.244152
z_gcs_1m_adj_sum,BLP-block,ois1m,24,0.048859,-0.121086,0.218803
z_gcs_1m_adj_sum,BLP-block,ois1m,25,0.013871,-0.148138,0.175880
z_gcs_1m_adj_sum,BLP-block,ois1m,26,-0.018664,-0.196112,0.158784
z_gcs_1m_adj_sum,BLP-block,ois1m,27,-0.039547,-0.278245,0.199151
z_gcs_1m_adj_sum,BLP-block,ois1m,28,-0.062398,-0.363186,0.238389
z_gcs_1m_adj_sum,BLP-block,ois1m,29,-0.078428,-0.411041,0.254186
z_gcs_1m_adj_sum,BLP-block,ois1m,30,-0.089711,-0.424420,0.244997
z_gcs_1m_adj_sum,BLP-block,ois1m,31,-0.100813,-0.416646,0.215020
z_gcs_1m_adj_sum,BLP-block,ois1m,32,-0.116194,-0.437513,0.205124
z_gcs_1m_adj_sum,BLP-block,ois1m,33,-0.113399,-0.449190,0.222391
z_gcs_1m_adj_sum,BLP-block,ois1m,34,-0.113298,-0.426558,0.199963
z_gcs_1m_adj_sum,BLP-block,ois1m,35,-0.119884,-0.459663,0.219895
z_gcs_1m_adj_sum,BLP-block,ois1m,36,-0.116694,-0.492279,0.258890
z_gcs_1m_adj_sum,BLP-block,ois1m,37,-0.108537,-0.473696,0.256622
z_gcs_1m_adj_sum,BLP-block,ois1m,38,-0.108599,-0.454568,0.237369
z_gcs_1m_adj_sum,BLP-block,ois1m,39,-0.105157,-0.406652,0.196338
z_gcs_1m_adj_sum,BLP-block,ois1m,40,-0.102241,-0.342269,0.137786
z_gcs_1m_adj_sum,BLP-block,ois1m,41,-0.098514,-0.291820,0.094792
z_gcs_1m_adj_sum,BLP-block,ois1m,42,-0.088729,-0.234337,0.056879
z_gcs_1m_adj_sum,BLP-block,ois1m,43,-0.082124,-0.196034,0.031787
z_gcs_1m_adj_sum,BLP-block,ois1m,44,-0.074400,-0.170278,0.021478
z_gcs_1m_adj_sum,BLP-block,ois1m,45,-0.068249,-0.155097,0.018598
z_gcs_1m_adj_sum,BLP-block,ois1m,46,-0.058336,-0.154405,0.037732
z_gcs_1m_adj_sum,BLP-block,ois1m,47,-0.062509,-0.164701,0.039683
z_gcs_1m_adj_sum,BLP-block,ois1m,48,-0.059629,-0.157920,0.038661
z_gcs_1m_adj_sum,BLP-block,ip,0,0.835560,NaN,NaN
z_gcs_1m_adj_sum,BLP-block,ip,1,1.084357,0.785214,1.383501
z_gcs_1m_adj_sum,BLP-block,ip,2,1.350397,0.803357,1.897437
z_gcs_1m_adj_sum,BLP-block,ip,3,1.626051,0.791257,2.460845
z_gcs_1m_adj_sum,BLP-block,ip,4,1.751585,0.917619,2.585550
z_gcs_1m_adj_sum,BLP-block,ip,5,1.730750,0.887852,2.573648
z_gcs_1m_adj_sum,BLP-block,ip,6,1.729716,0.924155,2.535277
z_gcs_1m_adj_sum,BLP-block,ip,7,1.494161,0.844079,2.144243
z_gcs_1m_adj_sum,BLP-block,ip,8,1.307858,0.634687,1.981028
z_gcs_1m_adj_sum,BLP-block,ip,9,1.159284,0.436198,1.882370
z_gcs_1m_adj_sum,BLP-block,ip,10,1.100723,0.373062,1.828384
z_gcs_1m_adj_sum,BLP-block,ip,11,0.928370,0.119471,1.737270
z_gcs_1m_adj_sum,BLP-block,ip,12,0.822043,0.002041,1.642044
z_gcs_1m_adj_sum,BLP-block,ip,13,0.912413,0.034061,1.790765
z_gcs_1m_adj_sum,BLP-block,ip,14,0.819476,-0.085952,1.724905
z_gcs_1m_adj_sum,BLP-block,ip,15,0.607102,-0.352998,1.567202
z_gcs_1m_adj_sum,BLP-block,ip,16,0.421443,-0.608156,1.451042
z_gcs_1m_adj_sum,BLP-block,ip,17,0.239343,-0.840431,1.319116
z_gcs_1m_adj_sum,BLP-block,ip,18,0.045059,-1.008811,1.098930
z_gcs_1m_adj_sum,BLP-block,ip,19,-0.203901,-1.351797,0.943996
z_gcs_1m_adj_sum,BLP-block,ip,20,-0.335243,-1.280897,0.610410
z_gcs_1m_adj_sum,BLP-block,ip,21,-0.466493,-1.323899,0.390913
z_gcs_1m_adj_sum,BLP-block,ip,22,-0.650620,-1.374068,0.072828
z_gcs_1m_adj_sum,BLP-block,ip,23,-0.742769,-1.407205,-0.078334
z_gcs_1m_adj_sum,BLP-block,ip,24,-0.980680,-1.814370,-0.146991
z_gcs_1m_adj_sum,BLP-block,ip,25,-1.144301,-2.255014,-0.033588
z_gcs_1m_adj_sum,BLP-block,ip,26,-1.197962,-2.681895,0.285971
z_gcs_1m_adj_sum,BLP-block,ip,27,-1.320439,-2.933029,0.292152
z_gcs_1m_adj_sum,BLP-block,ip,28,-1.384742,-3.374565,0.605081
z_gcs_1m_adj_sum,BLP-block,ip,29,-1.326448,-3.522024,0.869129
z_gcs_1m_adj_sum,BLP-block,ip,30,-1.328934,-3.577476,0.919608
z_gcs_1m_adj_sum,BLP-block,ip,31,-1.261447,-3.468934,0.946040
z_gcs_1m_adj_sum,BLP-block,ip,32,-1.220717,-3.110146,0.668712
z_gcs_1m_adj_sum,BLP-block,ip,33,-1.167510,-2.999247,0.664227
z_gcs_1m_adj_sum,BLP-block,ip,34,-1.132921,-2.716522,0.450681
z_gcs_1m_adj_sum,BLP-block,ip,35,-1.123186,-2.669403,0.423031
z_gcs_1m_adj_sum,BLP-block,ip,36,-1.087454,-2.489405,0.314497
z_gcs_1m_adj_sum,BLP-block,ip,37,-1.062749,-2.596960,0.471462
z_gcs_1m_adj_sum,BLP-block,ip,38,-1.006009,-2.381486,0.369467
z_gcs_1m_adj_sum,BLP-block,ip,39,-0.875591,-2.095555,0.344372
z_gcs_1m_adj_sum,BLP-block,ip,40,-0.739485,-1.568428,0.089459
z_gcs_1m_adj_sum,BLP-block,ip,41,-0.633967,-1.393881,0.125947
z_gcs_1m_adj_sum,BLP-block,ip,42,-0.492473,-1.263931,0.278985
z_gcs_1m_adj_sum,BLP-block,ip,43,-0.430473,-1.148094,0.287149
z_gcs_1m_adj_sum,BLP-block,ip,44,-0.349375,-1.339145,0.640395
z_gcs_1m_adj_sum,BLP-block,ip,45,-0.329663,-1.312172,0.652846
z_gcs_1m_adj_sum,BLP-block,ip,46,-0.257466,-1.443855,0.928923
z_gcs_1m_adj_sum,BLP-block,ip,47,-0.152107,-1.464007,1.159793
z_gcs_1m_adj_sum,BLP-block,ip,48,-0.126524,-1.514124,1.261077
z_gcs_1m_adj_sum,BLP-block,hicp_sa,0,-0.037675,NaN,NaN
z_gcs_1m_adj_sum,BLP-block,hicp_sa,1,-0.003067,-0.078977,0.072844
z_gcs_1m_adj_sum,BLP-block,hicp_sa,2,0.024791,-0.113092,0.162673
z_gcs_1m_adj_sum,BLP-block,hicp_sa,3,0.044221,-0.105814,0.194255
z_gcs_1m_adj_sum,BLP-block,hicp_sa,4,0.053726,-0.098172,0.205624
z_gcs_1m_adj_sum,BLP-block,hicp_sa,5,0.067309,-0.094294,0.228912
z_gcs_1m_adj_sum,BLP-block,hicp_sa,6,0.081894,-0.081495,0.245282
z_gcs_1m_adj_sum,BLP-block,hicp_sa,7,0.087840,-0.073973,0.249654
z_gcs_1m_adj_sum,BLP-block,hicp_sa,8,0.097970,-0.077084,0.273025
z_gcs_1m_adj_sum,BLP-block,hicp_sa,9,0.111317,-0.072078,0.294712
z_gcs_1m_adj_sum,BLP-block,hicp_sa,10,0.123539,-0.049028,0.296105
z_gcs_1m_adj_sum,BLP-block,hicp_sa,11,0.136176,-0.039867,0.312220
z_gcs_1m_adj_sum,BLP-block,hicp_sa,12,0.151274,-0.027213,0.329762
z_gcs_1m_adj_sum,BLP-block,hicp_sa,13,0.146258,-0.030985,0.323502
z_gcs_1m_adj_sum,BLP-block,hicp_sa,14,0.145340,-0.047076,0.337755
z_gcs_1m_adj_sum,BLP-block,hicp_sa,15,0.144793,-0.049076,0.338662
z_gcs_1m_adj_sum,BLP-block,hicp_sa,16,0.153807,-0.082882,0.390495
z_gcs_1m_adj_sum,BLP-block,hicp_sa,17,0.142822,-0.112543,0.398187
z_gcs_1m_adj_sum,BLP-block,hicp_sa,18,0.144578,-0.142731,0.431887
z_gcs_1m_adj_sum,BLP-block,hicp_sa,19,0.145314,-0.148515,0.439144
z_gcs_1m_adj_sum,BLP-block,hicp_sa,20,0.133606,-0.167360,0.434572
z_gcs_1m_adj_sum,BLP-block,hicp_sa,21,0.108073,-0.158422,0.374569
z_gcs_1m_adj_sum,BLP-block,hicp_sa,22,0.102440,-0.157811,0.362690
z_gcs_1m_adj_sum,BLP-block,hicp_sa,23,0.097369,-0.132882,0.327621
z_gcs_1m_adj_sum,BLP-block,hicp_sa,24,0.072194,-0.160806,0.305194
z_gcs_1m_adj_sum,BLP-block,hicp_sa,25,0.038071,-0.139887,0.216029
z_gcs_1m_adj_sum,BLP-block,hicp_sa,26,0.003670,-0.140723,0.148063
z_gcs_1m_adj_sum,BLP-block,hicp_sa,27,-0.023501,-0.155372,0.108370
z_gcs_1m_adj_sum,BLP-block,hicp_sa,28,-0.041057,-0.167393,0.085279
z_gcs_1m_adj_sum,BLP-block,hicp_sa,29,-0.051448,-0.178844,0.075949
z_gcs_1m_adj_sum,BLP-block,hicp_sa,30,-0.053880,-0.184840,0.077080
z_gcs_1m_adj_sum,BLP-block,hicp_sa,31,-0.062690,-0.174078,0.048698
z_gcs_1m_adj_sum,BLP-block,hicp_sa,32,-0.078381,-0.176817,0.020054
z_gcs_1m_adj_sum,BLP-block,hicp_sa,33,-0.091624,-0.201753,0.018505
z_gcs_1m_adj_sum,BLP-block,hicp_sa,34,-0.107919,-0.247459,0.031621
z_gcs_1m_adj_sum,BLP-block,hicp_sa,35,-0.132872,-0.291187,0.025443
z_gcs_1m_adj_sum,BLP-block,hicp_sa,36,-0.159143,-0.343590,0.025305
z_gcs_1m_adj_sum,BLP-block,hicp_sa,37,-0.183299,-0.394121,0.027524
z_gcs_1m_adj_sum,BLP-block,hicp_sa,38,-0.188188,-0.403306,0.026930
z_gcs_1m_adj_sum,BLP-block,hicp_sa,39,-0.182615,-0.393594,0.028363
z_gcs_1m_adj_sum,BLP-block,hicp_sa,40,-0.176386,-0.379556,0.026783
z_gcs_1m_adj_sum,BLP-block,hicp_sa,41,-0.173126,-0.367978,0.021726
z_gcs_1m_adj_sum,BLP-block,hicp_sa,42,-0.162923,-0.348954,0.023109
z_gcs_1m_adj_sum,BLP-block,hicp_sa,43,-0.145381,-0.290925,0.000162
z_gcs_1m_adj_sum,BLP-block,hicp_sa,44,-0.140344,-0.270375,-0.010312
z_gcs_1m_adj_sum,BLP-block,hicp_sa,45,-0.135550,-0.261657,-0.009443
z_gcs_1m_adj_sum,BLP-block,hicp_sa,46,-0.145528,-0.265406,-0.025651
z_gcs_1m_adj_sum,BLP-block,hicp_sa,47,-0.151957,-0.289051,-0.014863
z_gcs_1m_adj_sum,BLP-block,hicp_sa,48,-0.152129,-0.281428,-0.022829
z_gcs_1m_adj_sum,BLP-block,stoxx,0,2.839887,NaN,NaN
z_gcs_1m_adj_sum,BLP-block,stoxx,1,3.769489,2.605259,4.933718
z_gcs_1m_adj_sum,BLP-block,stoxx,2,4.087368,2.348704,5.826032
z_gcs_1m_adj_sum,BLP-block,stoxx,3,4.325061,1.996603,6.653519
z_gcs_1m_adj_sum,BLP-block,stoxx,4,4.682100,1.649954,7.714246
z_gcs_1m_adj_sum,BLP-block,stoxx,5,4.705534,0.910782,8.500286
z_gcs_1m_adj_sum,BLP-block,stoxx,6,4.357102,1.302417,7.411787
z_gcs_1m_adj_sum,BLP-block,stoxx,7,3.835349,0.632334,7.038364
z_gcs_1m_adj_sum,BLP-block,stoxx,8,3.481743,0.290323,6.673163
z_gcs_1m_adj_sum,BLP-block,stoxx,9,3.155056,0.137881,6.172232
z_gcs_1m_adj_sum,BLP-block,stoxx,10,2.695740,-0.568753,5.960234
z_gcs_1m_adj_sum,BLP-block,stoxx,11,2.411464,-1.308018,6.130946
z_gcs_1m_adj_sum,BLP-block,stoxx,12,1.949713,-1.688072,5.587498
z_gcs_1m_adj_sum,BLP-block,stoxx,13,1.631675,-1.552336,4.815686
z_gcs_1m_adj_sum,BLP-block,stoxx,14,1.183270,-1.830082,4.196621
z_gcs_1m_adj_sum,BLP-block,stoxx,15,1.077409,-2.231843,4.386661
z_gcs_1m_adj_sum,BLP-block,stoxx,16,0.846191,-1.753874,3.446255
z_gcs_1m_adj_sum,BLP-block,stoxx,17,0.575543,-1.834443,2.985529
z_gcs_1m_adj_sum,BLP-block,stoxx,18,0.458108,-2.248906,3.165121
z_gcs_1m_adj_sum,BLP-block,stoxx,19,0.255836,-1.913269,2.424941
z_gcs_1m_adj_sum,BLP-block,stoxx,20,-0.220696,-2.528812,2.087419
z_gcs_1m_adj_sum,BLP-block,stoxx,21,-0.867167,-3.518785,1.784452
z_gcs_1m_adj_sum,BLP-block,stoxx,22,-1.318950,-3.798691,1.160792
z_gcs_1m_adj_sum,BLP-block,stoxx,23,-1.732185,-4.806410,1.342041
z_gcs_1m_adj_sum,BLP-block,stoxx,24,-2.293948,-6.712614,2.124718
z_gcs_1m_adj_sum,BLP-block,stoxx,25,-2.675041,-8.193721,2.843638
z_gcs_1m_adj_sum,BLP-block,stoxx,26,-2.822782,-8.486925,2.841361
z_gcs_1m_adj_sum,BLP-block,stoxx,27,-3.149376,-8.979788,2.681036
z_gcs_1m_adj_sum,BLP-block,stoxx,28,-3.295893,-10.548691,3.956905
z_gcs_1m_adj_sum,BLP-block,stoxx,29,-2.994504,-9.441190,3.452182
z_gcs_1m_adj_sum,BLP-block,stoxx,30,-2.746868,-7.561882,2.068145
z_gcs_1m_adj_sum,BLP-block,stoxx,31,-2.381949,-6.315034,1.551136
z_gcs_1m_adj_sum,BLP-block,stoxx,32,-2.190712,-6.367827,1.986403
z_gcs_1m_adj_sum,BLP-block,stoxx,33,-1.738108,-5.478122,2.001906
z_gcs_1m_adj_sum,BLP-block,stoxx,34,-1.274653,-5.186957,2.637652
z_gcs_1m_adj_sum,BLP-block,stoxx,35,-1.386444,-6.340739,3.567851
z_gcs_1m_adj_sum,BLP-block,stoxx,36,-1.638577,-5.060248,1.783093
z_gcs_1m_adj_sum,BLP-block,stoxx,37,-1.716850,-4.119268,0.685568
z_gcs_1m_adj_sum,BLP-block,stoxx,38,-1.558577,-3.412398,0.295244
z_gcs_1m_adj_sum,BLP-block,stoxx,39,-1.297514,-2.870234,0.275206
z_gcs_1m_adj_sum,BLP-block,stoxx,40,-0.999066,-2.940996,0.942865
z_gcs_1m_adj_sum,BLP-block,stoxx,41,-0.828441,-3.004892,1.348011
z_gcs_1m_adj_sum,BLP-block,stoxx,42,-0.613356,-3.620579,2.393868
z_gcs_1m_adj_sum,BLP-block,stoxx,43,-0.741191,-5.150518,3.668137
z_gcs_1m_adj_sum,BLP-block,stoxx,44,-0.970756,-5.724025,3.782512
z_gcs_1m_adj_sum,BLP-block,stoxx,45,-1.173142,-5.809393,3.463110
z_gcs_1m_adj_sum,BLP-block,stoxx,46,-1.304731,-6.016539,3.407076
z_gcs_1m_adj_sum,BLP-block,stoxx,47,-1.439161,-5.652159,2.773837
z_gcs_1m_adj_sum,BLP-block,stoxx,48,-1.338971,-4.897458,2.219515
z_gcs_1m_adj_sum,LP-LA,ois1m,0,0.250000,0.250000,0.250000
z_gcs_1m_adj_sum,LP-LA,ois1m,1,0.296314,0.260408,0.332220
z_gcs_1m_adj_sum,LP-LA,ois1m,2,0.329676,0.284183,0.375169
z_gcs_1m_adj_sum,LP-LA,ois1m,3,0.416696,0.351528,0.481864
z_gcs_1m_adj_sum,LP-LA,ois1m,4,0.452835,0.367326,0.538344
z_gcs_1m_adj_sum,LP-LA,ois1m,5,0.442008,0.341804,0.542212
z_gcs_1m_adj_sum,LP-LA,ois1m,6,0.432038,0.320306,0.543769
z_gcs_1m_adj_sum,LP-LA,ois1m,7,0.394517,0.278366,0.510669
z_gcs_1m_adj_sum,LP-LA,ois1m,8,0.376312,0.248660,0.503964
z_gcs_1m_adj_sum,LP-LA,ois1m,9,0.374459,0.239244,0.509674
z_gcs_1m_adj_sum,LP-LA,ois1m,10,0.358642,0.222498,0.494786
z_gcs_1m_adj_sum,LP-LA,ois1m,11,0.334596,0.196663,0.472529
z_gcs_1m_adj_sum,LP-LA,ois1m,12,0.317087,0.178855,0.455319
z_gcs_1m_adj_sum,LP-LA,ois1m,13,0.307705,0.165066,0.450344
z_gcs_1m_adj_sum,LP-LA,ois1m,14,0.290924,0.146232,0.435615
z_gcs_1m_adj_sum,LP-LA,ois1m,15,0.281359,0.132618,0.430100
z_gcs_1m_adj_sum,LP-LA,ois1m,16,0.280016,0.122900,0.437132
z_gcs_1m_adj_sum,LP-LA,ois1m,17,0.264890,0.103680,0.426101
z_gcs_1m_adj_sum,LP-LA,ois1m,18,0.264122,0.100785,0.427458
z_gcs_1m_adj_sum,LP-LA,ois1m,19,0.255256,0.090426,0.420085
z_gcs_1m_adj_sum,LP-LA,ois1m,20,0.232411,0.072093,0.392728
z_gcs_1m_adj_sum,LP-LA,ois1m,21,0.222106,0.060930,0.383282
z_gcs_1m_adj_sum,LP-LA,ois1m,22,0.173425,0.011562,0.335287
z_gcs_1m_adj_sum,LP-LA,ois1m,23,0.106932,-0.056005,0.269869
z_gcs_1m_adj_sum,LP-LA,ois1m,24,0.054211,-0.114755,0.223176
z_gcs_1m_adj_sum,LP-LA,ois1m,25,0.017744,-0.141440,0.176928
z_gcs_1m_adj_sum,LP-LA,ois1m,26,-0.036400,-0.191489,0.118688
z_gcs_1m_adj_sum,LP-LA,ois1m,27,-0.124192,-0.282693,0.034309
z_gcs_1m_adj_sum,LP-LA,ois1m,28,-0.195087,-0.345332,-0.044841
z_gcs_1m_adj_sum,LP-LA,ois1m,29,-0.239801,-0.393426,-0.086177
z_gcs_1m_adj_sum,LP-LA,ois1m,30,-0.267650,-0.425234,-0.110065
z_gcs_1m_adj_sum,LP-LA,ois1m,31,-0.273945,-0.428595,-0.119294
z_gcs_1m_adj_sum,LP-LA,ois1m,32,-0.298973,-0.465204,-0.132743
z_gcs_1m_adj_sum,LP-LA,ois1m,33,-0.310776,-0.481906,-0.139645
z_gcs_1m_adj_sum,LP-LA,ois1m,34,-0.296700,-0.457627,-0.135772
z_gcs_1m_adj_sum,LP-LA,ois1m,35,-0.330329,-0.474722,-0.185935
z_gcs_1m_adj_sum,LP-LA,ois1m,36,-0.362594,-0.509463,-0.215725
z_gcs_1m_adj_sum,LP-LA,ois1m,37,-0.338623,-0.479670,-0.197576
z_gcs_1m_adj_sum,LP-LA,ois1m,38,-0.329264,-0.468401,-0.190126
z_gcs_1m_adj_sum,LP-LA,ois1m,39,-0.303902,-0.450421,-0.157383
z_gcs_1m_adj_sum,LP-LA,ois1m,40,-0.266972,-0.413985,-0.119958
z_gcs_1m_adj_sum,LP-LA,ois1m,41,-0.249386,-0.395470,-0.103302
z_gcs_1m_adj_sum,LP-LA,ois1m,42,-0.207723,-0.355388,-0.060058
z_gcs_1m_adj_sum,LP-LA,ois1m,43,-0.173108,-0.325202,-0.021013
z_gcs_1m_adj_sum,LP-LA,ois1m,44,-0.146341,-0.304271,0.011588
z_gcs_1m_adj_sum,LP-LA,ois1m,45,-0.125286,-0.285858,0.035287
z_gcs_1m_adj_sum,LP-LA,ois1m,46,-0.082766,-0.245674,0.080142
z_gcs_1m_adj_sum,LP-LA,ois1m,47,-0.074287,-0.235338,0.086763
z_gcs_1m_adj_sum,LP-LA,ois1m,48,-0.084265,-0.246288,0.077758
z_gcs_1m_adj_sum,LP-LA,ip,0,0.835560,0.835560,0.835560
z_gcs_1m_adj_sum,LP-LA,ip,1,1.020451,0.825214,1.215688
z_gcs_1m_adj_sum,LP-LA,ip,2,1.407574,1.108342,1.706806
z_gcs_1m_adj_sum,LP-LA,ip,3,1.637346,1.175119,2.099574
z_gcs_1m_adj_sum,LP-LA,ip,4,1.921038,1.433523,2.408553
z_gcs_1m_adj_sum,LP-LA,ip,5,1.834623,1.298899,2.370348
z_gcs_1m_adj_sum,LP-LA,ip,6,1.980166,1.353376,2.606956
z_gcs_1m_adj_sum,LP-LA,ip,7,1.586430,1.020654,2.152206
z_gcs_1m_adj_sum,LP-LA,ip,8,1.249703,0.682470,1.816935
z_gcs_1m_adj_sum,LP-LA,ip,9,0.925208,0.301379,1.549036
z_gcs_1m_adj_sum,LP-LA,ip,10,0.880914,0.240383,1.521444
z_gcs_1m_adj_sum,LP-LA,ip,11,0.640195,-0.003255,1.283644
z_gcs_1m_adj_sum,LP-LA,ip,12,0.471930,-0.143335,1.087195
z_gcs_1m_adj_sum,LP-LA,ip,13,0.883832,0.277065,1.490599
z_gcs_1m_adj_sum,LP-LA,ip,14,1.058649,0.426511,1.690788
z_gcs_1m_adj_sum,LP-LA,ip,15,0.888558,0.261977,1.515139
z_gcs_1m_adj_sum,LP-LA,ip,16,0.608819,-0.097207,1.314845
z_gcs_1m_adj_sum,LP-LA,ip,17,0.573247,-0.213321,1.359815
z_gcs_1m_adj_sum,LP-LA,ip,18,0.382838,-0.391224,1.156900
z_gcs_1m_adj_sum,LP-LA,ip,19,0.201235,-0.625397,1.027867
z_gcs_1m_adj_sum,LP-LA,ip,20,0.051062,-0.667252,0.769377
z_gcs_1m_adj_sum,LP-LA,ip,21,0.017466,-0.714621,0.749553
z_gcs_1m_adj_sum,LP-LA,ip,22,-0.309724,-1.088807,0.469360
z_gcs_1m_adj_sum,LP-LA,ip,23,-0.396703,-1.184109,0.390702
z_gcs_1m_adj_sum,LP-LA,ip,24,-0.927395,-1.785950,-0.068840
z_gcs_1m_adj_sum,LP-LA,ip,25,-1.523384,-2.388670,-0.658099
z_gcs_1m_adj_sum,LP-LA,ip,26,-1.631740,-2.615604,-0.647877
z_gcs_1m_adj_sum,LP-LA,ip,27,-1.873837,-2.809674,-0.938000
z_gcs_1m_adj_sum,LP-LA,ip,28,-2.320542,-3.314456,-1.326628
z_gcs_1m_adj_sum,LP-LA,ip,29,-2.557615,-3.587245,-1.527985
z_gcs_1m_adj_sum,LP-LA,ip,30,-2.571341,-3.544457,-1.598225
z_gcs_1m_adj_sum,LP-LA,ip,31,-2.667689,-3.692353,-1.643024
z_gcs_1m_adj_sum,LP-LA,ip,32,-2.442096,-3.447483,-1.436708
z_gcs_1m_adj_sum,LP-LA,ip,33,-2.362325,-3.364716,-1.359934
z_gcs_1m_adj_sum,LP-LA,ip,34,-2.072851,-3.108111,-1.037592
z_gcs_1m_adj_sum,LP-LA,ip,35,-1.999101,-3.027363,-0.970839
z_gcs_1m_adj_sum,LP-LA,ip,36,-2.013253,-2.974402,-1.052105
z_gcs_1m_adj_sum,LP-LA,ip,37,-1.969247,-2.977401,-0.961093
z_gcs_1m_adj_sum,LP-LA,ip,38,-2.091111,-3.099568,-1.082654
z_gcs_1m_adj_sum,LP-LA,ip,39,-1.661446,-2.713437,-0.609456
z_gcs_1m_adj_sum,LP-LA,ip,40,-1.514672,-2.607010,-0.422334
z_gcs_1m_adj_sum,LP-LA,ip,41,-1.250863,-2.413338,-0.088387
z_gcs_1m_adj_sum,LP-LA,ip,42,-0.810891,-1.967769,0.345988
z_gcs_1m_adj_sum,LP-LA,ip,43,-0.756256,-1.920626,0.408114
z_gcs_1m_adj_sum,LP-LA,ip,44,-0.181067,-1.404500,1.042367
z_gcs_1m_adj_sum,LP-LA,ip,45,-0.324374,-1.535087,0.886340
z_gcs_1m_adj_sum,LP-LA,ip,46,-0.245994,-1.437067,0.945079
z_gcs_1m_adj_sum,LP-LA,ip,47,0.250846,-0.969462,1.471153
z_gcs_1m_adj_sum,LP-LA,ip,48,0.260798,-0.931871,1.453467
z_gcs_1m_adj_sum,LP-LA,hicp_sa,0,-0.037675,-0.037675,-0.037675
z_gcs_1m_adj_sum,LP-LA,hicp_sa,1,0.041633,0.003295,0.079971
z_gcs_1m_adj_sum,LP-LA,hicp_sa,2,0.089792,0.015324,0.164259
z_gcs_1m_adj_sum,LP-LA,hicp_sa,3,0.134814,0.039562,0.230066
z_gcs_1m_adj_sum,LP-LA,hicp_sa,4,0.104371,-0.010884,0.219626
z_gcs_1m_adj_sum,LP-LA,hicp_sa,5,0.145938,0.016969,0.274908
z_gcs_1m_adj_sum,LP-LA,hicp_sa,6,0.171742,0.037580,0.305904
z_gcs_1m_adj_sum,LP-LA,hicp_sa,7,0.159040,0.011734,0.306346
z_gcs_1m_adj_sum,LP-LA,hicp_sa,8,0.124842,-0.033234,0.282917
z_gcs_1m_adj_sum,LP-LA,hicp_sa,9,0.148953,-0.023603,0.321509
z_gcs_1m_adj_sum,LP-LA,hicp_sa,10,0.157462,-0.021067,0.335991
z_gcs_1m_adj_sum,LP-LA,hicp_sa,11,0.154988,-0.033393,0.343369
z_gcs_1m_adj_sum,LP-LA,hicp_sa,12,0.190904,-0.005760,0.387567
z_gcs_1m_adj_sum,LP-LA,hicp_sa,13,0.172770,-0.033977,0.379518
z_gcs_1m_adj_sum,LP-LA,hicp_sa,14,0.167755,-0.058555,0.394066
z_gcs_1m_adj_sum,LP-LA,hicp_sa,15,0.183009,-0.057568,0.423585
z_gcs_1m_adj_sum,LP-LA,hicp_sa,16,0.209756,-0.047003,0.466516
z_gcs_1m_adj_sum,LP-LA,hicp_sa,17,0.203170,-0.055336,0.461677
z_gcs_1m_adj_sum,LP-LA,hicp_sa,18,0.219252,-0.045918,0.484421
z_gcs_1m_adj_sum,LP-LA,hicp_sa,19,0.242841,-0.035249,0.520931
z_gcs_1m_adj_sum,LP-LA,hicp_sa,20,0.228493,-0.052299,0.509286
z_gcs_1m_adj_sum,LP-LA,hicp_sa,21,0.187476,-0.093982,0.468934
z_gcs_1m_adj_sum,LP-LA,hicp_sa,22,0.181530,-0.108059,0.471120
z_gcs_1m_adj_sum,LP-LA,hicp_sa,23,0.227552,-0.066768,0.521871
z_gcs_1m_adj_sum,LP-LA,hicp_sa,24,0.234635,-0.067320,0.536590
z_gcs_1m_adj_sum,LP-LA,hicp_sa,25,0.184266,-0.120590,0.489123
z_gcs_1m_adj_sum,LP-LA,hicp_sa,26,0.096237,-0.218136,0.410610
z_gcs_1m_adj_sum,LP-LA,hicp_sa,27,0.040286,-0.285363,0.365935
z_gcs_1m_adj_sum,LP-LA,hicp_sa,28,-0.032499,-0.366614,0.301616
z_gcs_1m_adj_sum,LP-LA,hicp_sa,29,-0.035497,-0.379395,0.308401
z_gcs_1m_adj_sum,LP-LA,hicp_sa,30,-0.013515,-0.365121,0.338091
z_gcs_1m_adj_sum,LP-LA,hicp_sa,31,-0.040422,-0.389844,0.309000
z_gcs_1m_adj_sum,LP-LA,hicp_sa,32,-0.072686,-0.419855,0.274482
z_gcs_1m_adj_sum,LP-LA,hicp_sa,33,-0.078419,-0.427475,0.270637
z_gcs_1m_adj_sum,LP-LA,hicp_sa,34,-0.117045,-0.470874,0.236784
z_gcs_1m_adj_sum,LP-LA,hicp_sa,35,-0.142583,-0.496952,0.211787
z_gcs_1m_adj_sum,LP-LA,hicp_sa,36,-0.160776,-0.515043,0.193490
z_gcs_1m_adj_sum,LP-LA,hicp_sa,37,-0.192511,-0.544296,0.159274
z_gcs_1m_adj_sum,LP-LA,hicp_sa,38,-0.187493,-0.539047,0.164060
z_gcs_1m_adj_sum,LP-LA,hicp_sa,39,-0.177289,-0.537000,0.182422
z_gcs_1m_adj_sum,LP-LA,hicp_sa,40,-0.151529,-0.512034,0.208977
z_gcs_1m_adj_sum,LP-LA,hicp_sa,41,-0.164077,-0.520517,0.192363
z_gcs_1m_adj_sum,LP-LA,hicp_sa,42,-0.165824,-0.514119,0.182470
z_gcs_1m_adj_sum,LP-LA,hicp_sa,43,-0.131715,-0.464626,0.201195
z_gcs_1m_adj_sum,LP-LA,hicp_sa,44,-0.069405,-0.397023,0.258213
z_gcs_1m_adj_sum,LP-LA,hicp_sa,45,-0.063854,-0.385092,0.257385
z_gcs_1m_adj_sum,LP-LA,hicp_sa,46,-0.092945,-0.400425,0.214534
z_gcs_1m_adj_sum,LP-LA,hicp_sa,47,-0.126427,-0.423422,0.170568
z_gcs_1m_adj_sum,LP-LA,hicp_sa,48,-0.151697,-0.444283,0.140888
z_gcs_1m_adj_sum,LP-LA,stoxx,0,2.839887,2.839887,2.839887
z_gcs_1m_adj_sum,LP-LA,stoxx,1,4.046726,2.826183,5.267269
z_gcs_1m_adj_sum,LP-LA,stoxx,2,3.887807,1.838182,5.937431
z_gcs_1m_adj_sum,LP-LA,stoxx,3,4.477994,1.891130,7.064858
z_gcs_1m_adj_sum,LP-LA,stoxx,4,6.404832,3.624955,9.184709
z_gcs_1m_adj_sum,LP-LA,stoxx,5,5.955400,2.980514,8.930285
z_gcs_1m_adj_sum,LP-LA,stoxx,6,3.638417,0.366194,6.910639
z_gcs_1m_adj_sum,LP-LA,stoxx,7,1.791329,-1.572244,5.154902
z_gcs_1m_adj_sum,LP-LA,stoxx,8,0.881608,-2.317556,4.080772
z_gcs_1m_adj_sum,LP-LA,stoxx,9,1.369398,-1.409940,4.148737
z_gcs_1m_adj_sum,LP-LA,stoxx,10,0.896343,-2.018071,3.810756
z_gcs_1m_adj_sum,LP-LA,stoxx,11,1.218619,-2.055746,4.492985
z_gcs_1m_adj_sum,LP-LA,stoxx,12,1.214284,-2.213179,4.641748
z_gcs_1m_adj_sum,LP-LA,stoxx,13,1.534010,-1.774595,4.842615
z_gcs_1m_adj_sum,LP-LA,stoxx,14,0.910844,-2.238045,4.059733
z_gcs_1m_adj_sum,LP-LA,stoxx,15,1.345006,-1.897254,4.587265
z_gcs_1m_adj_sum,LP-LA,stoxx,16,1.759581,-1.327303,4.846465
z_gcs_1m_adj_sum,LP-LA,stoxx,17,1.321630,-1.918359,4.561619
z_gcs_1m_adj_sum,LP-LA,stoxx,18,1.374513,-1.843014,4.592040
z_gcs_1m_adj_sum,LP-LA,stoxx,19,1.431293,-1.397134,4.259721
z_gcs_1m_adj_sum,LP-LA,stoxx,20,0.547524,-2.349044,3.444091
z_gcs_1m_adj_sum,LP-LA,stoxx,21,-0.324895,-3.180119,2.530329
z_gcs_1m_adj_sum,LP-LA,stoxx,22,-1.127703,-3.915249,1.659843
z_gcs_1m_adj_sum,LP-LA,stoxx,23,-2.526134,-5.384487,0.332220
z_gcs_1m_adj_sum,LP-LA,stoxx,24,-3.933012,-6.902638,-0.963385
z_gcs_1m_adj_sum,LP-LA,stoxx,25,-5.394821,-8.489394,-2.300249
z_gcs_1m_adj_sum,LP-LA,stoxx,26,-5.875263,-8.888135,-2.862391
z_gcs_1m_adj_sum,LP-LA,stoxx,27,-6.530285,-9.658926,-3.401644
z_gcs_1m_adj_sum,LP-LA,stoxx,28,-7.301539,-10.587914,-4.015163
z_gcs_1m_adj_sum,LP-LA,stoxx,29,-6.598926,-9.818329,-3.379523
z_gcs_1m_adj_sum,LP-LA,stoxx,30,-5.897230,-9.250095,-2.544365
z_gcs_1m_adj_sum,LP-LA,stoxx,31,-5.900569,-9.229562,-2.571577
z_gcs_1m_adj_sum,LP-LA,stoxx,32,-6.426303,-9.759781,-3.092825
z_gcs_1m_adj_sum,LP-LA,stoxx,33,-5.962699,-9.220922,-2.704475
z_gcs_1m_adj_sum,LP-LA,stoxx,34,-2.737929,-6.087221,0.611363
z_gcs_1m_adj_sum,LP-LA,stoxx,35,-2.215940,-5.795882,1.364003
z_gcs_1m_adj_sum,LP-LA,stoxx,36,-2.790513,-6.008121,0.427095
z_gcs_1m_adj_sum,LP-LA,stoxx,37,-2.932559,-6.228383,0.363265
z_gcs_1m_adj_sum,LP-LA,stoxx,38,-2.521614,-5.926797,0.883568
z_gcs_1m_adj_sum,LP-LA,stoxx,39,-2.086590,-5.656779,1.483599
z_gcs_1m_adj_sum,LP-LA,stoxx,40,-3.220681,-6.933036,0.491674
z_gcs_1m_adj_sum,LP-LA,stoxx,41,-2.037379,-5.561035,1.486277
z_gcs_1m_adj_sum,LP-LA,stoxx,42,-0.467002,-4.126054,3.192049
z_gcs_1m_adj_sum,LP-LA,stoxx,43,0.878548,-2.881677,4.638774
z_gcs_1m_adj_sum,LP-LA,stoxx,44,1.071421,-2.576889,4.719731
z_gcs_1m_adj_sum,LP-LA,stoxx,45,0.254131,-3.414517,3.922779
z_gcs_1m_adj_sum,LP-LA,stoxx,46,0.170458,-3.499704,3.840620
z_gcs_1m_adj_sum,LP-LA,stoxx,47,-1.024100,-4.535174,2.486974
z_gcs_1m_adj_sum,LP-LA,stoxx,48,-0.604026,-3.954284,2.746231
z_gcs_1m_adj_sum,LP-IV,ois1m,0,0.250000,0.250000,0.250000
z_gcs_1m_adj_sum,LP-IV,ois1m,1,0.136887,0.029736,0.244039
z_gcs_1m_adj_sum,LP-IV,ois1m,2,0.129359,-0.006890,0.265607
z_gcs_1m_adj_sum,LP-IV,ois1m,3,0.171787,0.022778,0.320796
z_gcs_1m_adj_sum,LP-IV,ois1m,4,0.210100,0.021828,0.398373
z_gcs_1m_adj_sum,LP-IV,ois1m,5,0.181540,-0.009938,0.373018
z_gcs_1m_adj_sum,LP-IV,ois1m,6,0.095455,-0.147289,0.338199
z_gcs_1m_adj_sum,LP-IV,ois1m,7,-0.012273,-0.283363,0.258818
z_gcs_1m_adj_sum,LP-IV,ois1m,8,-0.047468,-0.370941,0.276004
z_gcs_1m_adj_sum,LP-IV,ois1m,9,-0.095629,-0.487039,0.295780
z_gcs_1m_adj_sum,LP-IV,ois1m,10,-0.153747,-0.563645,0.256150
z_gcs_1m_adj_sum,LP-IV,ois1m,11,-0.092355,-0.501633,0.316922
z_gcs_1m_adj_sum,LP-IV,ois1m,12,-0.113715,-0.507592,0.280161
z_gcs_1m_adj_sum,LP-IV,ois1m,13,-0.053321,-0.395103,0.288461
z_gcs_1m_adj_sum,LP-IV,ois1m,14,0.042201,-0.281946,0.366348
z_gcs_1m_adj_sum,LP-IV,ois1m,15,0.071712,-0.236697,0.380120
z_gcs_1m_adj_sum,LP-IV,ois1m,16,0.179364,-0.111807,0.470534
z_gcs_1m_adj_sum,LP-IV,ois1m,17,0.276974,-0.052228,0.606177
z_gcs_1m_adj_sum,LP-IV,ois1m,18,0.250589,-0.080428,0.581606
z_gcs_1m_adj_sum,LP-IV,ois1m,19,0.264057,-0.075706,0.603821
z_gcs_1m_adj_sum,LP-IV,ois1m,20,0.225013,-0.113460,0.563486
z_gcs_1m_adj_sum,LP-IV,ois1m,21,0.173839,-0.170156,0.517834
z_gcs_1m_adj_sum,LP-IV,ois1m,22,0.178523,-0.141366,0.498412
z_gcs_1m_adj_sum,LP-IV,ois1m,23,0.155702,-0.151068,0.462473
z_gcs_1m_adj_sum,LP-IV,ois1m,24,0.158452,-0.152087,0.468991
z_gcs_1m_adj_sum,LP-IV,ois1m,25,0.190743,-0.104292,0.485777
z_gcs_1m_adj_sum,LP-IV,ois1m,26,0.091658,-0.197865,0.381180
z_gcs_1m_adj_sum,LP-IV,ois1m,27,-0.001248,-0.285732,0.283236
z_gcs_1m_adj_sum,LP-IV,ois1m,28,0.012744,-0.290149,0.315637
z_gcs_1m_adj_sum,LP-IV,ois1m,29,-0.006076,-0.298074,0.285922
z_gcs_1m_adj_sum,LP-IV,ois1m,30,-0.018741,-0.334809,0.297327
z_gcs_1m_adj_sum,LP-IV,ois1m,31,0.041468,-0.280260,0.363196
z_gcs_1m_adj_sum,LP-IV,ois1m,32,0.048824,-0.252751,0.350399
z_gcs_1m_adj_sum,LP-IV,ois1m,33,0.125901,-0.163834,0.415637
z_gcs_1m_adj_sum,LP-IV,ois1m,34,0.127365,-0.147138,0.401868
z_gcs_1m_adj_sum,LP-IV,ois1m,35,0.109216,-0.146531,0.364962
z_gcs_1m_adj_sum,LP-IV,ois1m,36,0.135730,-0.130765,0.402224
z_gcs_1m_adj_sum,LP-IV,ois1m,37,0.161042,-0.111858,0.433943
z_gcs_1m_adj_sum,LP-IV,ois1m,38,0.095016,-0.154590,0.344623
z_gcs_1m_adj_sum,LP-IV,ois1m,39,0.104149,-0.135978,0.344276
z_gcs_1m_adj_sum,LP-IV,ois1m,40,0.108117,-0.149401,0.365636
z_gcs_1m_adj_sum,LP-IV,ois1m,41,0.063333,-0.147738,0.274404
z_gcs_1m_adj_sum,LP-IV,ois1m,42,0.116462,-0.092730,0.325653
z_gcs_1m_adj_sum,LP-IV,ois1m,43,0.050939,-0.117323,0.219201
z_gcs_1m_adj_sum,LP-IV,ois1m,44,0.036619,-0.116908,0.190146
z_gcs_1m_adj_sum,LP-IV,ois1m,45,0.028125,-0.122901,0.179152
z_gcs_1m_adj_sum,LP-IV,ois1m,46,-0.021101,-0.171802,0.129600
z_gcs_1m_adj_sum,LP-IV,ois1m,47,-0.039982,-0.210722,0.130759
z_gcs_1m_adj_sum,LP-IV,ois1m,48,-0.038625,-0.242394,0.165145
z_gcs_1m_adj_sum,LP-IV,ip,0,0.989838,0.125342,1.854334
z_gcs_1m_adj_sum,LP-IV,ip,1,0.388526,-0.449973,1.227024
z_gcs_1m_adj_sum,LP-IV,ip,2,0.883112,-0.069164,1.835389
z_gcs_1m_adj_sum,LP-IV,ip,3,0.387191,-0.817601,1.591982
z_gcs_1m_adj_sum,LP-IV,ip,4,0.455863,-0.787552,1.699277
z_gcs_1m_adj_sum,LP-IV,ip,5,0.379268,-0.821409,1.579944
z_gcs_1m_adj_sum,LP-IV,ip,6,-0.298615,-1.608753,1.011523
z_gcs_1m_adj_sum,LP-IV,ip,7,-0.935083,-2.650277,0.780112
z_gcs_1m_adj_sum,LP-IV,ip,8,-0.964785,-2.832150,0.902579
z_gcs_1m_adj_sum,LP-IV,ip,9,-1.647475,-3.585968,0.291018
z_gcs_1m_adj_sum,LP-IV,ip,10,-1.903156,-4.302108,0.495796
z_gcs_1m_adj_sum,LP-IV,ip,11,-1.216339,-3.377387,0.944710
z_gcs_1m_adj_sum,LP-IV,ip,12,-1.200562,-3.064311,0.663186
z_gcs_1m_adj_sum,LP-IV,ip,13,-0.584103,-2.394984,1.226778
z_gcs_1m_adj_sum,LP-IV,ip,14,0.555677,-0.996543,2.107896
z_gcs_1m_adj_sum,LP-IV,ip,15,0.697855,-0.591378,1.987087
z_gcs_1m_adj_sum,LP-IV,ip,16,0.316271,-1.107193,1.739735
z_gcs_1m_adj_sum,LP-IV,ip,17,1.362709,-0.214662,2.940079
z_gcs_1m_adj_sum,LP-IV,ip,18,1.740861,-0.112340,3.594062
z_gcs_1m_adj_sum,LP-IV,ip,19,1.494426,-0.455424,3.444275
z_gcs_1m_adj_sum,LP-IV,ip,20,1.846022,-0.310516,4.002560
z_gcs_1m_adj_sum,LP-IV,ip,21,0.738189,-1.071264,2.547643
z_gcs_1m_adj_sum,LP-IV,ip,22,1.223775,-0.356255,2.803804
z_gcs_1m_adj_sum,LP-IV,ip,23,1.884171,0.163798,3.604544
z_gcs_1m_adj_sum,LP-IV,ip,24,0.542443,-0.788090,1.872975
z_gcs_1m_adj_sum,LP-IV,ip,25,0.660576,-0.747016,2.068167
z_gcs_1m_adj_sum,LP-IV,ip,26,0.614658,-0.896987,2.126304
z_gcs_1m_adj_sum,LP-IV,ip,27,0.696489,-0.726065,2.119042
z_gcs_1m_adj_sum,LP-IV,ip,28,0.559684,-0.910577,2.029945
z_gcs_1m_adj_sum,LP-IV,ip,29,0.214128,-1.316868,1.745124
z_gcs_1m_adj_sum,LP-IV,ip,30,0.506020,-0.852415,1.864454
z_gcs_1m_adj_sum,LP-IV,ip,31,0.708301,-0.575226,1.991829
z_gcs_1m_adj_sum,LP-IV,ip,32,0.427943,-1.358984,2.214870
z_gcs_1m_adj_sum,LP-IV,ip,33,-0.199089,-1.766630,1.368451
z_gcs_1m_adj_sum,LP-IV,ip,34,0.777410,-0.865113,2.419933
z_gcs_1m_adj_sum,LP-IV,ip,35,0.021983,-1.812995,1.856960
z_gcs_1m_adj_sum,LP-IV,ip,36,-0.047375,-1.530412,1.435663
z_gcs_1m_adj_sum,LP-IV,ip,37,0.646246,-0.723168,2.015659
z_gcs_1m_adj_sum,LP-IV,ip,38,-0.448278,-2.302414,1.405859
z_gcs_1m_adj_sum,LP-IV,ip,39,0.058615,-1.457079,1.574310
z_gcs_1m_adj_sum,LP-IV,ip,40,0.074641,-1.483667,1.632949
z_gcs_1m_adj_sum,LP-IV,ip,41,-0.019989,-1.497520,1.457541
z_gcs_1m_adj_sum,LP-IV,ip,42,-0.457958,-1.917538,1.001622
z_gcs_1m_adj_sum,LP-IV,ip,43,-0.201526,-1.684734,1.281683
z_gcs_1m_adj_sum,LP-IV,ip,44,0.090663,-1.503880,1.685205
z_gcs_1m_adj_sum,LP-IV,ip,45,-0.015271,-1.484544,1.454003
z_gcs_1m_adj_sum,LP-IV,ip,46,0.505325,-0.817203,1.827852
z_gcs_1m_adj_sum,LP-IV,ip,47,-0.160229,-1.683463,1.363005
z_gcs_1m_adj_sum,LP-IV,ip,48,0.020356,-1.482615,1.523327
z_gcs_1m_adj_sum,LP-IV,hicp_sa,0,-0.066545,-0.158100,0.025010
z_gcs_1m_adj_sum,LP-IV,hicp_sa,1,0.045157,-0.120306,0.210619
z_gcs_1m_adj_sum,LP-IV,hicp_sa,2,0.023441,-0.187120,0.234003
z_gcs_1m_adj_sum,LP-IV,hicp_sa,3,0.115958,-0.141144,0.373060
z_gcs_1m_adj_sum,LP-IV,hicp_sa,4,0.106534,-0.155634,0.368702
z_gcs_1m_adj_sum,LP-IV,hicp_sa,5,0.049676,-0.255514,0.354865
z_gcs_1m_adj_sum,LP-IV,hicp_sa,6,-0.134003,-0.477396,0.209390
z_gcs_1m_adj_sum,LP-IV,hicp_sa,7,-0.245337,-0.650822,0.160147
z_gcs_1m_adj_sum,LP-IV,hicp_sa,8,-0.526596,-1.016433,-0.036758
z_gcs_1m_adj_sum,LP-IV,hicp_sa,9,-0.571153,-1.150681,0.008374
z_gcs_1m_adj_sum,LP-IV,hicp_sa,10,-0.511841,-1.132846,0.109165
z_gcs_1m_adj_sum,LP-IV,hicp_sa,11,-0.554287,-1.213707,0.105133
z_gcs_1m_adj_sum,LP-IV,hicp_sa,12,-0.508035,-1.167766,0.151695
z_gcs_1m_adj_sum,LP-IV,hicp_sa,13,-0.427195,-1.134813,0.280422
z_gcs_1m_adj_sum,LP-IV,hicp_sa,14,-0.395802,-1.052180,0.260576
z_gcs_1m_adj_sum,LP-IV,hicp_sa,15,-0.270523,-0.903970,0.362923
z_gcs_1m_adj_sum,LP-IV,hicp_sa,16,-0.155588,-0.797261,0.486086
z_gcs_1m_adj_sum,LP-IV,hicp_sa,17,-0.122651,-0.822440,0.577138
z_gcs_1m_adj_sum,LP-IV,hicp_sa,18,-0.145527,-0.842600,0.551546
z_gcs_1m_adj_sum,LP-IV,hicp_sa,19,-0.175630,-0.921799,0.570539
z_gcs_1m_adj_sum,LP-IV,hicp_sa,20,-0.350888,-1.104082,0.402306
z_gcs_1m_adj_sum,LP-IV,hicp_sa,21,-0.333842,-1.086720,0.419037
z_gcs_1m_adj_sum,LP-IV,hicp_sa,22,-0.311545,-1.042944,0.419854
z_gcs_1m_adj_sum,LP-IV,hicp_sa,23,-0.222823,-0.990933,0.545287
z_gcs_1m_adj_sum,LP-IV,hicp_sa,24,-0.321740,-1.124832,0.481351
z_gcs_1m_adj_sum,LP-IV,hicp_sa,25,-0.483596,-1.285326,0.318134
z_gcs_1m_adj_sum,LP-IV,hicp_sa,26,-0.586704,-1.360641,0.187232
z_gcs_1m_adj_sum,LP-IV,hicp_sa,27,-0.565302,-1.354692,0.224089
z_gcs_1m_adj_sum,LP-IV,hicp_sa,28,-0.500590,-1.320793,0.319613
z_gcs_1m_adj_sum,LP-IV,hicp_sa,29,-0.295227,-1.179210,0.588756
z_gcs_1m_adj_sum,LP-IV,hicp_sa,30,-0.212005,-1.066941,0.642931
z_gcs_1m_adj_sum,LP-IV,hicp_sa,31,-0.306583,-1.216805,0.603639
z_gcs_1m_adj_sum,LP-IV,hicp_sa,32,-0.353069,-1.240007,0.533870
z_gcs_1m_adj_sum,LP-IV,hicp_sa,33,-0.299530,-1.174699,0.575639
z_gcs_1m_adj_sum,LP-IV,hicp_sa,34,-0.258532,-1.145567,0.628503
z_gcs_1m_adj_sum,LP-IV,hicp_sa,35,-0.188027,-1.022884,0.646830
z_gcs_1m_adj_sum,LP-IV,hicp_sa,36,-0.258439,-1.025624,0.508747
z_gcs_1m_adj_sum,LP-IV,hicp_sa,37,-0.226935,-1.019973,0.566103
z_gcs_1m_adj_sum,LP-IV,hicp_sa,38,-0.199670,-1.020002,0.620662
z_gcs_1m_adj_sum,LP-IV,hicp_sa,39,-0.241395,-1.107776,0.624985
z_gcs_1m_adj_sum,LP-IV,hicp_sa,40,-0.181008,-1.116406,0.754390
z_gcs_1m_adj_sum,LP-IV,hicp_sa,41,-0.208611,-1.095391,0.678170
z_gcs_1m_adj_sum,LP-IV,hicp_sa,42,-0.296563,-1.211949,0.618823
z_gcs_1m_adj_sum,LP-IV,hicp_sa,43,-0.264414,-1.200991,0.672163
z_gcs_1m_adj_sum,LP-IV,hicp_sa,44,-0.153034,-1.053462,0.747394
z_gcs_1m_adj_sum,LP-IV,hicp_sa,45,-0.092004,-0.893187,0.709178
z_gcs_1m_adj_sum,LP-IV,hicp_sa,46,-0.088882,-0.875327,0.697563
z_gcs_1m_adj_sum,LP-IV,hicp_sa,47,-0.086569,-0.918793,0.745655
z_gcs_1m_adj_sum,LP-IV,hicp_sa,48,-0.140141,-0.910795,0.630514
z_gcs_1m_adj_sum,LP-IV,stoxx,0,1.461102,-2.053499,4.975702
z_gcs_1m_adj_sum,LP-IV,stoxx,1,2.799925,-1.920547,7.520396
z_gcs_1m_adj_sum,LP-IV,stoxx,2,7.828456,2.154973,13.501940
z_gcs_1m_adj_sum,LP-IV,stoxx,3,7.417186,2.089598,12.744775
z_gcs_1m_adj_sum,LP-IV,stoxx,4,8.126309,1.790842,14.461776
z_gcs_1m_adj_sum,LP-IV,stoxx,5,5.545909,-3.187877,14.279694
z_gcs_1m_adj_sum,LP-IV,stoxx,6,4.001545,-7.738170,15.741261
z_gcs_1m_adj_sum,LP-IV,stoxx,7,5.154227,-4.543164,14.851619
z_gcs_1m_adj_sum,LP-IV,stoxx,8,0.321819,-8.014197,8.657835
z_gcs_1m_adj_sum,LP-IV,stoxx,9,0.598215,-8.210312,9.406743
z_gcs_1m_adj_sum,LP-IV,stoxx,10,1.496844,-7.273768,10.267455
z_gcs_1m_adj_sum,LP-IV,stoxx,11,5.745495,-2.785452,14.276443
z_gcs_1m_adj_sum,LP-IV,stoxx,12,9.139585,2.521851,15.757319
z_gcs_1m_adj_sum,LP-IV,stoxx,13,9.269440,2.916600,15.622279
z_gcs_1m_adj_sum,LP-IV,stoxx,14,12.414355,4.033937,20.794774
z_gcs_1m_adj_sum,LP-IV,stoxx,15,15.116565,5.263388,24.969742
z_gcs_1m_adj_sum,LP-IV,stoxx,16,13.663968,3.994153,23.333784
z_gcs_1m_adj_sum,LP-IV,stoxx,17,11.562704,2.706003,20.419406
z_gcs_1m_adj_sum,LP-IV,stoxx,18,6.083595,-3.310962,15.478152
z_gcs_1m_adj_sum,LP-IV,stoxx,19,8.917962,-0.149581,17.985505
z_gcs_1m_adj_sum,LP-IV,stoxx,20,10.895936,3.227064,18.564808
z_gcs_1m_adj_sum,LP-IV,stoxx,21,7.701983,1.372307,14.031659
z_gcs_1m_adj_sum,LP-IV,stoxx,22,6.759148,0.862715,12.655581
z_gcs_1m_adj_sum,LP-IV,stoxx,23,0.100244,-6.310442,6.510929
z_gcs_1m_adj_sum,LP-IV,stoxx,24,0.277858,-5.457839,6.013554
z_gcs_1m_adj_sum,LP-IV,stoxx,25,0.175651,-5.232340,5.583643
z_gcs_1m_adj_sum,LP-IV,stoxx,26,-1.949432,-7.132257,3.233393
z_gcs_1m_adj_sum,LP-IV,stoxx,27,-3.437763,-10.348520,3.472994
z_gcs_1m_adj_sum,LP-IV,stoxx,28,-2.377339,-9.377669,4.622991
z_gcs_1m_adj_sum,LP-IV,stoxx,29,0.390599,-5.094515,5.875713
z_gcs_1m_adj_sum,LP-IV,stoxx,30,-2.309497,-9.359775,4.740782
z_gcs_1m_adj_sum,LP-IV,stoxx,31,-3.661109,-11.022972,3.700753
z_gcs_1m_adj_sum,LP-IV,stoxx,32,-2.048702,-8.277402,4.179998
z_gcs_1m_adj_sum,LP-IV,stoxx,33,-0.458285,-6.696328,5.779758
z_gcs_1m_adj_sum,LP-IV,stoxx,34,2.950597,-3.436444,9.337639
z_gcs_1m_adj_sum,LP-IV,stoxx,35,0.291744,-6.320454,6.903943
z_gcs_1m_adj_sum,LP-IV,stoxx,36,-0.513481,-6.261758,5.234796
z_gcs_1m_adj_sum,LP-IV,stoxx,37,-2.058591,-6.862742,2.745561
z_gcs_1m_adj_sum,LP-IV,stoxx,38,-3.018441,-7.296441,1.259560
z_gcs_1m_adj_sum,LP-IV,stoxx,39,-3.072522,-6.776210,0.631165
z_gcs_1m_adj_sum,LP-IV,stoxx,40,-7.690059,-11.851751,-3.528368
z_gcs_1m_adj_sum,LP-IV,stoxx,41,-6.755753,-10.873957,-2.637549
z_gcs_1m_adj_sum,LP-IV,stoxx,42,-4.701951,-9.135841,-0.268062
z_gcs_1m_adj_sum,LP-IV,stoxx,43,-6.522807,-11.696037,-1.349576
z_gcs_1m_adj_sum,LP-IV,stoxx,44,-6.661700,-12.194132,-1.129268
z_gcs_1m_adj_sum,LP-IV,stoxx,45,-4.853246,-10.691551,0.985059
z_gcs_1m_adj_sum,LP-IV,stoxx,46,-3.787747,-9.029083,1.453589
z_gcs_1m_adj_sum,LP-IV,stoxx,47,-5.115371,-10.018121,-0.212621
z_gcs_1m_adj_sum,LP-IV,stoxx,48,-6.037580,-12.289034,0.213873
z_gcs_1m_adj_sum,LP-IV-AR,ois1m,0,0.250000,0.250000,0.250000
z_gcs_1m_adj_sum,LP-IV-AR,ois1m,1,0.136887,0.009858,0.234602
z_gcs_1m_adj_sum,LP-IV-AR,ois1m,2,0.129359,-0.023882,0.257750
z_gcs_1m_adj_sum,LP-IV-AR,ois1m,3,0.171787,0.004194,0.312204
z_gcs_1m_adj_sum,LP-IV-AR,ois1m,4,0.210100,-0.001653,0.387516
z_gcs_1m_adj_sum,LP-IV-AR,ois1m,5,0.181540,-0.022178,0.373617
z_gcs_1m_adj_sum,LP-IV-AR,ois1m,6,0.095455,-0.177564,0.324201
z_gcs_1m_adj_sum,LP-IV-AR,ois1m,7,-0.012273,-0.325415,0.243185
z_gcs_1m_adj_sum,LP-IV-AR,ois1m,8,-0.047468,-0.411285,0.267183
z_gcs_1m_adj_sum,LP-IV-AR,ois1m,9,-0.095629,-0.535855,0.285107
z_gcs_1m_adj_sum,LP-IV-AR,ois1m,10,-0.153747,-0.602307,0.244973
z_gcs_1m_adj_sum,LP-IV-AR,ois1m,11,-0.092355,-0.540237,0.318203
z_gcs_1m_adj_sum,LP-IV-AR,ois1m,12,-0.113715,-0.544743,0.281393
z_gcs_1m_adj_sum,LP-IV-AR,ois1m,13,-0.053321,-0.416952,0.299919
z_gcs_1m_adj_sum,LP-IV-AR,ois1m,14,0.042201,-0.282960,0.396923
z_gcs_1m_adj_sum,LP-IV-AR,ois1m,15,0.071712,-0.237662,0.399835
z_gcs_1m_adj_sum,LP-IV-AR,ois1m,16,0.179364,-0.112718,0.497998
z_gcs_1m_adj_sum,LP-IV-AR,ois1m,17,0.276974,-0.043251,0.647236
z_gcs_1m_adj_sum,LP-IV-AR,ois1m,18,0.250589,-0.071402,0.622890
z_gcs_1m_adj_sum,LP-IV-AR,ois1m,19,0.264057,-0.056113,0.646196
z_gcs_1m_adj_sum,LP-IV-AR,ois1m,20,0.225013,-0.104231,0.605700
z_gcs_1m_adj_sum,LP-IV-AR,ois1m,21,0.173839,-0.160775,0.550281
z_gcs_1m_adj_sum,LP-IV-AR,ois1m,22,0.178523,-0.142367,0.528585
z_gcs_1m_adj_sum,LP-IV-AR,ois1m,23,0.155702,-0.161353,0.482083
z_gcs_1m_adj_sum,LP-IV-AR,ois1m,24,0.158452,-0.171938,0.469963
z_gcs_1m_adj_sum,LP-IV-AR,ois1m,25,0.190743,-0.132120,0.486700
z_gcs_1m_adj_sum,LP-IV-AR,ois1m,26,0.091658,-0.233974,0.373285
z_gcs_1m_adj_sum,LP-IV-AR,ois1m,27,-0.001248,-0.321212,0.275479
z_gcs_1m_adj_sum,LP-IV-AR,ois1m,28,0.012744,-0.318719,0.307377
z_gcs_1m_adj_sum,LP-IV-AR,ois1m,29,-0.006076,-0.334492,0.277959
z_gcs_1m_adj_sum,LP-IV-AR,ois1m,30,-0.018741,-0.383837,0.279100
z_gcs_1m_adj_sum,LP-IV-AR,ois1m,31,0.041468,-0.320386,0.354422
z_gcs_1m_adj_sum,LP-IV-AR,ois1m,32,0.048824,-0.281197,0.351342
z_gcs_1m_adj_sum,LP-IV-AR,ois1m,33,0.125901,-0.182355,0.425351
z_gcs_1m_adj_sum,LP-IV-AR,ois1m,34,0.127365,-0.173030,0.402727
z_gcs_1m_adj_sum,LP-IV-AR,ois1m,35,0.109216,-0.170653,0.365762
z_gcs_1m_adj_sum,LP-IV-AR,ois1m,36,0.135730,-0.155901,0.403058
z_gcs_1m_adj_sum,LP-IV-AR,ois1m,37,0.161042,-0.154189,0.418205
z_gcs_1m_adj_sum,LP-IV-AR,ois1m,38,0.095016,-0.193309,0.330229
z_gcs_1m_adj_sum,LP-IV-AR,ois1m,39,0.104149,-0.173226,0.330428
z_gcs_1m_adj_sum,LP-IV-AR,ois1m,40,0.108117,-0.197175,0.350786
z_gcs_1m_adj_sum,LP-IV-AR,ois1m,41,0.063333,-0.174062,0.268649
z_gcs_1m_adj_sum,LP-IV-AR,ois1m,42,0.116462,-0.106102,0.332666
z_gcs_1m_adj_sum,LP-IV-AR,ois1m,43,0.050939,-0.138309,0.219727
z_gcs_1m_adj_sum,LP-IV-AR,ois1m,44,0.036619,-0.117388,0.204627
z_gcs_1m_adj_sum,LP-IV-AR,ois1m,45,0.028125,-0.137146,0.184215
z_gcs_1m_adj_sum,LP-IV-AR,ois1m,46,-0.021101,-0.195179,0.125490
z_gcs_1m_adj_sum,LP-IV-AR,ois1m,47,-0.039982,-0.242397,0.120913
z_gcs_1m_adj_sum,LP-IV-AR,ois1m,48,-0.038625,-0.292585,0.141006
z_gcs_1m_adj_sum,LP-IV-AR,ip,0,0.989838,0.254031,2.119827
z_gcs_1m_adj_sum,LP-IV-AR,ip,1,0.388526,-0.529062,1.204159
z_gcs_1m_adj_sum,LP-IV-AR,ip,2,0.883112,-0.101091,1.867315
z_gcs_1m_adj_sum,LP-IV-AR,ip,3,0.387191,-0.857994,1.632375
z_gcs_1m_adj_sum,LP-IV-AR,ip,4,0.455863,-0.904833,1.665370
z_gcs_1m_adj_sum,LP-IV-AR,ip,5,0.379268,-0.898161,1.583701
z_gcs_1m_adj_sum,LP-IV-AR,ip,6,-0.298615,-1.811979,0.935971
z_gcs_1m_adj_sum,LP-IV-AR,ip,7,-0.935083,-2.812059,0.733340
z_gcs_1m_adj_sum,LP-IV-AR,ip,8,-0.964785,-2.951520,0.908422
z_gcs_1m_adj_sum,LP-IV-AR,ip,9,-1.647475,-3.768812,0.238157
z_gcs_1m_adj_sum,LP-IV-AR,ip,10,-1.903156,-4.674229,0.357456
z_gcs_1m_adj_sum,LP-IV-AR,ip,11,-1.216339,-3.449840,1.017162
z_gcs_1m_adj_sum,LP-IV-AR,ip,12,-1.200562,-3.126796,0.725671
z_gcs_1m_adj_sum,LP-IV-AR,ip,13,-0.584103,-2.345603,1.397585
z_gcs_1m_adj_sum,LP-IV-AR,ip,14,0.555677,-0.859847,2.395857
z_gcs_1m_adj_sum,LP-IV-AR,ip,15,0.697855,-0.438652,2.304640
z_gcs_1m_adj_sum,LP-IV-AR,ip,16,0.316271,-0.981836,2.003810
z_gcs_1m_adj_sum,LP-IV-AR,ip,17,1.362709,-0.123700,3.184758
z_gcs_1m_adj_sum,LP-IV-AR,ip,18,1.740861,0.050862,3.937860
z_gcs_1m_adj_sum,LP-IV-AR,ip,19,1.494426,-0.402253,3.628190
z_gcs_1m_adj_sum,LP-IV-AR,ip,20,1.846022,-0.120601,4.402632
z_gcs_1m_adj_sum,LP-IV-AR,ip,21,0.738189,-1.021922,2.773318
z_gcs_1m_adj_sum,LP-IV-AR,ip,22,1.223775,-0.265139,3.048895
z_gcs_1m_adj_sum,LP-IV-AR,ip,23,1.884171,0.315302,3.923700
z_gcs_1m_adj_sum,LP-IV-AR,ip,24,0.542443,-0.832698,1.958029
z_gcs_1m_adj_sum,LP-IV-AR,ip,25,0.660576,-0.751420,2.158147
z_gcs_1m_adj_sum,LP-IV-AR,ip,26,0.614658,-1.039569,2.085082
z_gcs_1m_adj_sum,LP-IV-AR,ip,27,0.696489,-0.860243,2.080251
z_gcs_1m_adj_sum,LP-IV-AR,ip,28,0.559684,-1.004563,2.079238
z_gcs_1m_adj_sum,LP-IV-AR,ip,29,0.214128,-1.507814,1.703375
z_gcs_1m_adj_sum,LP-IV-AR,ip,30,0.506020,-1.021839,1.827411
z_gcs_1m_adj_sum,LP-IV-AR,ip,31,0.708301,-0.657275,2.034862
z_gcs_1m_adj_sum,LP-IV-AR,ip,32,0.427943,-1.527531,2.166142
z_gcs_1m_adj_sum,LP-IV-AR,ip,33,-0.199089,-2.105083,1.230406
z_gcs_1m_adj_sum,LP-IV-AR,ip,34,0.777410,-1.219756,2.275285
z_gcs_1m_adj_sum,LP-IV-AR,ip,35,0.021983,-2.320750,1.583804
z_gcs_1m_adj_sum,LP-IV-AR,ip,36,-0.047375,-1.895702,1.214897
z_gcs_1m_adj_sum,LP-IV-AR,ip,37,0.646246,-1.102097,1.811807
z_gcs_1m_adj_sum,LP-IV-AR,ip,38,-0.448278,-2.928195,1.073489
z_gcs_1m_adj_sum,LP-IV-AR,ip,39,0.058615,-1.876486,1.348683
z_gcs_1m_adj_sum,LP-IV-AR,ip,40,0.074641,-1.867496,1.448347
z_gcs_1m_adj_sum,LP-IV-AR,ip,41,-0.019989,-1.951280,1.237595
z_gcs_1m_adj_sum,LP-IV-AR,ip,42,-0.457958,-2.365785,0.784348
z_gcs_1m_adj_sum,LP-IV-AR,ip,43,-0.201526,-2.095152,1.105978
z_gcs_1m_adj_sum,LP-IV-AR,ip,44,0.090663,-1.848163,1.544782
z_gcs_1m_adj_sum,LP-IV-AR,ip,45,-0.015271,-1.667792,1.413937
z_gcs_1m_adj_sum,LP-IV-AR,ip,46,0.505325,-0.781138,2.033000
z_gcs_1m_adj_sum,LP-IV-AR,ip,47,-0.160229,-1.966047,1.275165
z_gcs_1m_adj_sum,LP-IV-AR,ip,48,0.020356,-1.715753,1.482342
z_gcs_1m_adj_sum,LP-IV-AR,hicp_sa,0,-0.066545,-0.183434,0.014164
z_gcs_1m_adj_sum,LP-IV-AR,hicp_sa,1,0.045157,-0.140942,0.206107
z_gcs_1m_adj_sum,LP-IV-AR,hicp_sa,2,0.023441,-0.200580,0.234661
z_gcs_1m_adj_sum,LP-IV-AR,hicp_sa,3,0.115958,-0.141949,0.389495
z_gcs_1m_adj_sum,LP-IV-AR,hicp_sa,4,0.106534,-0.148485,0.393430
z_gcs_1m_adj_sum,LP-IV-AR,hicp_sa,5,0.049676,-0.265746,0.365097
z_gcs_1m_adj_sum,LP-IV-AR,hicp_sa,6,-0.134003,-0.520224,0.200026
z_gcs_1m_adj_sum,LP-IV-AR,hicp_sa,7,-0.245337,-0.701394,0.136764
z_gcs_1m_adj_sum,LP-IV-AR,hicp_sa,8,-0.526596,-1.092416,-0.065005
z_gcs_1m_adj_sum,LP-IV-AR,hicp_sa,9,-0.571153,-1.222959,-0.025046
z_gcs_1m_adj_sum,LP-IV-AR,hicp_sa,10,-0.511841,-1.191421,0.092231
z_gcs_1m_adj_sum,LP-IV-AR,hicp_sa,11,-0.554287,-1.275905,0.087151
z_gcs_1m_adj_sum,LP-IV-AR,hicp_sa,12,-0.508035,-1.229994,0.153760
z_gcs_1m_adj_sum,LP-IV-AR,hicp_sa,13,-0.427195,-1.158537,0.304146
z_gcs_1m_adj_sum,LP-IV-AR,hicp_sa,14,-0.395802,-1.054234,0.302535
z_gcs_1m_adj_sum,LP-IV-AR,hicp_sa,15,-0.270523,-0.886697,0.441927
z_gcs_1m_adj_sum,LP-IV-AR,hicp_sa,16,-0.155588,-0.760258,0.585621
z_gcs_1m_adj_sum,LP-IV-AR,hicp_sa,17,-0.122651,-0.760813,0.706960
z_gcs_1m_adj_sum,LP-IV-AR,hicp_sa,18,-0.145527,-0.781213,0.702053
z_gcs_1m_adj_sum,LP-IV-AR,hicp_sa,19,-0.175630,-0.833406,0.731647
z_gcs_1m_adj_sum,LP-IV-AR,hicp_sa,20,-0.350888,-1.037752,0.542036
z_gcs_1m_adj_sum,LP-IV-AR,hicp_sa,21,-0.333842,-1.020418,0.558708
z_gcs_1m_adj_sum,LP-IV-AR,hicp_sa,22,-0.311545,-1.000767,0.533308
z_gcs_1m_adj_sum,LP-IV-AR,hicp_sa,23,-0.222823,-0.946639,0.664434
z_gcs_1m_adj_sum,LP-IV-AR,hicp_sa,24,-0.321740,-1.078520,0.605925
z_gcs_1m_adj_sum,LP-IV-AR,hicp_sa,25,-0.483596,-1.239093,0.442496
z_gcs_1m_adj_sum,LP-IV-AR,hicp_sa,26,-0.586704,-1.316011,0.307284
z_gcs_1m_adj_sum,LP-IV-AR,hicp_sa,27,-0.565302,-1.309171,0.346538
z_gcs_1m_adj_sum,LP-IV-AR,hicp_sa,28,-0.500590,-1.248562,0.471774
z_gcs_1m_adj_sum,LP-IV-AR,hicp_sa,29,-0.295227,-1.074491,0.779620
z_gcs_1m_adj_sum,LP-IV-AR,hicp_sa,30,-0.212005,-0.965663,0.853511
z_gcs_1m_adj_sum,LP-IV-AR,hicp_sa,31,-0.306583,-1.108978,0.800169
z_gcs_1m_adj_sum,LP-IV-AR,hicp_sa,32,-0.353069,-1.134938,0.725372
z_gcs_1m_adj_sum,LP-IV-AR,hicp_sa,33,-0.299530,-1.071024,0.791203
z_gcs_1m_adj_sum,LP-IV-AR,hicp_sa,34,-0.258532,-1.040486,0.846990
z_gcs_1m_adj_sum,LP-IV-AR,hicp_sa,35,-0.188027,-0.898606,0.852465
z_gcs_1m_adj_sum,LP-IV-AR,hicp_sa,36,-0.258439,-0.934741,0.697713
z_gcs_1m_adj_sum,LP-IV-AR,hicp_sa,37,-0.226935,-0.901921,0.785545
z_gcs_1m_adj_sum,LP-IV-AR,hicp_sa,38,-0.199670,-0.897887,0.847656
z_gcs_1m_adj_sum,LP-IV-AR,hicp_sa,39,-0.241395,-0.978806,0.864721
z_gcs_1m_adj_sum,LP-IV-AR,hicp_sa,40,-0.181008,-0.977162,1.041657
z_gcs_1m_adj_sum,LP-IV-AR,hicp_sa,41,-0.208611,-0.963385,0.923551
z_gcs_1m_adj_sum,LP-IV-AR,hicp_sa,42,-0.296563,-1.103510,0.872118
z_gcs_1m_adj_sum,LP-IV-AR,hicp_sa,43,-0.264414,-1.061572,0.931323
z_gcs_1m_adj_sum,LP-IV-AR,hicp_sa,44,-0.153034,-0.919424,1.023922
z_gcs_1m_adj_sum,LP-IV-AR,hicp_sa,45,-0.092004,-0.749568,0.979582
z_gcs_1m_adj_sum,LP-IV-AR,hicp_sa,46,-0.088882,-0.758257,0.939086
z_gcs_1m_adj_sum,LP-IV-AR,hicp_sa,47,-0.086569,-0.794907,1.001237
z_gcs_1m_adj_sum,LP-IV-AR,hicp_sa,48,-0.140141,-0.796075,0.843761
z_gcs_1m_adj_sum,LP-IV-AR,stoxx,0,1.461102,-1.743987,5.734553
z_gcs_1m_adj_sum,LP-IV-AR,stoxx,1,2.799925,-1.648332,8.252626
z_gcs_1m_adj_sum,LP-IV-AR,stoxx,2,7.828456,2.827068,14.726922
z_gcs_1m_adj_sum,LP-IV-AR,stoxx,3,7.417186,2.234877,13.247285
z_gcs_1m_adj_sum,LP-IV-AR,stoxx,4,8.126309,1.193266,14.289013
z_gcs_1m_adj_sum,LP-IV-AR,stoxx,5,5.545909,-3.480691,14.572509
z_gcs_1m_adj_sum,LP-IV-AR,stoxx,6,4.001545,-8.131763,16.134854
z_gcs_1m_adj_sum,LP-IV-AR,stoxx,7,5.154227,-4.573505,15.471520
z_gcs_1m_adj_sum,LP-IV-AR,stoxx,8,0.321819,-8.547072,8.683916
z_gcs_1m_adj_sum,LP-IV-AR,stoxx,9,0.598215,-8.505632,9.702063
z_gcs_1m_adj_sum,LP-IV-AR,stoxx,10,1.496844,-7.034601,11.094719
z_gcs_1m_adj_sum,LP-IV-AR,stoxx,11,5.745495,-2.552821,15.081101
z_gcs_1m_adj_sum,LP-IV-AR,stoxx,12,9.139585,2.903475,16.582684
z_gcs_1m_adj_sum,LP-IV-AR,stoxx,13,9.269440,3.282949,16.414606
z_gcs_1m_adj_sum,LP-IV-AR,stoxx,14,12.414355,4.517210,22.094727
z_gcs_1m_adj_sum,LP-IV-AR,stoxx,15,15.116565,6.131105,26.797662
z_gcs_1m_adj_sum,LP-IV-AR,stoxx,16,13.663968,4.551781,24.539804
z_gcs_1m_adj_sum,LP-IV-AR,stoxx,17,11.562704,3.216741,21.524015
z_gcs_1m_adj_sum,LP-IV-AR,stoxx,18,6.083595,-3.340355,16.364268
z_gcs_1m_adj_sum,LP-IV-AR,stoxx,19,8.917962,0.097682,18.840777
z_gcs_1m_adj_sum,LP-IV-AR,stoxx,20,10.895936,3.669304,19.754388
z_gcs_1m_adj_sum,LP-IV-AR,stoxx,21,7.701983,1.352503,14.436280
z_gcs_1m_adj_sum,LP-IV-AR,stoxx,22,6.759148,0.665028,13.032507
z_gcs_1m_adj_sum,LP-IV-AR,stoxx,23,0.100244,-6.720241,6.530987
z_gcs_1m_adj_sum,LP-IV-AR,stoxx,24,0.277858,-6.173196,5.857147
z_gcs_1m_adj_sum,LP-IV-AR,stoxx,25,0.175651,-6.071217,5.271780
z_gcs_1m_adj_sum,LP-IV-AR,stoxx,26,-1.949432,-8.251299,2.619422
z_gcs_1m_adj_sum,LP-IV-AR,stoxx,27,-3.437763,-12.050719,2.654328
z_gcs_1m_adj_sum,LP-IV-AR,stoxx,28,-2.377339,-11.314726,3.580919
z_gcs_1m_adj_sum,LP-IV-AR,stoxx,29,0.390599,-6.445561,5.059197
z_gcs_1m_adj_sum,LP-IV-AR,stoxx,30,-2.309497,-11.524966,3.476961
z_gcs_1m_adj_sum,LP-IV-AR,stoxx,31,-3.661109,-13.283853,2.604863
z_gcs_1m_adj_sum,LP-IV-AR,stoxx,32,-2.048702,-9.622263,3.631469
z_gcs_1m_adj_sum,LP-IV-AR,stoxx,33,-0.458285,-8.232829,5.040783
z_gcs_1m_adj_sum,LP-IV-AR,stoxx,34,2.950597,-5.009646,8.581013
z_gcs_1m_adj_sum,LP-IV-AR,stoxx,35,0.291744,-8.351107,5.718651
z_gcs_1m_adj_sum,LP-IV-AR,stoxx,36,-0.513481,-8.027096,4.379105
z_gcs_1m_adj_sum,LP-IV-AR,stoxx,37,-2.058591,-8.338131,2.030413
z_gcs_1m_adj_sum,LP-IV-AR,stoxx,38,-3.018441,-8.480204,0.622735
z_gcs_1m_adj_sum,LP-IV-AR,stoxx,39,-3.072522,-7.688471,0.192417
z_gcs_1m_adj_sum,LP-IV-AR,stoxx,40,-7.690059,-13.129836,-4.147879
z_gcs_1m_adj_sum,LP-IV-AR,stoxx,41,-6.755753,-11.763133,-3.000218
z_gcs_1m_adj_sum,LP-IV-AR,stoxx,42,-4.701951,-9.958397,-0.523751
z_gcs_1m_adj_sum,LP-IV-AR,stoxx,43,-6.522807,-13.127518,-2.119666
z_gcs_1m_adj_sum,LP-IV-AR,stoxx,44,-6.661700,-13.556834,-1.784654
z_gcs_1m_adj_sum,LP-IV-AR,stoxx,45,-4.853246,-10.709818,1.535742
z_gcs_1m_adj_sum,LP-IV-AR,stoxx,46,-3.787747,-9.045482,1.947964
z_gcs_1m_adj_sum,LP-IV-AR,stoxx,47,-5.115371,-10.182493,0.100785
z_gcs_1m_adj_sum,LP-IV-AR,stoxx,48,-6.037580,-12.878686,0.423464
z_gcs_1m_adj_sum,BLP-pooled,ois1m,0,0.250000,NaN,NaN
z_gcs_1m_adj_sum,BLP-pooled,ois1m,1,0.283898,0.219007,0.348789
z_gcs_1m_adj_sum,BLP-pooled,ois1m,2,0.315706,0.222487,0.408924
z_gcs_1m_adj_sum,BLP-pooled,ois1m,3,0.349747,0.225270,0.474224
z_gcs_1m_adj_sum,BLP-pooled,ois1m,4,0.362671,0.225444,0.499899
z_gcs_1m_adj_sum,BLP-pooled,ois1m,5,0.369418,0.236832,0.502004
z_gcs_1m_adj_sum,BLP-pooled,ois1m,6,0.370054,0.242616,0.497493
z_gcs_1m_adj_sum,BLP-pooled,ois1m,7,0.366638,0.225518,0.507759
z_gcs_1m_adj_sum,BLP-pooled,ois1m,8,0.367866,0.211876,0.523856
z_gcs_1m_adj_sum,BLP-pooled,ois1m,9,0.365800,0.211155,0.520445
z_gcs_1m_adj_sum,BLP-pooled,ois1m,10,0.359011,0.204900,0.513121
z_gcs_1m_adj_sum,BLP-pooled,ois1m,11,0.347317,0.182069,0.512564
z_gcs_1m_adj_sum,BLP-pooled,ois1m,12,0.337129,0.163370,0.510889
z_gcs_1m_adj_sum,BLP-pooled,ois1m,13,0.328064,0.149908,0.506219
z_gcs_1m_adj_sum,BLP-pooled,ois1m,14,0.314714,0.127824,0.501603
z_gcs_1m_adj_sum,BLP-pooled,ois1m,15,0.298652,0.094485,0.502819
z_gcs_1m_adj_sum,BLP-pooled,ois1m,16,0.282785,0.073314,0.492257
z_gcs_1m_adj_sum,BLP-pooled,ois1m,17,0.258247,0.043370,0.473125
z_gcs_1m_adj_sum,BLP-pooled,ois1m,18,0.232286,0.005529,0.459042
z_gcs_1m_adj_sum,BLP-pooled,ois1m,19,0.205768,-0.032353,0.443890
z_gcs_1m_adj_sum,BLP-pooled,ois1m,20,0.175778,-0.048619,0.400175
z_gcs_1m_adj_sum,BLP-pooled,ois1m,21,0.146879,-0.072672,0.366431
z_gcs_1m_adj_sum,BLP-pooled,ois1m,22,0.114982,-0.084520,0.314485
z_gcs_1m_adj_sum,BLP-pooled,ois1m,23,0.078693,-0.085109,0.242494
z_gcs_1m_adj_sum,BLP-pooled,ois1m,24,0.044006,-0.123712,0.211724
z_gcs_1m_adj_sum,BLP-pooled,ois1m,25,0.016575,-0.146011,0.179161
z_gcs_1m_adj_sum,BLP-pooled,ois1m,26,-0.011824,-0.192004,0.168355
z_gcs_1m_adj_sum,BLP-pooled,ois1m,27,-0.042456,-0.278968,0.194056
z_gcs_1m_adj_sum,BLP-pooled,ois1m,28,-0.062582,-0.363077,0.237913
z_gcs_1m_adj_sum,BLP-pooled,ois1m,29,-0.077718,-0.410199,0.254763
z_gcs_1m_adj_sum,BLP-pooled,ois1m,30,-0.091569,-0.423878,0.240739
z_gcs_1m_adj_sum,BLP-pooled,ois1m,31,-0.099931,-0.416097,0.216236
z_gcs_1m_adj_sum,BLP-pooled,ois1m,32,-0.109911,-0.436493,0.216672
z_gcs_1m_adj_sum,BLP-pooled,ois1m,33,-0.110967,-0.447541,0.225608
z_gcs_1m_adj_sum,BLP-pooled,ois1m,34,-0.110191,-0.424829,0.204447
z_gcs_1m_adj_sum,BLP-pooled,ois1m,35,-0.112305,-0.455802,0.231192
z_gcs_1m_adj_sum,BLP-pooled,ois1m,36,-0.109393,-0.488228,0.269441
z_gcs_1m_adj_sum,BLP-pooled,ois1m,37,-0.106884,-0.471295,0.257528
z_gcs_1m_adj_sum,BLP-pooled,ois1m,38,-0.105478,-0.449850,0.238893
z_gcs_1m_adj_sum,BLP-pooled,ois1m,39,-0.102595,-0.404293,0.199103
z_gcs_1m_adj_sum,BLP-pooled,ois1m,40,-0.100586,-0.340489,0.139317
z_gcs_1m_adj_sum,BLP-pooled,ois1m,41,-0.095430,-0.288769,0.097909
z_gcs_1m_adj_sum,BLP-pooled,ois1m,42,-0.087153,-0.232208,0.057903
z_gcs_1m_adj_sum,BLP-pooled,ois1m,43,-0.080720,-0.193874,0.032434
z_gcs_1m_adj_sum,BLP-pooled,ois1m,44,-0.073602,-0.168471,0.021266
z_gcs_1m_adj_sum,BLP-pooled,ois1m,45,-0.067918,-0.154209,0.018372
z_gcs_1m_adj_sum,BLP-pooled,ois1m,46,-0.062380,-0.155960,0.031199
z_gcs_1m_adj_sum,BLP-pooled,ois1m,47,-0.061166,-0.163846,0.041515
z_gcs_1m_adj_sum,BLP-pooled,ois1m,48,-0.060094,-0.159248,0.039060
z_gcs_1m_adj_sum,BLP-pooled,ip,0,0.835560,NaN,NaN
z_gcs_1m_adj_sum,BLP-pooled,ip,1,1.103516,0.813539,1.393494
z_gcs_1m_adj_sum,BLP-pooled,ip,2,1.410128,0.907607,1.912649
z_gcs_1m_adj_sum,BLP-pooled,ip,3,1.678372,0.883841,2.472902
z_gcs_1m_adj_sum,BLP-pooled,ip,4,1.783963,0.984266,2.583659
z_gcs_1m_adj_sum,BLP-pooled,ip,5,1.761227,0.950377,2.572078
z_gcs_1m_adj_sum,BLP-pooled,ip,6,1.727249,0.925515,2.528983
z_gcs_1m_adj_sum,BLP-pooled,ip,7,1.507499,0.864866,2.150132
z_gcs_1m_adj_sum,BLP-pooled,ip,8,1.319767,0.649667,1.989868
z_gcs_1m_adj_sum,BLP-pooled,ip,9,1.173771,0.451004,1.896539
z_gcs_1m_adj_sum,BLP-pooled,ip,10,1.101393,0.380146,1.822640
z_gcs_1m_adj_sum,BLP-pooled,ip,11,0.947597,0.130573,1.764620
z_gcs_1m_adj_sum,BLP-pooled,ip,12,0.822865,0.004370,1.641360
z_gcs_1m_adj_sum,BLP-pooled,ip,13,0.918306,0.040148,1.796465
z_gcs_1m_adj_sum,BLP-pooled,ip,14,0.809150,-0.090533,1.708832
z_gcs_1m_adj_sum,BLP-pooled,ip,15,0.594570,-0.362840,1.551980
z_gcs_1m_adj_sum,BLP-pooled,ip,16,0.408338,-0.619291,1.435968
z_gcs_1m_adj_sum,BLP-pooled,ip,17,0.219821,-0.859809,1.299451
z_gcs_1m_adj_sum,BLP-pooled,ip,18,0.035278,-1.015691,1.086247
z_gcs_1m_adj_sum,BLP-pooled,ip,19,-0.185608,-1.308102,0.936885
z_gcs_1m_adj_sum,BLP-pooled,ip,20,-0.332974,-1.261726,0.595779
z_gcs_1m_adj_sum,BLP-pooled,ip,21,-0.456478,-1.291224,0.378269
z_gcs_1m_adj_sum,BLP-pooled,ip,22,-0.651965,-1.363135,0.059205
z_gcs_1m_adj_sum,BLP-pooled,ip,23,-0.746400,-1.417339,-0.075461
z_gcs_1m_adj_sum,BLP-pooled,ip,24,-0.977653,-1.818067,-0.137239
z_gcs_1m_adj_sum,BLP-pooled,ip,25,-1.118955,-2.249912,0.012001
z_gcs_1m_adj_sum,BLP-pooled,ip,26,-1.160801,-2.669952,0.348350
z_gcs_1m_adj_sum,BLP-pooled,ip,27,-1.273804,-2.916311,0.368703
z_gcs_1m_adj_sum,BLP-pooled,ip,28,-1.340050,-3.353058,0.672957
z_gcs_1m_adj_sum,BLP-pooled,ip,29,-1.325259,-3.516387,0.865869
z_gcs_1m_adj_sum,BLP-pooled,ip,30,-1.327700,-3.571928,0.916527
z_gcs_1m_adj_sum,BLP-pooled,ip,31,-1.286366,-3.475024,0.902292
z_gcs_1m_adj_sum,BLP-pooled,ip,32,-1.244736,-3.118387,0.628915
z_gcs_1m_adj_sum,BLP-pooled,ip,33,-1.208889,-3.012223,0.594445
z_gcs_1m_adj_sum,BLP-pooled,ip,34,-1.142640,-2.716956,0.431676
z_gcs_1m_adj_sum,BLP-pooled,ip,35,-1.130260,-2.666916,0.406397
z_gcs_1m_adj_sum,BLP-pooled,ip,36,-1.087106,-2.481218,0.307007
z_gcs_1m_adj_sum,BLP-pooled,ip,37,-1.046283,-2.574695,0.482130
z_gcs_1m_adj_sum,BLP-pooled,ip,38,-1.001154,-2.369000,0.366693
z_gcs_1m_adj_sum,BLP-pooled,ip,39,-0.880354,-2.080991,0.320283
z_gcs_1m_adj_sum,BLP-pooled,ip,40,-0.785430,-1.570645,-0.000216
z_gcs_1m_adj_sum,BLP-pooled,ip,41,-0.673898,-1.382475,0.034680
z_gcs_1m_adj_sum,BLP-pooled,ip,42,-0.555068,-1.256916,0.146779
z_gcs_1m_adj_sum,BLP-pooled,ip,43,-0.446843,-1.144625,0.250939
z_gcs_1m_adj_sum,BLP-pooled,ip,44,-0.350966,-1.294133,0.592200
z_gcs_1m_adj_sum,BLP-pooled,ip,45,-0.321438,-1.282485,0.639610
z_gcs_1m_adj_sum,BLP-pooled,ip,46,-0.232955,-1.404509,0.938598
z_gcs_1m_adj_sum,BLP-pooled,ip,47,-0.130711,-1.417667,1.156245
z_gcs_1m_adj_sum,BLP-pooled,ip,48,-0.096121,-1.448725,1.256483
z_gcs_1m_adj_sum,BLP-pooled,hicp_sa,0,-0.037675,NaN,NaN
z_gcs_1m_adj_sum,BLP-pooled,hicp_sa,1,-0.002991,-0.079294,0.073311
z_gcs_1m_adj_sum,BLP-pooled,hicp_sa,2,0.025530,-0.113208,0.164267
z_gcs_1m_adj_sum,BLP-pooled,hicp_sa,3,0.045357,-0.106461,0.197176
z_gcs_1m_adj_sum,BLP-pooled,hicp_sa,4,0.055149,-0.098537,0.208835
z_gcs_1m_adj_sum,BLP-pooled,hicp_sa,5,0.069366,-0.094927,0.233659
z_gcs_1m_adj_sum,BLP-pooled,hicp_sa,6,0.082972,-0.081692,0.247636
z_gcs_1m_adj_sum,BLP-pooled,hicp_sa,7,0.090804,-0.072624,0.254233
z_gcs_1m_adj_sum,BLP-pooled,hicp_sa,8,0.099788,-0.075587,0.275164
z_gcs_1m_adj_sum,BLP-pooled,hicp_sa,9,0.113321,-0.070009,0.296650
z_gcs_1m_adj_sum,BLP-pooled,hicp_sa,10,0.126977,-0.043953,0.297906
z_gcs_1m_adj_sum,BLP-pooled,hicp_sa,11,0.137416,-0.038369,0.313200
z_gcs_1m_adj_sum,BLP-pooled,hicp_sa,12,0.151832,-0.026310,0.329975
z_gcs_1m_adj_sum,BLP-pooled,hicp_sa,13,0.147279,-0.028831,0.323389
z_gcs_1m_adj_sum,BLP-pooled,hicp_sa,14,0.145514,-0.046393,0.337421
z_gcs_1m_adj_sum,BLP-pooled,hicp_sa,15,0.145713,-0.046917,0.338343
z_gcs_1m_adj_sum,BLP-pooled,hicp_sa,16,0.153332,-0.082387,0.389051
z_gcs_1m_adj_sum,BLP-pooled,hicp_sa,17,0.143359,-0.110301,0.397018
z_gcs_1m_adj_sum,BLP-pooled,hicp_sa,18,0.144898,-0.140906,0.430701
z_gcs_1m_adj_sum,BLP-pooled,hicp_sa,19,0.144400,-0.148617,0.437417
z_gcs_1m_adj_sum,BLP-pooled,hicp_sa,20,0.131711,-0.168725,0.432146
z_gcs_1m_adj_sum,BLP-pooled,hicp_sa,21,0.111402,-0.153329,0.376132
z_gcs_1m_adj_sum,BLP-pooled,hicp_sa,22,0.099879,-0.159227,0.358986
z_gcs_1m_adj_sum,BLP-pooled,hicp_sa,23,0.095151,-0.133482,0.323784
z_gcs_1m_adj_sum,BLP-pooled,hicp_sa,24,0.079820,-0.148082,0.307721
z_gcs_1m_adj_sum,BLP-pooled,hicp_sa,25,0.040276,-0.134117,0.214668
z_gcs_1m_adj_sum,BLP-pooled,hicp_sa,26,0.004484,-0.136779,0.145747
z_gcs_1m_adj_sum,BLP-pooled,hicp_sa,27,-0.022348,-0.151713,0.107018
z_gcs_1m_adj_sum,BLP-pooled,hicp_sa,28,-0.040103,-0.165264,0.085058
z_gcs_1m_adj_sum,BLP-pooled,hicp_sa,29,-0.049350,-0.177510,0.078810
z_gcs_1m_adj_sum,BLP-pooled,hicp_sa,30,-0.048527,-0.181513,0.084459
z_gcs_1m_adj_sum,BLP-pooled,hicp_sa,31,-0.061218,-0.172456,0.050019
z_gcs_1m_adj_sum,BLP-pooled,hicp_sa,32,-0.076046,-0.174155,0.022064
z_gcs_1m_adj_sum,BLP-pooled,hicp_sa,33,-0.089424,-0.199258,0.020410
z_gcs_1m_adj_sum,BLP-pooled,hicp_sa,34,-0.107701,-0.247316,0.031915
z_gcs_1m_adj_sum,BLP-pooled,hicp_sa,35,-0.127884,-0.288675,0.032907
z_gcs_1m_adj_sum,BLP-pooled,hicp_sa,36,-0.152726,-0.340875,0.035422
z_gcs_1m_adj_sum,BLP-pooled,hicp_sa,37,-0.175500,-0.390363,0.039364
z_gcs_1m_adj_sum,BLP-pooled,hicp_sa,38,-0.186630,-0.402200,0.028940
z_gcs_1m_adj_sum,BLP-pooled,hicp_sa,39,-0.182199,-0.392342,0.027944
z_gcs_1m_adj_sum,BLP-pooled,hicp_sa,40,-0.175678,-0.378107,0.026752
z_gcs_1m_adj_sum,BLP-pooled,hicp_sa,41,-0.175299,-0.368002,0.017405
z_gcs_1m_adj_sum,BLP-pooled,hicp_sa,42,-0.168220,-0.349702,0.013263
z_gcs_1m_adj_sum,BLP-pooled,hicp_sa,43,-0.149632,-0.292035,-0.007230
z_gcs_1m_adj_sum,BLP-pooled,hicp_sa,44,-0.141840,-0.271822,-0.011859
z_gcs_1m_adj_sum,BLP-pooled,hicp_sa,45,-0.138854,-0.264688,-0.013020
z_gcs_1m_adj_sum,BLP-pooled,hicp_sa,46,-0.145178,-0.270167,-0.020188
z_gcs_1m_adj_sum,BLP-pooled,hicp_sa,47,-0.154805,-0.294442,-0.015168
z_gcs_1m_adj_sum,BLP-pooled,hicp_sa,48,-0.151350,-0.283711,-0.018990
z_gcs_1m_adj_sum,BLP-pooled,stoxx,0,2.839887,NaN,NaN
z_gcs_1m_adj_sum,BLP-pooled,stoxx,1,3.838373,2.700238,4.976508
z_gcs_1m_adj_sum,BLP-pooled,stoxx,2,4.276782,2.614162,5.939401
z_gcs_1m_adj_sum,BLP-pooled,stoxx,3,4.688894,2.503836,6.873951
z_gcs_1m_adj_sum,BLP-pooled,stoxx,4,5.052768,2.237631,7.867906
z_gcs_1m_adj_sum,BLP-pooled,stoxx,5,5.090046,1.541542,8.638549
z_gcs_1m_adj_sum,BLP-pooled,stoxx,6,4.520400,1.583314,7.457485
z_gcs_1m_adj_sum,BLP-pooled,stoxx,7,3.854699,0.711096,6.998301
z_gcs_1m_adj_sum,BLP-pooled,stoxx,8,3.414835,0.152199,6.677470
z_gcs_1m_adj_sum,BLP-pooled,stoxx,9,3.103106,0.039168,6.167044
z_gcs_1m_adj_sum,BLP-pooled,stoxx,10,2.704354,-0.574213,5.982922
z_gcs_1m_adj_sum,BLP-pooled,stoxx,11,2.418569,-1.312789,6.149927
z_gcs_1m_adj_sum,BLP-pooled,stoxx,12,1.974935,-1.627807,5.577678
z_gcs_1m_adj_sum,BLP-pooled,stoxx,13,1.651348,-1.479606,4.782303
z_gcs_1m_adj_sum,BLP-pooled,stoxx,14,1.222356,-1.762930,4.207641
z_gcs_1m_adj_sum,BLP-pooled,stoxx,15,1.104335,-2.186588,4.395259
z_gcs_1m_adj_sum,BLP-pooled,stoxx,16,0.866764,-1.729765,3.463292
z_gcs_1m_adj_sum,BLP-pooled,stoxx,17,0.601770,-1.805566,3.009107
z_gcs_1m_adj_sum,BLP-pooled,stoxx,18,0.512269,-2.180695,3.205233
z_gcs_1m_adj_sum,BLP-pooled,stoxx,19,0.293683,-1.862123,2.449489
z_gcs_1m_adj_sum,BLP-pooled,stoxx,20,-0.159080,-2.476162,2.158001
z_gcs_1m_adj_sum,BLP-pooled,stoxx,21,-0.672244,-3.376182,2.031693
z_gcs_1m_adj_sum,BLP-pooled,stoxx,22,-1.163966,-3.727807,1.399875
z_gcs_1m_adj_sum,BLP-pooled,stoxx,23,-1.568937,-4.726631,1.588757
z_gcs_1m_adj_sum,BLP-pooled,stoxx,24,-2.075920,-6.626423,2.474583
z_gcs_1m_adj_sum,BLP-pooled,stoxx,25,-2.411383,-8.099442,3.276676
z_gcs_1m_adj_sum,BLP-pooled,stoxx,26,-2.655320,-8.437601,3.126961
z_gcs_1m_adj_sum,BLP-pooled,stoxx,27,-2.964068,-8.899948,2.971813
z_gcs_1m_adj_sum,BLP-pooled,stoxx,28,-3.098775,-10.443946,4.246396
z_gcs_1m_adj_sum,BLP-pooled,stoxx,29,-2.910016,-9.387064,3.567033
z_gcs_1m_adj_sum,BLP-pooled,stoxx,30,-2.658169,-7.497223,2.180885
z_gcs_1m_adj_sum,BLP-pooled,stoxx,31,-2.350122,-6.286871,1.586628
z_gcs_1m_adj_sum,BLP-pooled,stoxx,32,-2.100265,-6.306205,2.105676
z_gcs_1m_adj_sum,BLP-pooled,stoxx,33,-1.730915,-5.479797,2.017967
z_gcs_1m_adj_sum,BLP-pooled,stoxx,34,-1.252420,-5.157388,2.652549
z_gcs_1m_adj_sum,BLP-pooled,stoxx,35,-1.401573,-6.359627,3.556481
z_gcs_1m_adj_sum,BLP-pooled,stoxx,36,-1.612770,-5.005456,1.779915
z_gcs_1m_adj_sum,BLP-pooled,stoxx,37,-1.658008,-4.154962,0.838946
z_gcs_1m_adj_sum,BLP-pooled,stoxx,38,-1.539202,-3.411272,0.332867
z_gcs_1m_adj_sum,BLP-pooled,stoxx,39,-1.229619,-2.790656,0.331418
z_gcs_1m_adj_sum,BLP-pooled,stoxx,40,-1.051843,-2.984036,0.880350
z_gcs_1m_adj_sum,BLP-pooled,stoxx,41,-0.862074,-3.038523,1.314375
z_gcs_1m_adj_sum,BLP-pooled,stoxx,42,-0.696735,-3.754950,2.361479
z_gcs_1m_adj_sum,BLP-pooled,stoxx,43,-0.775302,-5.210533,3.659928
z_gcs_1m_adj_sum,BLP-pooled,stoxx,44,-0.963836,-5.709938,3.782265
z_gcs_1m_adj_sum,BLP-pooled,stoxx,45,-1.134114,-5.741581,3.473354
z_gcs_1m_adj_sum,BLP-pooled,stoxx,46,-1.228075,-5.887238,3.431088
z_gcs_1m_adj_sum,BLP-pooled,stoxx,47,-1.278703,-5.351923,2.794517
z_gcs_1m_adj_sum,BLP-pooled,stoxx,48,-1.216088,-4.612076,2.179900
