dgp,scale_estimator,equation,block,horizon,tau_mean,tau_median,p_tau_gt1,tau_q05,tau_q25,tau_q50,tau_q75,tau_q95
intermediate,block,1,1,1,0.5694453465,0.3893673729,0.1491828571,0.0425752691,0.1798927508,0.3893673729,0.7310344481,1.655589231
intermediate,block,1,1,2,0.8360228736,0.6084756016,0.2796628571,0.0917942303,0.3127321933,0.6084756016,1.06122797,2.264090918
intermediate,block,1,1,3,0.8753407457,0.6542889038,0.2967257143,0.1141204114,0.3594846024,0.6542889038,1.098310878,2.301111051
intermediate,block,1,1,4,0.9998996781,0.7651921398,0.3636914286,0.1781232874,0.4526318304,0.7651921398,1.2400614,2.529713498
intermediate,block,1,1,5,1.071541551,0.824013363,0.3981657143,0.2165108012,0.5028465699,0.824013363,1.314739772,2.668119831
intermediate,block,1,1,6,1.106431522,0.8489012398,0.4148228571,0.2189985845,0.5136805058,0.8489012398,1.364006359,2.774475367
intermediate,block,1,1,7,1.08851991,0.8277938567,0.4009257143,0.1916894375,0.4864243504,0.8277938567,1.347182866,2.759090518
intermediate,block,1,1,8,1.041758566,0.7778539239,0.3764342857,0.1584132474,0.4346151754,0.7778539239,1.302113762,2.731902341
intermediate,block,1,1,9,1.018543419,0.7500432024,0.3621428571,0.1442246522,0.4119231661,0.7500432024,1.275111269,2.703887125
intermediate,block,1,1,10,1.004326848,0.7363940513,0.3541142857,0.1264814677,0.3957630374,0.7363940513,1.262280324,2.692942405
intermediate,block,1,1,11,1.018020516,0.7397965958,0.3574914286,0.1207382658,0.3907440673,0.7397965958,1.280857654,2.764684032
intermediate,block,1,1,12,1.018070563,0.7357605318,0.3573028571,0.1135770221,0.3835145301,0.7357605318,1.286060279,2.772738664
intermediate,block,1,1,13,1.003255011,0.7245215199,0.3510228571,0.1049852827,0.3696592502,0.7245215199,1.273393487,2.762461905
intermediate,block,1,1,14,1.024127597,0.7394544112,0.3569314286,0.1146731685,0.3850747551,0.7394544112,1.29216013,2.805999833
intermediate,block,1,1,15,1.042442856,0.7523451338,0.3644857143,0.1243028276,0.3948063108,0.7523451338,1.315232474,2.857681012
intermediate,block,1,1,16,1.098893744,0.7979902265,0.3853942857,0.1363628083,0.4252344411,0.7979902265,1.379369737,2.988995832
intermediate,block,1,1,17,1.098170086,0.7938017041,0.38492,0.1365468454,0.4219453707,0.7938017041,1.377140274,2.99612569
intermediate,block,1,1,18,1.084883075,0.7890729615,0.3835257143,0.1283888806,0.4183381049,0.7890729615,1.366610135,2.955390446
intermediate,block,1,1,19,1.09076117,0.7913328105,0.3862628571,0.1398701152,0.4229692232,0.7913328105,1.368557275,2.963335827
intermediate,block,1,1,20,1.095053005,0.7856116716,0.3832171429,0.1220263874,0.4078034833,0.7856116716,1.37250097,3.022132572
intermediate,block,1,2,1,0.5568174681,0.3802937051,0.1437428571,0.03781083438,0.170418516,0.3802937051,0.7170644627,1.620845365
intermediate,block,1,2,2,0.55686667,0.3803269576,0.14384,0.04211092659,0.176869034,0.3803269576,0.710647871,1.616698134
intermediate,block,1,2,3,0.6314125042,0.4405064218,0.1785885714,0.04705620517,0.206575033,0.4405064218,0.8064098082,1.80730393
intermediate,block,1,2,4,0.6978357515,0.4993584543,0.21188,0.0626917098,0.2458276112,0.4993584543,0.8911830185,1.937308074
intermediate,block,1,2,5,0.7645884978,0.5516299367,0.2458285714,0.07394863444,0.276956715,0.5516299367,0.9763952626,2.124819796
intermediate,block,1,2,6,0.8469107107,0.6178196131,0.2868742857,0.09302152744,0.3167728916,0.6178196131,1.077702516,2.310960769
intermediate,block,1,2,7,0.9019651808,0.6528720631,0.3084514286,0.09582044169,0.3347750333,0.6528720631,1.142011937,2.473407662
intermediate,block,1,2,8,0.9432307322,0.6857790772,0.3279771429,0.09727550622,0.3495023777,0.6857790772,1.199160521,2.588708037
intermediate,block,1,2,9,0.9924664962,0.7161026447,0.3471085714,0.09909430611,0.3608056457,0.7161026447,1.259467441,2.742884299
intermediate,block,1,2,10,1.014110269,0.7292626372,0.3513657143,0.1012410163,0.3690338705,0.7292626372,1.285381628,2.801352287
intermediate,block,1,2,11,1.058208453,0.7633751035,0.3688057143,0.1083091892,0.3869007851,0.7633751035,1.341220727,2.930287566
intermediate,block,1,2,12,1.073548411,0.7677769537,0.3733485714,0.1227897608,0.3964540691,0.7677769537,1.356092668,2.988239797
intermediate,block,1,2,13,1.116079661,0.7988041365,0.38836,0.1237739226,0.4103049919,0.7988041365,1.406029739,3.084864967
intermediate,block,1,2,14,1.121575295,0.7991370884,0.3850228571,0.1236916163,0.4098591965,0.7991370884,1.410873264,3.102999574
intermediate,block,1,2,15,1.129752438,0.8068588394,0.3889371429,0.1238729054,0.4114645624,0.8068588394,1.424553484,3.140511818
intermediate,block,1,2,16,1.15209626,0.823516664,0.3955314286,0.115840284,0.4221942056,0.823516664,1.454096137,3.187872063
intermediate,block,1,2,17,1.151295824,0.8091494854,0.3897771429,0.1116670802,0.4088139899,0.8091494854,1.453211382,3.21532857
intermediate,block,1,2,18,1.124184612,0.7933736664,0.3815371429,0.1163186146,0.3988320327,0.7933736664,1.420520678,3.140047425
intermediate,block,1,2,19,1.088989267,0.7597728735,0.3685428571,0.1042106536,0.3743570835,0.7597728735,1.378886496,3.101111251
intermediate,block,1,2,20,1.124761745,0.7841671122,0.3796,0.1034021836,0.3841708857,0.7841671122,1.422765345,3.200687891
intermediate,block,1,3,1,0.5584655646,0.3824395265,0.1432742857,0.04035562761,0.1744881878,0.3824395265,0.7157970913,1.621645681
intermediate,block,1,3,2,0.5330666045,0.3640440808,0.13376,0.03758785453,0.16630495,0.3640440808,0.6845706235,1.547884745
intermediate,block,1,3,3,0.6454431946,0.4535432926,0.1866571429,0.05276495714,0.2183706414,0.4535432926,0.8244866696,1.81634918
intermediate,block,1,3,4,0.7097341821,0.5085135248,0.2165714286,0.06669761278,0.254992605,0.5085135248,0.9059373752,1.975347118
intermediate,block,1,3,5,0.7506630963,0.5424747104,0.2389485714,0.07856262694,0.2755982121,0.5424747104,0.9526088953,2.064295598
intermediate,block,1,3,6,0.8147288578,0.5860526677,0.2680057143,0.08742208783,0.3026697014,0.5860526677,1.027985588,2.235372929
intermediate,block,1,3,7,0.8741903462,0.6344242737,0.2943771429,0.09412785538,0.3259964943,0.6344242737,1.107247474,2.379175409
intermediate,block,1,3,8,0.9098421888,0.6590345322,0.3104685714,0.1019241186,0.3402162552,0.6590345322,1.149868295,2.480518293
intermediate,block,1,3,9,0.9647399797,0.6993614401,0.3345257143,0.1104575484,0.3622941093,0.6993614401,1.223605384,2.638679326
intermediate,block,1,3,10,0.9898431563,0.7106932479,0.3421657143,0.1058667502,0.3594033593,0.7106932479,1.252427928,2.725066781
intermediate,block,1,3,11,1.02694198,0.7298759291,0.35444,0.1134903896,0.3761017367,0.7298759291,1.293963505,2.852472537
intermediate,block,1,3,12,1.072480437,0.7707549936,0.3734742857,0.1262717473,0.4002327165,0.7707549936,1.355817703,2.952401029
intermediate,block,1,3,13,1.114899557,0.8057467696,0.3906742857,0.1353344543,0.4252016644,0.8057467696,1.401778177,3.035330331
intermediate,block,1,3,14,1.14856981,0.827340381,0.4020742857,0.1379012791,0.4366179814,0.827340381,1.444961226,3.139282021
intermediate,block,1,3,15,1.145128598,0.820745981,0.3997828571,0.1320357981,0.4307215038,0.820745981,1.441000241,3.149895847
intermediate,block,1,3,16,1.162836999,0.836108061,0.4053771429,0.1345497241,0.4349442574,0.836108061,1.457683395,3.220072393
intermediate,block,1,3,17,1.159660199,0.823031818,0.3999314286,0.1277122225,0.4254732534,0.823031818,1.461249325,3.217371424
intermediate,block,1,3,18,1.13479034,0.8066802611,0.3909257143,0.1278219718,0.4113252048,0.8066802611,1.429602203,3.163334628
intermediate,block,1,3,19,1.143940985,0.8058565478,0.39024,0.1208621017,0.4108575875,0.8058565478,1.436256478,3.201742085
intermediate,block,1,3,20,1.171118314,0.8240142379,0.40004,0.1224607693,0.4193875321,0.8240142379,1.471576195,3.283194766
intermediate,block,2,1,1,0.5689909404,0.3863966134,0.1481657143,0.0424902672,0.176183787,0.3863966134,0.7270149179,1.647377456
intermediate,block,2,1,2,1.233132348,0.9548912905,0.47164,0.2148304294,0.5660882628,0.9548912905,1.529102325,3.080117017
intermediate,block,2,1,3,1.244281985,0.9800532288,0.4856,0.2730725069,0.6212700512,0.9800532288,1.515800767,3.017348172
intermediate,block,2,1,4,1.377851044,1.093649995,0.5549371429,0.3578703824,0.7212466287,1.093649995,1.657520056,3.239690939
intermediate,block,2,1,5,1.423094948,1.129223065,0.5744457143,0.3799931573,0.7468353538,1.129223065,1.708593372,3.357259303
intermediate,block,2,1,6,1.376731109,1.083655909,0.5452971429,0.3463694609,0.7000032924,1.083655909,1.670527873,3.303579604
intermediate,block,2,1,7,1.261262243,0.9677965949,0.4780628571,0.2639443112,0.5976078214,0.9677965949,1.537058014,3.132428962
intermediate,block,2,1,8,1.150825329,0.8714780143,0.4228628571,0.2005518324,0.5094278577,0.8714780143,1.4221877,2.961638906
intermediate,block,2,1,9,1.012822843,0.7483241603,0.3593657143,0.1339085952,0.4031525166,0.7483241603,1.274602111,2.70709242
intermediate,block,2,1,10,0.9804249923,0.7169183416,0.3407371429,0.1133393077,0.3770153248,0.7169183416,1.240379335,2.667054866
intermediate,block,2,1,11,0.9527380051,0.6866555624,0.3281714286,0.0969620849,0.3517443471,0.6866555624,1.204483609,2.607828537
intermediate,block,2,1,12,0.9578936782,0.683419231,0.3259428571,0.09455367827,0.342185083,0.683419231,1.215221678,2.658713418
intermediate,block,2,1,13,0.9529879712,0.6768379899,0.3247257143,0.09168785766,0.3380839292,0.6768379899,1.207143442,2.664293217
intermediate,block,2,1,14,1.007343606,0.7264772435,0.3480914286,0.1181689397,0.3789377368,0.7264772435,1.269413689,2.76098929
intermediate,block,2,1,15,1.034393389,0.7483188236,0.3637771429,0.1151676338,0.3867417815,0.7483188236,1.313026742,2.820824407
intermediate,block,2,1,16,1.071885195,0.7758614595,0.3770285714,0.1362863101,0.4135181568,0.7758614595,1.341640187,2.9092626
intermediate,block,2,1,17,1.082454597,0.7860595049,0.3808514286,0.1377141353,0.4210497553,0.7860595049,1.365888042,2.927998994
intermediate,block,2,1,18,1.105014794,0.8086509534,0.3888514286,0.138431713,0.4349107297,0.8086509534,1.389867949,2.987827942
intermediate,block,2,1,19,1.111095055,0.8133328876,0.3922914286,0.1362516991,0.4309926478,0.8133328876,1.395147608,3.016102599
intermediate,block,2,1,20,1.114005428,0.804407853,0.39064,0.1346809233,0.4282585865,0.804407853,1.395282542,3.055168698
intermediate,block,2,2,1,0.5764947105,0.395087424,0.1508,0.04422886591,0.1833874988,0.395087424,0.7371436896,1.670736878
intermediate,block,2,2,2,0.5792765141,0.3961920711,0.1548914286,0.04349713995,0.1820047794,0.3961920711,0.7425631366,1.676384148
intermediate,block,2,2,3,0.6674426652,0.468325975,0.19748,0.05336172855,0.2207443911,0.468325975,0.8567052957,1.897502349
intermediate,block,2,2,4,0.7023199586,0.5016301942,0.2157714286,0.06097104993,0.2449340104,0.5016301942,0.8986789044,1.967242504
intermediate,block,2,2,5,0.7752694862,0.5616044432,0.2493085714,0.07577180218,0.2844233097,0.5616044432,0.9894666105,2.132310537
intermediate,block,2,2,6,0.8512779928,0.6153747734,0.2852,0.09327937349,0.3159231493,0.6153747734,1.077798879,2.321841399
intermediate,block,2,2,7,0.893103625,0.645947884,0.3047314286,0.09823794494,0.3333236723,0.645947884,1.129098511,2.453757765
intermediate,block,2,2,8,0.9412116126,0.6830375629,0.32656,0.1005756327,0.3492836249,0.6830375629,1.198909487,2.575780206
intermediate,block,2,2,9,0.9709473629,0.7025121277,0.3392571429,0.09751554269,0.3569233843,0.7025121277,1.234977614,2.662898079
intermediate,block,2,2,10,1.001613204,0.7160715716,0.3478342857,0.1025017317,0.3619379315,0.7160715716,1.269071385,2.773655233
intermediate,block,2,2,11,1.032800645,0.7370701598,0.3601085714,0.10637968,0.3712429668,0.7370701598,1.307167508,2.857969437
intermediate,block,2,2,12,1.03214794,0.7300696317,0.3573542857,0.09944114122,0.3647218038,0.7300696317,1.309354257,2.902846621
intermediate,block,2,2,13,1.053601912,0.7478039283,0.3667542857,0.09778575757,0.3687590824,0.7478039283,1.340158056,2.956399377
intermediate,block,2,2,14,1.076061903,0.7607243436,0.3735314286,0.1075596266,0.3796473047,0.7607243436,1.364296866,3.019723223
intermediate,block,2,2,15,1.096075073,0.7776422408,0.3818057143,0.1061450875,0.3881886089,0.7776422408,1.390500714,3.04436464
intermediate,block,2,2,16,1.10038066,0.7766873723,0.3794,0.1125693873,0.3963691465,0.7766873723,1.389726944,3.083160387
intermediate,block,2,2,17,1.09057782,0.7649478231,0.3741714286,0.1054612744,0.3767955834,0.7649478231,1.377615495,3.067121634
intermediate,block,2,2,18,1.06354781,0.7514837369,0.36716,0.1094269506,0.377578316,0.7514837369,1.347409207,2.981145628
intermediate,block,2,2,19,1.083433398,0.7564160098,0.3717428571,0.1046178888,0.3766934447,0.7564160098,1.36878437,3.059338059
intermediate,block,2,2,20,1.1228391,0.7884433504,0.38268,0.1178712145,0.3988654107,0.7884433504,1.407599693,3.15814912
intermediate,block,2,3,1,0.5569383773,0.3797052611,0.1442857143,0.04105002055,0.174659396,0.3797052611,0.7121748685,1.620144459
intermediate,block,2,3,2,0.5286304731,0.3609629795,0.1314228571,0.03994668102,0.1665498908,0.3609629795,0.6774425267,1.539757321
intermediate,block,2,3,3,0.6222565354,0.434407963,0.1753485714,0.0478232327,0.2060615877,0.434407963,0.7994521558,1.778533707
intermediate,block,2,3,4,0.6803652957,0.4823223671,0.2034742857,0.05893967951,0.2359740403,0.4823223671,0.8684378013,1.898636399
intermediate,block,2,3,5,0.7441081269,0.5353072533,0.2356628571,0.07064929216,0.2672235988,0.5353072533,0.9498904964,2.061423205
intermediate,block,2,3,6,0.7876346931,0.570022098,0.2572628571,0.07195381934,0.2875716923,0.570022098,1.004845323,2.175773135
intermediate,block,2,3,7,0.8604651421,0.6195041091,0.2892171429,0.08464348695,0.3132190655,0.6195041091,1.094588871,2.371477643
intermediate,block,2,3,8,0.8912229613,0.6448351989,0.3054571429,0.09329512334,0.3273814895,0.6448351989,1.134155207,2.443799172
intermediate,block,2,3,9,0.9294139591,0.6662213178,0.3197028571,0.09089331583,0.3311172395,0.6662213178,1.183966406,2.590240121
intermediate,block,2,3,10,0.9669660901,0.692354506,0.3351828571,0.09791905605,0.3506811026,0.692354506,1.22793922,2.673498044
intermediate,block,2,3,11,1.013862456,0.7218898051,0.35004,0.1031076675,0.363291351,0.7218898051,1.284526044,2.818254843
intermediate,block,2,3,12,1.048977286,0.751827218,0.3668628571,0.1166962087,0.3846489332,0.751827218,1.325864512,2.89743537
intermediate,block,2,3,13,1.095349134,0.7856248701,0.3836685714,0.1241626419,0.4089142401,0.7856248701,1.382361846,3.003056215
intermediate,block,2,3,14,1.113402743,0.7949344164,0.3900571429,0.1282344217,0.4147199667,0.7949344164,1.409044397,3.07886303
intermediate,block,2,3,15,1.115031786,0.7990637351,0.3900742857,0.1218957173,0.4143413052,0.7990637351,1.4080545,3.063863087
intermediate,block,2,3,16,1.129658994,0.813932796,0.3973942857,0.1288154213,0.4207668788,0.813932796,1.425675188,3.112305319
intermediate,block,2,3,17,1.165358092,0.8362215787,0.4097771429,0.1228463337,0.4328154397,0.8362215787,1.468597026,3.205447382
intermediate,block,2,3,18,1.178878364,0.8485566489,0.4139942857,0.1407798658,0.445722661,0.8485566489,1.483643802,3.226814762
intermediate,block,2,3,19,1.183217584,0.8460157787,0.4093485714,0.1368469083,0.4376205334,0.8460157787,1.491470458,3.258982662
intermediate,block,2,3,20,1.170836289,0.8313618414,0.4026914286,0.1269230198,0.4251593231,0.8313618414,1.472780411,3.273906055
intermediate,block,3,1,1,0.5750291142,0.3887920359,0.1531771429,0.04080866481,0.177375791,0.3887920359,0.7377507893,1.681329529
intermediate,block,3,1,2,2.334307083,1.881136298,0.8615028571,0.7839897372,1.320905229,1.881136298,2.746447433,5.252814092
intermediate,block,3,1,3,1.805195503,1.450312263,0.7503714286,0.6057893787,1.021826942,1.450312263,2.116865278,4.045724906
intermediate,block,3,1,4,1.886565001,1.512884746,0.7687028571,0.6513270764,1.069949359,1.512884746,2.211620593,4.236492289
intermediate,block,3,1,5,1.810756807,1.452739095,0.7366628571,0.594216413,1.011690701,1.452739095,2.135250487,4.097961936
intermediate,block,3,1,6,1.551974315,1.231428167,0.6200057143,0.4046754139,0.809756523,1.231428167,1.866555459,3.65289188
intermediate,block,3,1,7,1.297564561,1.001668794,0.4959771429,0.2666534157,0.6123403872,1.001668794,1.586806747,3.210226036
intermediate,block,3,1,8,1.12003753,0.8434447111,0.4097314286,0.1788923803,0.4808728975,0.8434447111,1.400723967,2.915155011
intermediate,block,3,1,9,0.9882736986,0.7271800546,0.3470457143,0.1267357274,0.3897566764,0.7271800546,1.243931298,2.647335931
intermediate,block,3,1,10,0.9547255434,0.6864704892,0.3288571429,0.1051997907,0.3570387441,0.6864704892,1.202218042,2.603124165
intermediate,block,3,1,11,0.9578795033,0.6884054015,0.3298228571,0.1052337997,0.3562740725,0.6884054015,1.209606586,2.636130031
intermediate,block,3,1,12,0.9795008416,0.7056269228,0.3384571429,0.1026133364,0.3627742378,0.7056269228,1.243811162,2.703818018
intermediate,block,3,1,13,1.014331807,0.737768648,0.3535714286,0.1125876127,0.3832286851,0.737768648,1.281582082,2.745889731
intermediate,block,3,1,14,1.039471964,0.7545861218,0.3645371429,0.1322909536,0.3999430557,0.7545861218,1.306700112,2.822639659
intermediate,block,3,1,15,1.065174082,0.7783288217,0.3742742857,0.138280994,0.4133654638,0.7783288217,1.341103881,2.886619614
intermediate,block,3,1,16,1.058775166,0.7648318698,0.36956,0.1306333968,0.4032852628,0.7648318698,1.331708056,2.904268005
intermediate,block,3,1,17,1.059656851,0.761909766,0.37124,0.1286712723,0.4020155975,0.761909766,1.326747018,2.891516384
intermediate,block,3,1,18,1.057554434,0.7620163008,0.3713657143,0.1192475712,0.3947050569,0.7620163008,1.33435239,2.905663942
intermediate,block,3,1,19,1.052175731,0.7543269115,0.3680914286,0.1120703481,0.3893406974,0.7543269115,1.332631006,2.902175223
intermediate,block,3,1,20,1.074664677,0.7703880497,0.3739542857,0.1266540764,0.4041100037,0.7703880497,1.351980284,2.942224498
intermediate,block,3,2,1,0.5625576229,0.3802593363,0.1474,0.04036851772,0.1740455062,0.3802593363,0.7227776222,1.640268987
intermediate,block,3,2,2,0.5785179574,0.3981126724,0.1545885714,0.04102003792,0.1825189854,0.3981126724,0.7438572667,1.671117003
intermediate,block,3,2,3,0.6843068677,0.487206159,0.2062971429,0.05574461642,0.2321583303,0.487206159,0.8796388634,1.924240618
intermediate,block,3,2,4,0.7187707394,0.5147259804,0.2205142857,0.06558073812,0.2550423378,0.5147259804,0.9147461499,1.997556233
intermediate,block,3,2,5,0.7694760287,0.5549784786,0.2462114286,0.07047590462,0.2783934888,0.5549784786,0.9816647206,2.11376323
intermediate,block,3,2,6,0.8417330097,0.6090777786,0.2800342857,0.08714320059,0.3099862263,0.6090777786,1.063055887,2.30628974
intermediate,block,3,2,7,0.9142474818,0.6660380911,0.3148457143,0.102841558,0.3497505112,0.6660380911,1.156981618,2.491563946
intermediate,block,3,2,8,0.9530850246,0.6931587623,0.3331485714,0.09597264162,0.3557332704,0.6931587623,1.214388694,2.614060135
intermediate,block,3,2,9,1.016653077,0.7378155723,0.3573885714,0.114362012,0.3819231975,0.7378155723,1.288608596,2.772637703
intermediate,block,3,2,10,1.050689097,0.7602541795,0.3678742857,0.1173621583,0.3973322309,0.7602541795,1.328164353,2.862089528
intermediate,block,3,2,11,1.062283912,0.7657659079,0.37156,0.1168907517,0.3970433673,0.7657659079,1.344329398,2.921200432
intermediate,block,3,2,12,1.04592644,0.7476666677,0.3645428571,0.1082438689,0.3767552494,0.7476666677,1.325926667,2.89953434
intermediate,block,3,2,13,1.04696218,0.7428642943,0.3625771429,0.09796350235,0.3700188388,0.7428642943,1.325768267,2.929899789
intermediate,block,3,2,14,1.061597997,0.7560417679,0.36708,0.1078042545,0.3798897554,0.7560417679,1.342069445,2.972480186
intermediate,block,3,2,15,1.062599547,0.7514173629,0.3686628571,0.1106832276,0.3827638062,0.7514173629,1.343476106,2.966148454
intermediate,block,3,2,16,1.092511621,0.7724863255,0.3780628571,0.1123602246,0.3913135035,0.7724863255,1.382072745,3.054416758
intermediate,block,3,2,17,1.12048802,0.7881640447,0.38436,0.1157589011,0.4001327402,0.7881640447,1.412333425,3.145600349
intermediate,block,3,2,18,1.162751843,0.8215025071,0.39784,0.1242140964,0.4182748035,0.8215025071,1.460987002,3.222233382
intermediate,block,3,2,19,1.143596458,0.8074119427,0.3917428571,0.112893379,0.4058416028,0.8074119427,1.448081983,3.192942816
intermediate,block,3,2,20,1.14820388,0.8015417668,0.3909771429,0.1069174574,0.3949745517,0.8015417668,1.456930134,3.261116211
intermediate,block,3,3,1,0.5682193313,0.3900064562,0.1471714286,0.04362312225,0.1818435159,0.3900064562,0.726814506,1.648902803
intermediate,block,3,3,2,0.5602013561,0.3862647017,0.1469542857,0.04075524048,0.1780704368,0.3862647017,0.7171028711,1.621303332
intermediate,block,3,3,3,0.6527980978,0.461238544,0.1901257143,0.05652240766,0.2237985176,0.461238544,0.8358351734,1.836443061
intermediate,block,3,3,4,0.6806173666,0.4827048379,0.2028914286,0.06015091447,0.2352015649,0.4827048379,0.8677225781,1.894675361
intermediate,block,3,3,5,0.7335456901,0.5249484912,0.2290857143,0.07369636701,0.2633299259,0.5249484912,0.9323582217,2.041937713
intermediate,block,3,3,6,0.7908476393,0.575659149,0.2587885714,0.08314151932,0.293530215,0.575659149,1.008622758,2.161276194
intermediate,block,3,3,7,0.8784323927,0.641763763,0.3007942857,0.0968433212,0.3319226238,0.641763763,1.116698912,2.381405672
intermediate,block,3,3,8,0.9729555515,0.7102008178,0.3403714286,0.1181676853,0.3762958621,0.7102008178,1.222421447,2.62664567
intermediate,block,3,3,9,1.039406868,0.7588077978,0.3681485714,0.1271715826,0.4046135106,0.7588077978,1.30297049,2.794709402
intermediate,block,3,3,10,1.045024908,0.7545640865,0.3666971429,0.124558326,0.3973953295,0.7545640865,1.3147786,2.83417255
intermediate,block,3,3,11,1.061295732,0.7650106409,0.3724285714,0.1191094555,0.3983827012,0.7650106409,1.338494824,2.915632824
intermediate,block,3,3,12,1.094373587,0.7879523713,0.38452,0.1236814974,0.4095661769,0.7879523713,1.375027104,3.008362123
intermediate,block,3,3,13,1.115760401,0.798916171,0.3921485714,0.1349494418,0.4226552593,0.798916171,1.398297612,3.049943185
intermediate,block,3,3,14,1.110990094,0.7982620233,0.3906685714,0.1354570486,0.4194321872,0.7982620233,1.398565134,3.031084183
intermediate,block,3,3,15,1.122726178,0.8037304521,0.3930342857,0.1460226276,0.4250524082,0.8037304521,1.400080869,3.084979726
intermediate,block,3,3,16,1.132955044,0.8177044702,0.4008571429,0.1383252934,0.4307205509,0.8177044702,1.426013642,3.104191824
intermediate,block,3,3,17,1.180073207,0.8475728169,0.41392,0.1330518881,0.4465936099,0.8475728169,1.486265308,3.241635456
intermediate,block,3,3,18,1.166318351,0.8387266087,0.4083828571,0.1417930305,0.4370680608,0.8387266087,1.470111436,3.198595358
intermediate,block,3,3,19,1.179817225,0.8458211642,0.4106457143,0.1317983676,0.4376185551,0.8458211642,1.483996955,3.283118589
intermediate,block,3,3,20,1.174069458,0.833574966,0.40532,0.1275986112,0.4255393403,0.833574966,1.483553913,3.252055811
intermediate,pooled,1,1,1,0.6079156292,0.5566186056,0.1518285714,0.2364112119,0.4012377483,0.5566186056,0.7554415942,1.149835064
intermediate,pooled,1,1,2,0.6157673592,0.571562276,0.1609942857,0.2604146714,0.4221126845,0.571562276,0.7585785782,1.118785266
intermediate,pooled,1,1,3,0.6334451529,0.5925528958,0.1765314286,0.2880127738,0.4473131743,0.5925528958,0.7729124079,1.118045529
intermediate,pooled,1,1,4,0.6600978761,0.6200068823,0.2001371429,0.3177350978,0.4754257263,0.6200068823,0.7982706339,1.133751382
intermediate,pooled,1,1,5,0.6815293254,0.6415884672,0.2204057143,0.3384111388,0.4961738705,0.6415884672,0.8195265244,1.157825138
intermediate,pooled,1,1,6,0.6954285161,0.6547669824,0.23196,0.3488008438,0.5077345812,0.6547669824,0.8359556222,1.175424047
intermediate,pooled,1,1,7,0.6989948344,0.6578155896,0.2344114286,0.3471404951,0.5096061205,0.6578155896,0.8406021716,1.188795251
intermediate,pooled,1,1,8,0.6957206997,0.6532382344,0.2289828571,0.3374328132,0.5023718361,0.6532382344,0.8392427386,1.19507281
intermediate,pooled,1,1,9,0.6889837914,0.646463776,0.2240971429,0.3246351456,0.4922857262,0.646463776,0.8343473345,1.197719481
intermediate,pooled,1,1,10,0.6837851006,0.6398954687,0.2199371429,0.3129382628,0.4829305206,0.6398954687,0.8331343435,1.199628177
intermediate,pooled,1,1,11,0.6800342154,0.6345331108,0.21792,0.3012055738,0.4749916973,0.6345331108,0.8317694588,1.210835988
intermediate,pooled,1,1,12,0.6773651851,0.6310546881,0.2176571429,0.2944567424,0.468760924,0.6310546881,0.8308197001,1.216366902
intermediate,pooled,1,1,13,0.6755056173,0.6287423209,0.2176914286,0.2884483012,0.4642496612,0.6287423209,0.8303978195,1.221065944
intermediate,pooled,1,1,14,0.6801496185,0.6332689261,0.2227771429,0.2862903881,0.4651145334,0.6332689261,0.8383999041,1.234107314
intermediate,pooled,1,1,15,0.6889351246,0.6399957928,0.2297771429,0.2889222843,0.4695345739,0.6399957928,0.8508341827,1.251903526
intermediate,pooled,1,1,16,0.6992546377,0.6492002223,0.24012,0.2908802256,0.4732789336,0.6492002223,0.8647593369,1.280483312
intermediate,pooled,1,1,17,0.7070528498,0.6526985007,0.2490457143,0.2876051998,0.4733458537,0.6526985007,0.8762201299,1.311415752
intermediate,pooled,1,1,18,0.7163768819,0.657867125,0.2580971429,0.2796493932,0.4709313872,0.657867125,0.8909892727,1.353770856
intermediate,pooled,1,1,19,0.7287516282,0.6590504289,0.2651371429,0.2683216226,0.4634966453,0.6590504289,0.910399858,1.427096749
intermediate,pooled,1,1,20,0.7445575046,0.6579976935,0.2703314286,0.249663718,0.4517852005,0.6579976935,0.9356594716,1.526517459
intermediate,pooled,1,2,1,0.332887173,0.2865356804,0.02884,0.09133786051,0.1829412715,0.2865356804,0.4321185126,0.7268937324
intermediate,pooled,1,2,2,0.3213024354,0.2818398602,0.02468571429,0.09349365695,0.1821018667,0.2818398602,0.418053018,0.6811258506
intermediate,pooled,1,2,3,0.3238977402,0.2869650936,0.02692571429,0.09762015533,0.1871491135,0.2869650936,0.4204061076,0.6744767464
intermediate,pooled,1,2,4,0.3349297116,0.2978828871,0.03357142857,0.1043562246,0.19672753,0.2978828871,0.4339222179,0.6874304936
intermediate,pooled,1,2,5,0.3521820433,0.3145600211,0.04410857143,0.113701389,0.2097351604,0.3145600211,0.4526808138,0.7153733009
intermediate,pooled,1,2,6,0.3735877908,0.3343911139,0.05884571429,0.1245408598,0.2245504108,0.3343911139,0.4797834899,0.7552083807
intermediate,pooled,1,2,7,0.3960784154,0.354373646,0.07710857143,0.1339994037,0.240144357,0.354373646,0.5066822804,0.7947052683
intermediate,pooled,1,2,8,0.4189112648,0.3737743973,0.09608,0.1442790288,0.2556045235,0.3737743973,0.5340619977,0.840353217
intermediate,pooled,1,2,9,0.4435187686,0.3938139019,0.1152171429,0.1544298081,0.2700468053,0.3938139019,0.5645837368,0.8933809233
intermediate,pooled,1,2,10,0.4660451085,0.4134406944,0.1301257143,0.1640616444,0.2838062829,0.4134406944,0.592185069,0.9400591527
intermediate,pooled,1,2,11,0.4888656306,0.4334670278,0.1478742857,0.1750533826,0.3005590211,0.4334670278,0.6178513915,0.9834507072
intermediate,pooled,1,2,12,0.5110153605,0.4544684939,0.1648971429,0.1861728523,0.3158186204,0.4544684939,0.6449610696,1.020197641
intermediate,pooled,1,2,13,0.5297124427,0.4689966696,0.1806457143,0.1939721068,0.3284637946,0.4689966696,0.6667812382,1.062606153
intermediate,pooled,1,2,14,0.5452828991,0.4815242175,0.1907885714,0.1988417643,0.335330349,0.4815242175,0.6866730173,1.100832088
intermediate,pooled,1,2,15,0.5552058855,0.4896880446,0.1949028571,0.1998031213,0.3406567491,0.4896880446,0.7014332319,1.121702444
intermediate,pooled,1,2,16,0.5633914412,0.4955185483,0.19648,0.1992998863,0.3428066992,0.4955185483,0.7138588701,1.146293386
intermediate,pooled,1,2,17,0.5683862074,0.4971302736,0.1963085714,0.1948858061,0.3378301986,0.4971302736,0.7224799681,1.178912041
intermediate,pooled,1,2,18,0.5732454542,0.4972411065,0.1960285714,0.1883754219,0.3323739558,0.4972411065,0.7327778174,1.209861969
intermediate,pooled,1,2,19,0.5759411397,0.4921925661,0.1948514286,0.1734988431,0.3204224272,0.4921925661,0.7388752042,1.254600486
intermediate,pooled,1,2,20,0.5859765328,0.4860500963,0.1954171429,0.1548467266,0.306465715,0.4860500963,0.7546271016,1.346251428
intermediate,pooled,1,3,1,0.336085333,0.2916102775,0.02814857143,0.08908618343,0.183588551,0.2916102775,0.4381058061,0.7317651591
intermediate,pooled,1,3,2,0.3238510731,0.2843312206,0.0244,0.09236024412,0.1831334364,0.2843312206,0.4217380447,0.6873506319
intermediate,pooled,1,3,3,0.3270278502,0.2898693847,0.02770285714,0.09869029662,0.1898757596,0.2898693847,0.424237338,0.6798371121
intermediate,pooled,1,3,4,0.3380431805,0.301857866,0.03456571429,0.1073782054,0.2011761397,0.301857866,0.434074661,0.6906620934
intermediate,pooled,1,3,5,0.3555616568,0.3188573539,0.04562857143,0.1180451013,0.2153172071,0.3188573539,0.4557828187,0.7139730526
intermediate,pooled,1,3,6,0.3765223599,0.3381803767,0.05886285714,0.1304694314,0.2307958976,0.3381803767,0.4798625659,0.7514176873
intermediate,pooled,1,3,7,0.4003040472,0.3588823709,0.07392,0.1417924216,0.247975754,0.3588823709,0.5080409967,0.7970583984
intermediate,pooled,1,3,8,0.4249010786,0.3799309652,0.09107428571,0.1533259266,0.2651840312,0.3799309652,0.5374889058,0.8414402005
intermediate,pooled,1,3,9,0.4514300594,0.4040572219,0.1093485714,0.1644164317,0.2826818048,0.4040572219,0.5678291007,0.8933271551
intermediate,pooled,1,3,10,0.4759509002,0.42570604,0.1257542857,0.1747739412,0.2988360425,0.42570604,0.5984890412,0.9439464288
intermediate,pooled,1,3,11,0.4996418675,0.4462035238,0.1425028571,0.1848231148,0.3144575121,0.4462035238,0.6262523526,0.9931630012
intermediate,pooled,1,3,12,0.5249010343,0.4685128086,0.1622514286,0.1946942043,0.3303246483,0.4685128086,0.6567647625,1.042066686
intermediate,pooled,1,3,13,0.5477983949,0.4883361536,0.1820857143,0.2049070163,0.3447890994,0.4883361536,0.6846191432,1.092359103
intermediate,pooled,1,3,14,0.5670636267,0.5052201623,0.1985657143,0.2117658927,0.3554775408,0.5052201623,0.7077768376,1.132744346
intermediate,pooled,1,3,15,0.5818412012,0.5168618827,0.2101028571,0.2175947278,0.3624876697,0.5168618827,0.728240169,1.166392332
intermediate,pooled,1,3,16,0.5931011271,0.5251626414,0.2156114286,0.217893737,0.3657625802,0.5251626414,0.7424340404,1.198832883
intermediate,pooled,1,3,17,0.6001845684,0.5281326399,0.2171085714,0.2133727957,0.3629713034,0.5281326399,0.754216751,1.232867502
intermediate,pooled,1,3,18,0.6072395519,0.5287890597,0.2161485714,0.2074328047,0.3591603254,0.5287890597,0.7683297233,1.272677166
intermediate,pooled,1,3,19,0.6179797563,0.5289778695,0.2162285714,0.1978559696,0.3527022488,0.5289778695,0.7819573128,1.341132973
intermediate,pooled,1,3,20,0.6334284948,0.5270840118,0.2179657143,0.180642941,0.3421257869,0.5270840118,0.8041668578,1.444026936
intermediate,pooled,2,1,1,0.8734793935,0.8103288543,0.3350114286,0.3928321605,0.6101871293,0.8103288543,1.061925386,1.563529483
intermediate,pooled,2,1,2,0.91547724,0.8604279254,0.3822457143,0.4546533777,0.6676776514,0.8604279254,1.097583682,1.559934699
intermediate,pooled,2,1,3,0.9466337073,0.8955652279,0.4164057143,0.5052104332,0.7113211857,0.8955652279,1.122910806,1.555973761
intermediate,pooled,2,1,4,0.9758368648,0.9246218532,0.4477485714,0.5431581369,0.7450336199,0.9246218532,1.148920408,1.578095454
intermediate,pooled,2,1,5,0.9838171095,0.9335923469,0.4560171429,0.5560672642,0.7552173014,0.9335923469,1.153576018,1.57668454
intermediate,pooled,2,1,6,0.9682154432,0.9186236227,0.4412514286,0.541621212,0.7423035314,0.9186236227,1.136168594,1.560999278
intermediate,pooled,2,1,7,0.9331769478,0.8850860872,0.40652,0.5085896025,0.7098484891,0.8850860872,1.099344629,1.519745478
intermediate,pooled,2,1,8,0.8857792255,0.8385684886,0.36388,0.4648895383,0.6649012887,0.8385684886,1.052493584,1.459286958
intermediate,pooled,2,1,9,0.8376559064,0.7950237783,0.32268,0.4243338208,0.6207899831,0.7950237783,1.003744215,1.395085925
intermediate,pooled,2,1,10,0.7972743258,0.7559743689,0.2891085714,0.3879848642,0.583799133,0.7559743689,0.9619326637,1.34464264
intermediate,pooled,2,1,11,0.7656574387,0.7246754911,0.2646857143,0.358492654,0.553871838,0.7246754911,0.9287982666,1.309742321
intermediate,pooled,2,1,12,0.7444953514,0.7042544675,0.25124,0.3400796516,0.5318634612,0.7042544675,0.9081958172,1.286170683
intermediate,pooled,2,1,13,0.7343365777,0.6925037683,0.2462571429,0.3313755055,0.5210398786,0.6925037683,0.8999454509,1.274214567
intermediate,pooled,2,1,14,0.7329627388,0.6904612232,0.2494628571,0.32818069,0.5159123758,0.6904612232,0.8987110484,1.284253836
intermediate,pooled,2,1,15,0.7379288886,0.6931869976,0.25612,0.3261868757,0.5139016059,0.6931869976,0.9069836544,1.306324842
intermediate,pooled,2,1,16,0.7450670834,0.6966316061,0.2654685714,0.3237010768,0.5140377647,0.6966316061,0.9179674661,1.334350149
intermediate,pooled,2,1,17,0.7554876343,0.7030981725,0.2737942857,0.3218523406,0.5150778254,0.7030981725,0.9331982656,1.371089547
intermediate,pooled,2,1,18,0.7691922861,0.7097492133,0.2825428571,0.3160991748,0.5166126416,0.7097492133,0.9551904979,1.420652061
intermediate,pooled,2,1,19,0.7833878574,0.7148766231,0.2881428571,0.3051497279,0.5107829756,0.7148766231,0.9789262864,1.489925752
intermediate,pooled,2,1,20,0.8019722334,0.7169555469,0.2931428571,0.28540874,0.4987071798,0.7169555469,1.004949187,1.601409341
intermediate,pooled,2,2,1,0.3386904289,0.292296521,0.0316,0.09128718193,0.1859797677,0.292296521,0.4385143163,0.7435937205
intermediate,pooled,2,2,2,0.3266787832,0.286949422,0.02706285714,0.09295922471,0.185338882,0.286949422,0.4229685228,0.6958618156
intermediate,pooled,2,2,3,0.327488675,0.290527299,0.02936,0.0974126892,0.1903060385,0.290527299,0.4237039146,0.6833606933
intermediate,pooled,2,2,4,0.336280482,0.3003284951,0.03545142857,0.1036521868,0.1993849203,0.3003284951,0.4331777636,0.6921773579
intermediate,pooled,2,2,5,0.3501488986,0.3137153872,0.04574857143,0.1126844992,0.2111104547,0.3137153872,0.4493785398,0.7084129313
intermediate,pooled,2,2,6,0.3674122585,0.3280591913,0.05861714286,0.1229796248,0.2223843496,0.3280591913,0.4703724589,0.7428539112
intermediate,pooled,2,2,7,0.385196799,0.3431210062,0.07231428571,0.1312630689,0.2340756835,0.3431210062,0.491338021,0.7755073935
intermediate,pooled,2,2,8,0.4025332079,0.3578230295,0.08502857143,0.1387547802,0.2443246257,0.3578230295,0.5124883924,0.8132054517
intermediate,pooled,2,2,9,0.4196820454,0.3724643353,0.09708,0.1446320842,0.2541306633,0.3724643353,0.5348288903,0.850445868
intermediate,pooled,2,2,10,0.4365563505,0.386923971,0.1104971429,0.1500116376,0.2639976568,0.386923971,0.5543373892,0.8881933328
intermediate,pooled,2,2,11,0.451210859,0.4011927483,0.1216285714,0.1546976184,0.2725782782,0.4011927483,0.5731262301,0.9196518089
intermediate,pooled,2,2,12,0.4635979329,0.4110284088,0.1315771429,0.1583744151,0.2788383116,0.4110284088,0.5892418028,0.9468388223
intermediate,pooled,2,2,13,0.4753430824,0.4212822309,0.1415885714,0.1615002908,0.2842004753,0.4212822309,0.603334522,0.9726076055
intermediate,pooled,2,2,14,0.4855069972,0.4296712411,0.1496114286,0.1633796201,0.287953675,0.4296712411,0.6184275649,0.9979886471
intermediate,pooled,2,2,15,0.4944419137,0.4361430707,0.1579142857,0.1644768663,0.2912394454,0.4361430707,0.6296131032,1.023812821
intermediate,pooled,2,2,16,0.501334082,0.4392470757,0.1628514286,0.165822463,0.2918007048,0.4392470757,0.6400846695,1.045406816
intermediate,pooled,2,2,17,0.5072970615,0.4407666491,0.16724,0.1632205838,0.2901871771,0.4407666491,0.6502451345,1.079298732
intermediate,pooled,2,2,18,0.5148452719,0.4431858611,0.1709371429,0.157542542,0.2876268959,0.4431858611,0.6625944774,1.113235619
intermediate,pooled,2,2,19,0.5243641928,0.4445622502,0.1744228571,0.1506705221,0.2828670675,0.4445622502,0.6773264281,1.163056769
intermediate,pooled,2,2,20,0.5386516384,0.4429915653,0.1769657143,0.1411240472,0.2762516043,0.4429915653,0.6945166776,1.249171225
intermediate,pooled,2,3,1,0.3271919723,0.2836194756,0.02318285714,0.08840101361,0.1819223113,0.2836194756,0.4250190447,0.7078669543
intermediate,pooled,2,3,2,0.3147120655,0.2780934441,0.01913714286,0.09068905259,0.1803394194,0.2780934441,0.4090496014,0.6610467271
intermediate,pooled,2,3,3,0.3166889888,0.2819226596,0.02060571429,0.09576449237,0.1849714031,0.2819226596,0.4102405581,0.6545921774
intermediate,pooled,2,3,4,0.3264925717,0.2919753247,0.02505714286,0.1022702073,0.1953723927,0.2919753247,0.420878581,0.662002066
intermediate,pooled,2,3,5,0.3427692616,0.3080335779,0.03413142857,0.1108506601,0.2078561126,0.3080335779,0.4405214695,0.6879184069
intermediate,pooled,2,3,6,0.3622150499,0.3264906399,0.04574857143,0.1197399813,0.2220806083,0.3264906399,0.4641467356,0.7196081136
intermediate,pooled,2,3,7,0.3838346423,0.3460671972,0.05993714286,0.1298004557,0.2373430984,0.3460671972,0.4897479162,0.7591047438
intermediate,pooled,2,3,8,0.4074930267,0.3667044484,0.0766,0.1404406786,0.2527706365,0.3667044484,0.5190715327,0.8073468236
intermediate,pooled,2,3,9,0.4318512968,0.3878915835,0.09446285714,0.1494269475,0.2676240893,0.3878915835,0.5487195689,0.8557093626
intermediate,pooled,2,3,10,0.4552318297,0.4086307347,0.1109828571,0.1607039069,0.2819370601,0.4086307347,0.5781916124,0.900969444
intermediate,pooled,2,3,11,0.4783572232,0.4293066359,0.1280342857,0.1715497767,0.2980751606,0.4293066359,0.6068675344,0.9446469035
intermediate,pooled,2,3,12,0.5037428442,0.4509915007,0.1483371429,0.186197543,0.3153966609,0.4509915007,0.6363098717,0.9918346278
intermediate,pooled,2,3,13,0.528044425,0.4719549259,0.1684114286,0.198366647,0.3319129218,0.4719549259,0.6645626645,1.041640551
intermediate,pooled,2,3,14,0.5505049371,0.4910864764,0.1875371429,0.2091606977,0.3469003358,0.4910864764,0.6927844401,1.083648604
intermediate,pooled,2,3,15,0.5723333505,0.5098591311,0.2049028571,0.2178155102,0.3585231902,0.5098591311,0.7202194632,1.132807966
intermediate,pooled,2,3,16,0.5919563208,0.5258381032,0.2190514286,0.2222550232,0.3676157871,0.5258381032,0.7459310975,1.175984449
intermediate,pooled,2,3,17,0.611686096,0.5411117726,0.2323142857,0.2245574179,0.375717892,0.5411117726,0.77149671,1.230063205
intermediate,pooled,2,3,18,0.6296078539,0.5534365813,0.24156,0.2234787789,0.381218045,0.5534365813,0.7942824019,1.287037195
intermediate,pooled,2,3,19,0.6467869866,0.5605638733,0.2463428571,0.2164158444,0.3795545305,0.5605638733,0.8195501169,1.362381939
intermediate,pooled,2,3,20,0.665633695,0.5621715405,0.2471257143,0.2017391132,0.3686209857,0.5621715405,0.8426020673,1.468381862
intermediate,pooled,3,1,1,1.321335884,1.231318969,0.6899142857,0.6503339378,0.9598410249,1.231318969,1.577821409,2.283449322
intermediate,pooled,3,1,2,1.452780837,1.374121136,0.8028742857,0.826788003,1.11769262,1.374121136,1.694709039,2.344890594
intermediate,pooled,3,1,3,1.450033765,1.373138283,0.8132285714,0.8603467409,1.13333841,1.373138283,1.675230333,2.291261933
intermediate,pooled,3,1,4,1.42776985,1.354123862,0.8004285714,0.8657812979,1.124909427,1.354123862,1.643267287,2.234246002
intermediate,pooled,3,1,5,1.362050812,1.294341641,0.7586228571,0.821206036,1.074770947,1.294341641,1.568208675,2.124156159
intermediate,pooled,3,1,6,1.258995788,1.199973165,0.6813085714,0.7374406292,0.9872739012,1.199973165,1.460166072,1.978448106
intermediate,pooled,3,1,7,1.14158399,1.089601163,0.5813028571,0.6384838407,0.8828152406,1.089601163,1.338426514,1.815406173
intermediate,pooled,3,1,8,1.035224201,0.9897482921,0.4872742857,0.5481974704,0.7878923011,0.9897482921,1.227773268,1.677804929
intermediate,pooled,3,1,9,0.9477237174,0.9049898812,0.4110171429,0.4779705404,0.7085552454,0.9049898812,1.13497101,1.562263353
intermediate,pooled,3,1,10,0.8840958672,0.8415559743,0.3589942857,0.4279541207,0.6502760119,0.8415559743,1.066606483,1.481484202
intermediate,pooled,3,1,11,0.8401610672,0.799028868,0.3238971429,0.3954787331,0.6109690528,0.799028868,1.01930269,1.4238413
intermediate,pooled,3,1,12,0.811907452,0.7692342426,0.3048742857,0.3736495971,0.5836363763,0.7692342426,0.9893464453,1.390928973
intermediate,pooled,3,1,13,0.794655642,0.7519853239,0.2937885714,0.3621557916,0.5652609908,0.7519853239,0.9719217247,1.37356688
intermediate,pooled,3,1,14,0.7848171947,0.7405039131,0.2893828571,0.3549853318,0.5540808124,0.7405039131,0.9632534757,1.366291033
intermediate,pooled,3,1,15,0.7782786377,0.73284607,0.2878685714,0.3468541236,0.5456535354,0.73284607,0.955954827,1.36586665
intermediate,pooled,3,1,16,0.7738702647,0.7265902852,0.2876114286,0.3363740459,0.5361798043,0.7265902852,0.9533217386,1.376222948
intermediate,pooled,3,1,17,0.7740097137,0.7234616962,0.2888057143,0.3268005464,0.5275608782,0.7234616962,0.9601211138,1.399247936
intermediate,pooled,3,1,18,0.7789915007,0.7213902101,0.29244,0.3150424722,0.521326406,0.7213902101,0.9704920281,1.438758761
intermediate,pooled,3,1,19,0.7906487111,0.7236822516,0.29828,0.3013222362,0.5124505634,0.7236822516,0.989814997,1.509002945
intermediate,pooled,3,1,20,0.8074488358,0.7233252568,0.30472,0.2824490168,0.4996815642,0.7233252568,1.018143752,1.604917677
intermediate,pooled,3,2,1,0.3555613221,0.30990473,0.03476,0.1003174319,0.2002654046,0.30990473,0.4594646173,0.7641931461
intermediate,pooled,3,2,2,0.3435959161,0.3038922197,0.03002857143,0.1026729733,0.1994808343,0.3038922197,0.443469962,0.7176105067
intermediate,pooled,3,2,3,0.3452559102,0.3086766372,0.03232,0.1075930032,0.2049633014,0.3086766372,0.4441117908,0.707491817
intermediate,pooled,3,2,4,0.3555254092,0.319835255,0.03866285714,0.1155392797,0.2144202378,0.319835255,0.4568201625,0.7140202309
intermediate,pooled,3,2,5,0.3713162632,0.3354797164,0.05061714286,0.123764441,0.2268286512,0.3354797164,0.4758568466,0.7393272607
intermediate,pooled,3,2,6,0.3926994034,0.3544821066,0.06620571429,0.1354331744,0.2421579023,0.3544821066,0.5005353889,0.7777134715
intermediate,pooled,3,2,7,0.4161112214,0.3758791263,0.08453142857,0.1467145103,0.2585048959,0.3758791263,0.52746721,0.8221211749
intermediate,pooled,3,2,8,0.4408033526,0.3971638074,0.1038342857,0.1592583756,0.2740944214,0.3971638074,0.5588035135,0.8665886377
intermediate,pooled,3,2,9,0.4647503337,0.4182617766,0.1214971429,0.1719506977,0.290522009,0.4182617766,0.585613485,0.9159716811
intermediate,pooled,3,2,10,0.4847544754,0.4351872123,0.1345714286,0.1813221812,0.3041762443,0.4351872123,0.6096455731,0.952468713
intermediate,pooled,3,2,11,0.500670514,0.4487366659,0.1450742857,0.1890522234,0.3148957549,0.4487366659,0.6299417024,0.9840670328
intermediate,pooled,3,2,12,0.5102354269,0.4583343387,0.1532228571,0.1936933633,0.3208308472,0.4583343387,0.6408743551,1.002225588
intermediate,pooled,3,2,13,0.5199139874,0.4660885929,0.1622685714,0.1939572669,0.3255274334,0.4660885929,0.6525852104,1.023741501
intermediate,pooled,3,2,14,0.5299617087,0.4748812171,0.1727885714,0.1978742153,0.3314821279,0.4748812171,0.6653351832,1.049001336
intermediate,pooled,3,2,15,0.5419385528,0.4837555461,0.1822914286,0.2006609816,0.3358502743,0.4837555461,0.6805692872,1.084769828
intermediate,pooled,3,2,16,0.5555370888,0.4921491523,0.1931542857,0.2023956996,0.3398308913,0.4921491523,0.6983311637,1.121269277
intermediate,pooled,3,2,17,0.5671988268,0.4988840203,0.1997771429,0.2005755611,0.3399346438,0.4988840203,0.7157715092,1.165662759
intermediate,pooled,3,2,18,0.5780147469,0.503482873,0.2049142857,0.1940610149,0.3374850003,0.503482873,0.7319736135,1.217921868
intermediate,pooled,3,2,19,0.589401998,0.5034407251,0.2073371429,0.1853356476,0.3303014131,0.5034407251,0.7484607187,1.288049056
intermediate,pooled,3,2,20,0.6041282736,0.50143689,0.2096057143,0.1706190948,0.3206970106,0.50143689,0.7677311015,1.383742225
intermediate,pooled,3,3,1,0.3567873409,0.3128152407,0.03323428571,0.1060059033,0.2041304752,0.3128152407,0.4601663752,0.7551371599
intermediate,pooled,3,3,2,0.3445877829,0.3068459941,0.02804571429,0.1084537941,0.2035396878,0.3068459941,0.4434406288,0.7071385869
intermediate,pooled,3,3,3,0.3463844916,0.311301841,0.03061714286,0.113968689,0.2091052925,0.311301841,0.4452290754,0.6960250105
intermediate,pooled,3,3,4,0.3563248178,0.321716595,0.03725714286,0.1229321813,0.2193221578,0.321716595,0.4550570181,0.7043176577
intermediate,pooled,3,3,5,0.3747665263,0.339738543,0.04963428571,0.13359511,0.2333559688,0.339738543,0.4770368931,0.7324046521
intermediate,pooled,3,3,6,0.3991593487,0.3625342194,0.06573714286,0.147723588,0.2510768002,0.3625342194,0.5055684095,0.7763155687
intermediate,pooled,3,3,7,0.4292233422,0.3905857251,0.08794285714,0.1626243629,0.2733183969,0.3905857251,0.54067265,0.8256150356
intermediate,pooled,3,3,8,0.4617430063,0.4193221807,0.1151657143,0.1784000373,0.295645078,0.4193221807,0.5786977191,0.8886224263
intermediate,pooled,3,3,9,0.4924193369,0.4468427953,0.1394914286,0.1936785808,0.3161356505,0.4468427953,0.6138905171,0.9485412018
intermediate,pooled,3,3,10,0.5173246646,0.4693675156,0.1591085714,0.2052406966,0.3341460175,0.4693675156,0.644146308,0.9942446367
intermediate,pooled,3,3,11,0.5402276281,0.4889560959,0.1760857143,0.2167636298,0.348982401,0.4889560959,0.6729564951,1.034429846
intermediate,pooled,3,3,12,0.561662141,0.5093931581,0.1914342857,0.2287164198,0.3650313741,0.5093931581,0.696760603,1.075076045
intermediate,pooled,3,3,13,0.5806598594,0.524749534,0.2037314286,0.2397921974,0.3780068864,0.524749534,0.7187173337,1.111539451
intermediate,pooled,3,3,14,0.5970743148,0.5397236689,0.2169771429,0.2463406934,0.3887819608,0.5397236689,0.7393366754,1.144950047
intermediate,pooled,3,3,15,0.6117901727,0.5515327239,0.2287028571,0.2524767098,0.3975921366,0.5515327239,0.7602579641,1.172106089
intermediate,pooled,3,3,16,0.6258763401,0.5626299081,0.2382171429,0.2527781661,0.4031662333,0.5626299081,0.7772818451,1.207384989
intermediate,pooled,3,3,17,0.6372043371,0.5694045898,0.2438228571,0.2494067812,0.4048965859,0.5694045898,0.7959606811,1.250013363
intermediate,pooled,3,3,18,0.648276683,0.5751298172,0.24692,0.2424098586,0.4023688211,0.5751298172,0.8115414905,1.303713772
intermediate,pooled,3,3,19,0.6609972484,0.579013621,0.24904,0.2302965287,0.3966487357,0.579013621,0.8299358078,1.374212395
intermediate,pooled,3,3,20,0.6753705884,0.5757585161,0.2493714286,0.2124233508,0.3841154777,0.5757585161,0.8467067265,1.478227143
