scale_estimator,equation,block,h,lambda_h,tau_mean,tau_median,p_tau_gt1
block,i1y,i1y,1,0.0118028,0.38036,0.27734,0.0580
block,i1y,i1y,2,0.048597,0.25357,0.18282,0.0140
block,i1y,i1y,3,0.0876623,0.42955,0.31978,0.0913
block,i1y,i1y,4,0.121498,0.38078,0.22757,0.1040
block,i1y,i1y,5,0.158663,0.49325,0.35294,0.1300
block,i1y,i1y,6,0.184118,0.51425,0.31112,0.1560
block,i1y,i1y,7,0.212637,0.93827,0.68739,0.3453
block,i1y,i1y,8,0.258865,0.90875,0.65797,0.3800
block,i1y,i1y,9,0.28163,1.23101,1.11990,0.5560
block,i1y,i1y,10,0.312757,1.27623,1.17320,0.5833
block,i1y,i1y,11,0.330153,1.15750,0.95789,0.4847
block,i1y,i1y,12,0.361135,1.40468,1.23486,0.6347
block,i1y,i1y,13,0.373202,1.28424,1.16676,0.5827
block,i1y,i1y,14,0.441738,1.13729,1.00272,0.5020
block,i1y,i1y,15,0.48286,1.09177,1.02773,0.5187
block,i1y,i1y,16,0.51574,0.82990,0.65682,0.3200
block,i1y,i1y,17,0.547479,0.94081,0.82026,0.3907
block,i1y,i1y,18,0.577187,0.84004,0.72464,0.3160
block,i1y,i1y,19,0.621283,0.93602,0.77095,0.3507
block,i1y,i1y,20,0.676042,0.51987,0.37914,0.1493
block,i1y,i1y,21,0.698133,0.77279,0.65317,0.2773
block,i1y,i1y,22,0.72207,0.87749,0.80092,0.3553
block,i1y,i1y,23,0.735388,0.88485,0.78284,0.3520
block,i1y,i1y,24,0.744116,0.97114,0.84250,0.4093
block,i1y,i1y,25,0.726486,1.11423,1.00939,0.5027
block,i1y,i1y,26,0.763955,1.16216,1.03483,0.5280
block,i1y,i1y,27,0.790518,1.09771,0.96758,0.4713
block,i1y,i1y,28,0.815651,0.98309,0.90395,0.4173
block,i1y,i1y,29,0.849619,1.01526,0.92678,0.4280
block,i1y,i1y,30,0.876271,0.91342,0.81436,0.3460
block,i1y,i1y,31,0.903515,0.87424,0.76354,0.3087
block,i1y,i1y,32,0.934172,0.87237,0.78727,0.2927
block,i1y,i1y,33,0.923613,0.77079,0.71350,0.1900
block,i1y,i1y,34,0.910232,0.87797,0.77595,0.2873
block,i1y,i1y,35,0.878864,0.92279,0.81650,0.3407
block,i1y,i1y,36,0.848756,0.99423,0.88748,0.4000
block,i1y,i1y,37,0.846818,0.94719,0.83343,0.3527
block,i1y,i1y,38,0.849937,0.99563,0.89177,0.4140
block,i1y,i1y,39,0.870001,1.01908,0.88353,0.4120
block,i1y,i1y,40,0.898198,1.02784,0.89849,0.4080
block,i1y,i1y,41,0.918798,0.96423,0.84928,0.3733
block,i1y,i1y,42,0.894206,0.93228,0.81765,0.3507
block,i1y,i1y,43,0.858671,0.97609,0.83908,0.3693
block,i1y,i1y,44,0.841216,0.98353,0.87902,0.3940
block,i1y,i1y,45,0.824906,1.03376,0.91830,0.4360
block,i1y,i1y,46,0.816408,1.16403,1.03979,0.5300
block,i1y,i1y,47,0.773039,1.20957,1.07647,0.5647
block,i1y,i1y,48,0.70196,1.38499,1.25549,0.6813
block,i1y,ip,1,0.0118028,0.44741,0.33290,0.0887
block,i1y,ip,2,0.048597,0.39440,0.32331,0.0500
block,i1y,ip,3,0.0876623,0.34291,0.24936,0.0420
block,i1y,ip,4,0.121498,0.39089,0.31088,0.0507
block,i1y,ip,5,0.158663,0.43784,0.36895,0.0620
block,i1y,ip,6,0.184118,0.50374,0.41972,0.0973
block,i1y,ip,7,0.212637,0.62984,0.56744,0.1300
block,i1y,ip,8,0.258865,0.59211,0.53568,0.1380
block,i1y,ip,9,0.28163,0.75542,0.68443,0.2280
block,i1y,ip,10,0.312757,0.86223,0.76825,0.2920
block,i1y,ip,11,0.330153,0.91458,0.82949,0.3527
block,i1y,ip,12,0.361135,0.85082,0.78597,0.3360
block,i1y,ip,13,0.373202,0.92930,0.81580,0.3567
block,i1y,ip,14,0.441738,0.85365,0.76271,0.3067
block,i1y,ip,15,0.48286,0.87509,0.78187,0.3220
block,i1y,ip,16,0.51574,0.70943,0.63354,0.2167
block,i1y,ip,17,0.547479,0.78926,0.74898,0.2920
block,i1y,ip,18,0.577187,0.81750,0.73612,0.3000
block,i1y,ip,19,0.621283,0.92810,0.87451,0.4027
block,i1y,ip,20,0.676042,0.73178,0.65281,0.2527
block,i1y,ip,21,0.698133,0.88441,0.83231,0.3740
block,i1y,ip,22,0.72207,1.08031,1.06418,0.5487
block,i1y,ip,23,0.735388,1.23599,1.16511,0.6267
block,i1y,ip,24,0.744116,1.33655,1.25691,0.7233
block,i1y,ip,25,0.726486,1.51825,1.44264,0.8353
block,i1y,ip,26,0.763955,1.61014,1.52111,0.8727
block,i1y,ip,27,0.790518,1.61720,1.54101,0.9160
block,i1y,ip,28,0.815651,1.57963,1.51582,0.9107
block,i1y,ip,29,0.849619,1.55175,1.48156,0.9000
block,i1y,ip,30,0.876271,1.45925,1.40043,0.8627
block,i1y,ip,31,0.903515,1.45564,1.40530,0.8553
block,i1y,ip,32,0.934172,1.33355,1.26981,0.7727
block,i1y,ip,33,0.923613,1.30659,1.24453,0.7573
block,i1y,ip,34,0.910232,1.35273,1.26261,0.7747
block,i1y,ip,35,0.878864,1.27820,1.18968,0.7207
block,i1y,ip,36,0.848756,1.24194,1.17278,0.6913
block,i1y,ip,37,0.846818,1.23849,1.17103,0.6987
block,i1y,ip,38,0.849937,1.16373,1.09449,0.6207
block,i1y,ip,39,0.870001,1.08552,1.02402,0.5293
block,i1y,ip,40,0.898198,1.06295,1.00781,0.5100
block,i1y,ip,41,0.918798,1.01713,0.96130,0.4453
block,i1y,ip,42,0.894206,1.04315,0.98442,0.4780
block,i1y,ip,43,0.858671,1.06188,1.00278,0.5027
block,i1y,ip,44,0.841216,1.04525,0.99848,0.4987
block,i1y,ip,45,0.824906,1.03342,0.97827,0.4567
block,i1y,ip,46,0.816408,1.03156,0.99416,0.4900
block,i1y,ip,47,0.773039,1.10038,1.02576,0.5247
block,i1y,ip,48,0.70196,1.16143,1.08596,0.5967
block,i1y,hicp,1,0.0118028,0.43648,0.31528,0.0833
block,i1y,hicp,2,0.048597,0.28747,0.22745,0.0200
block,i1y,hicp,3,0.0876623,0.26710,0.20732,0.0167
block,i1y,hicp,4,0.121498,0.26428,0.20043,0.0120
block,i1y,hicp,5,0.158663,0.25283,0.21373,0.0040
block,i1y,hicp,6,0.184118,0.24388,0.19758,0.0093
block,i1y,hicp,7,0.212637,0.30964,0.27350,0.0073
block,i1y,hicp,8,0.258865,0.31318,0.28579,0.0040
block,i1y,hicp,9,0.28163,0.42816,0.38784,0.0247
block,i1y,hicp,10,0.312757,0.41326,0.38276,0.0193
block,i1y,hicp,11,0.330153,0.37135,0.36202,0.0220
block,i1y,hicp,12,0.361135,0.45070,0.42038,0.0180
block,i1y,hicp,13,0.373202,0.54158,0.49630,0.0547
block,i1y,hicp,14,0.441738,0.47153,0.43919,0.0280
block,i1y,hicp,15,0.48286,0.45018,0.40823,0.0187
block,i1y,hicp,16,0.51574,0.45014,0.41420,0.0247
block,i1y,hicp,17,0.547479,0.41362,0.38598,0.0127
block,i1y,hicp,18,0.577187,0.41372,0.37844,0.0180
block,i1y,hicp,19,0.621283,0.36586,0.33959,0.0087
block,i1y,hicp,20,0.676042,0.36409,0.32241,0.0080
block,i1y,hicp,21,0.698133,0.32427,0.30455,0.0020
block,i1y,hicp,22,0.72207,0.29131,0.25963,0.0047
block,i1y,hicp,23,0.735388,0.27457,0.25807,0.0047
block,i1y,hicp,24,0.744116,0.28940,0.27201,0.0007
block,i1y,hicp,25,0.726486,0.33965,0.30551,0.0040
block,i1y,hicp,26,0.763955,0.34096,0.30704,0.0067
block,i1y,hicp,27,0.790518,0.30805,0.28350,0.0033
block,i1y,hicp,28,0.815651,0.31951,0.29227,0.0060
block,i1y,hicp,29,0.849619,0.30711,0.27637,0.0027
block,i1y,hicp,30,0.876271,0.32212,0.28463,0.0067
block,i1y,hicp,31,0.903515,0.33584,0.30539,0.0047
block,i1y,hicp,32,0.934172,0.28709,0.26755,0.0020
block,i1y,hicp,33,0.923613,0.31511,0.28823,0.0047
block,i1y,hicp,34,0.910232,0.34725,0.32415,0.0033
block,i1y,hicp,35,0.878864,0.28864,0.25885,0.0040
block,i1y,hicp,36,0.848756,0.32735,0.29766,0.0033
block,i1y,hicp,37,0.846818,0.33421,0.30921,0.0047
block,i1y,hicp,38,0.849937,0.35632,0.32032,0.0080
block,i1y,hicp,39,0.870001,0.32692,0.29972,0.0013
block,i1y,hicp,40,0.898198,0.27929,0.26059,0.0027
block,i1y,hicp,41,0.918798,0.28354,0.25852,0.0033
block,i1y,hicp,42,0.894206,0.28200,0.25378,0.0013
block,i1y,hicp,43,0.858671,0.28787,0.26810,0.0020
block,i1y,hicp,44,0.841216,0.27850,0.25172,0.0007
block,i1y,hicp,45,0.824906,0.23490,0.20333,0.0020
block,i1y,hicp,46,0.816408,0.30410,0.27383,0.0040
block,i1y,hicp,47,0.773039,0.33538,0.30493,0.0087
block,i1y,hicp,48,0.70196,0.31130,0.28147,0.0080
block,i1y,stoxx,1,0.0118028,0.72140,0.56712,0.2200
block,i1y,stoxx,2,0.048597,0.69441,0.53063,0.2300
block,i1y,stoxx,3,0.0876623,0.70329,0.60811,0.2273
block,i1y,stoxx,4,0.121498,0.64762,0.55163,0.1980
block,i1y,stoxx,5,0.158663,0.67953,0.58299,0.1900
block,i1y,stoxx,6,0.184118,0.61215,0.54041,0.1620
block,i1y,stoxx,7,0.212637,0.64891,0.58775,0.1560
block,i1y,stoxx,8,0.258865,0.67194,0.61909,0.1633
block,i1y,stoxx,9,0.28163,0.74285,0.69540,0.2380
block,i1y,stoxx,10,0.312757,0.79058,0.73113,0.2600
block,i1y,stoxx,11,0.330153,0.83645,0.75661,0.2767
block,i1y,stoxx,12,0.361135,0.84026,0.76936,0.3153
block,i1y,stoxx,13,0.373202,0.85337,0.79295,0.3273
block,i1y,stoxx,14,0.441738,0.66240,0.61121,0.1840
block,i1y,stoxx,15,0.48286,0.70886,0.66246,0.1847
block,i1y,stoxx,16,0.51574,0.63054,0.60280,0.1573
block,i1y,stoxx,17,0.547479,0.57349,0.56095,0.1193
block,i1y,stoxx,18,0.577187,0.58113,0.54624,0.1093
block,i1y,stoxx,19,0.621283,0.60051,0.55571,0.0953
block,i1y,stoxx,20,0.676042,0.44724,0.39526,0.0527
block,i1y,stoxx,21,0.698133,0.51491,0.48114,0.0720
block,i1y,stoxx,22,0.72207,0.53015,0.50761,0.0787
block,i1y,stoxx,23,0.735388,0.54905,0.50666,0.0827
block,i1y,stoxx,24,0.744116,0.51630,0.47637,0.0547
block,i1y,stoxx,25,0.726486,0.51796,0.45340,0.0813
block,i1y,stoxx,26,0.763955,0.59997,0.55974,0.1100
block,i1y,stoxx,27,0.790518,0.61621,0.56910,0.1173
block,i1y,stoxx,28,0.815651,0.65403,0.60383,0.1540
block,i1y,stoxx,29,0.849619,0.65221,0.59353,0.1307
block,i1y,stoxx,30,0.876271,0.65474,0.60752,0.1233
block,i1y,stoxx,31,0.903515,0.66818,0.63183,0.1653
block,i1y,stoxx,32,0.934172,0.53736,0.51122,0.0727
block,i1y,stoxx,33,0.923613,0.53104,0.49335,0.0593
block,i1y,stoxx,34,0.910232,0.60031,0.56193,0.0960
block,i1y,stoxx,35,0.878864,0.57244,0.53031,0.1120
block,i1y,stoxx,36,0.848756,0.62314,0.58291,0.1307
block,i1y,stoxx,37,0.846818,0.73889,0.68933,0.1807
block,i1y,stoxx,38,0.849937,0.75133,0.69425,0.1967
block,i1y,stoxx,39,0.870001,0.64006,0.59173,0.1273
block,i1y,stoxx,40,0.898198,0.65319,0.59056,0.1207
block,i1y,stoxx,41,0.918798,0.63938,0.59028,0.1073
block,i1y,stoxx,42,0.894206,0.59241,0.55504,0.0733
block,i1y,stoxx,43,0.858671,0.60945,0.55804,0.0707
block,i1y,stoxx,44,0.841216,0.62442,0.56268,0.0993
block,i1y,stoxx,45,0.824906,0.59511,0.53835,0.0820
block,i1y,stoxx,46,0.816408,0.64324,0.58807,0.1080
block,i1y,stoxx,47,0.773039,0.71158,0.65024,0.1953
block,i1y,stoxx,48,0.70196,0.69345,0.64683,0.1773
block,ip,i1y,1,0.0118028,0.32985,0.20941,0.0653
block,ip,i1y,2,0.048597,0.29263,0.18505,0.0347
block,ip,i1y,3,0.0876623,0.84665,0.67814,0.3133
block,ip,i1y,4,0.121498,0.90007,0.70550,0.3533
block,ip,i1y,5,0.158663,1.70561,1.56401,0.7787
block,ip,i1y,6,0.184118,1.68690,1.53988,0.8120
block,ip,i1y,7,0.212637,1.93906,1.78944,0.8587
block,ip,i1y,8,0.258865,1.99382,1.85289,0.8593
block,ip,i1y,9,0.28163,2.57452,2.33923,0.9680
block,ip,i1y,10,0.312757,2.42283,2.25153,0.9667
block,ip,i1y,11,0.330153,2.67185,2.51997,0.9807
block,ip,i1y,12,0.361135,2.72272,2.50793,0.9913
block,ip,i1y,13,0.373202,2.82032,2.64429,0.9913
block,ip,i1y,14,0.441738,2.43969,2.27684,0.9680
block,ip,i1y,15,0.48286,2.37109,2.18325,0.9740
block,ip,i1y,16,0.51574,2.28102,2.10226,0.9667
block,ip,i1y,17,0.547479,2.36336,2.20396,0.9747
block,ip,i1y,18,0.577187,2.18169,1.97239,0.9527
block,ip,i1y,19,0.621283,1.92444,1.79885,0.9013
block,ip,i1y,20,0.676042,1.69442,1.55208,0.8587
block,ip,i1y,21,0.698133,1.72988,1.57651,0.8667
block,ip,i1y,22,0.72207,1.65338,1.53832,0.8280
block,ip,i1y,23,0.735388,1.50337,1.41555,0.8033
block,ip,i1y,24,0.744116,1.47481,1.37029,0.7520
block,ip,i1y,25,0.726486,1.33833,1.21896,0.6733
block,ip,i1y,26,0.763955,1.23682,1.10794,0.5940
block,ip,i1y,27,0.790518,1.13111,1.01571,0.5093
block,ip,i1y,28,0.815651,1.14942,1.07066,0.5547
block,ip,i1y,29,0.849619,1.15535,1.00458,0.5033
block,ip,i1y,30,0.876271,1.29272,1.17178,0.6367
block,ip,i1y,31,0.903515,1.30947,1.21604,0.6480
block,ip,i1y,32,0.934172,1.38719,1.26011,0.6887
block,ip,i1y,33,0.923613,1.35471,1.24303,0.6893
block,ip,i1y,34,0.910232,1.41860,1.29112,0.6947
block,ip,i1y,35,0.878864,1.35139,1.20164,0.6653
block,ip,i1y,36,0.848756,1.20227,1.09807,0.5860
block,ip,i1y,37,0.846818,1.07941,0.98696,0.4840
block,ip,i1y,38,0.849937,0.98301,0.90572,0.4207
block,ip,i1y,39,0.870001,0.89274,0.79645,0.3233
block,ip,i1y,40,0.898198,0.76940,0.67240,0.2280
block,ip,i1y,41,0.918798,0.64107,0.58528,0.1273
block,ip,i1y,42,0.894206,0.61674,0.52290,0.1320
block,ip,i1y,43,0.858671,0.46466,0.40805,0.0460
block,ip,i1y,44,0.841216,0.57559,0.49826,0.1100
block,ip,i1y,45,0.824906,0.58363,0.49516,0.1160
block,ip,i1y,46,0.816408,0.60157,0.51476,0.1173
block,ip,i1y,47,0.773039,0.62108,0.52584,0.1420
block,ip,i1y,48,0.70196,0.63475,0.53436,0.1467
block,ip,ip,1,0.0118028,0.60229,0.48817,0.1853
block,ip,ip,2,0.048597,0.33834,0.25840,0.0367
block,ip,ip,3,0.0876623,0.51520,0.44530,0.0967
block,ip,ip,4,0.121498,0.55978,0.46964,0.1360
block,ip,ip,5,0.158663,0.77736,0.68009,0.2300
block,ip,ip,6,0.184118,0.91423,0.83504,0.3573
block,ip,ip,7,0.212637,1.13814,1.04977,0.5447
block,ip,ip,8,0.258865,1.21202,1.15105,0.6060
block,ip,ip,9,0.28163,1.65776,1.55882,0.8773
block,ip,ip,10,0.312757,1.71475,1.63432,0.8767
block,ip,ip,11,0.330153,1.95718,1.88397,0.9593
block,ip,ip,12,0.361135,1.99078,1.88508,0.9460
block,ip,ip,13,0.373202,2.05393,1.93568,0.9680
block,ip,ip,14,0.441738,1.78905,1.73018,0.9233
block,ip,ip,15,0.48286,1.79897,1.69474,0.9120
block,ip,ip,16,0.51574,1.79393,1.71209,0.9353
block,ip,ip,17,0.547479,1.88491,1.80175,0.9307
block,ip,ip,18,0.577187,1.85570,1.78442,0.9427
block,ip,ip,19,0.621283,1.75196,1.66478,0.9100
block,ip,ip,20,0.676042,1.71762,1.63457,0.9160
block,ip,ip,21,0.698133,1.76300,1.68934,0.9620
block,ip,ip,22,0.72207,1.77374,1.69672,0.9447
block,ip,ip,23,0.735388,1.79808,1.71721,0.9480
block,ip,ip,24,0.744116,1.76011,1.69008,0.9360
block,ip,ip,25,0.726486,1.65131,1.57455,0.9087
block,ip,ip,26,0.763955,1.44605,1.37252,0.8127
block,ip,ip,27,0.790518,1.27237,1.19485,0.7073
block,ip,ip,28,0.815651,1.22974,1.15600,0.6453
block,ip,ip,29,0.849619,1.06846,1.00071,0.5000
block,ip,ip,30,0.876271,1.03240,0.96963,0.4687
block,ip,ip,31,0.903515,0.94384,0.87800,0.3500
block,ip,ip,32,0.934172,0.91172,0.85528,0.3233
block,ip,ip,33,0.923613,0.86002,0.80532,0.2780
block,ip,ip,34,0.910232,0.85762,0.80067,0.2620
block,ip,ip,35,0.878864,0.87036,0.82555,0.2907
block,ip,ip,36,0.848756,0.90758,0.83625,0.3253
block,ip,ip,37,0.846818,0.86597,0.79046,0.2693
block,ip,ip,38,0.849937,0.83111,0.77336,0.2393
block,ip,ip,39,0.870001,0.78775,0.73059,0.2107
block,ip,ip,40,0.898198,0.80175,0.74492,0.2300
block,ip,ip,41,0.918798,0.70121,0.63786,0.1700
block,ip,ip,42,0.894206,0.73613,0.66769,0.1773
block,ip,ip,43,0.858671,0.72260,0.66157,0.1800
block,ip,ip,44,0.841216,0.76160,0.69733,0.2107
block,ip,ip,45,0.824906,0.77280,0.70195,0.2187
block,ip,ip,46,0.816408,0.78733,0.72811,0.2193
block,ip,ip,47,0.773039,0.77619,0.71900,0.2400
block,ip,ip,48,0.70196,0.77473,0.76089,0.2947
block,ip,hicp,1,0.0118028,1.26714,1.11477,0.5753
block,ip,hicp,2,0.048597,0.65781,0.60695,0.1340
block,ip,hicp,3,0.0876623,0.62728,0.58251,0.0873
block,ip,hicp,4,0.121498,0.60849,0.57667,0.0747
block,ip,hicp,5,0.158663,0.64210,0.59967,0.0733
block,ip,hicp,6,0.184118,0.68781,0.64587,0.1013
block,ip,hicp,7,0.212637,0.69111,0.64392,0.1140
block,ip,hicp,8,0.258865,0.66995,0.62519,0.0907
block,ip,hicp,9,0.28163,0.73904,0.68904,0.1447
block,ip,hicp,10,0.312757,0.73172,0.68340,0.1413
block,ip,hicp,11,0.330153,0.73466,0.68077,0.1427
block,ip,hicp,12,0.361135,0.73865,0.69803,0.1447
block,ip,hicp,13,0.373202,0.86862,0.80431,0.2733
block,ip,hicp,14,0.441738,0.75163,0.70029,0.1720
block,ip,hicp,15,0.48286,0.68877,0.63871,0.1280
block,ip,hicp,16,0.51574,0.63031,0.58182,0.0893
block,ip,hicp,17,0.547479,0.54960,0.50631,0.0393
block,ip,hicp,18,0.577187,0.45170,0.42174,0.0240
block,ip,hicp,19,0.621283,0.38192,0.35685,0.0073
block,ip,hicp,20,0.676042,0.33463,0.30024,0.0073
block,ip,hicp,21,0.698133,0.30744,0.27494,0.0027
block,ip,hicp,22,0.72207,0.27065,0.24585,0.0013
block,ip,hicp,23,0.735388,0.26876,0.23629,0.0027
block,ip,hicp,24,0.744116,0.25119,0.21754,0.0033
block,ip,hicp,25,0.726486,0.22110,0.15607,0.0047
block,ip,hicp,26,0.763955,0.15598,0.10487,0.0007
block,ip,hicp,27,0.790518,0.17648,0.12551,0.0027
block,ip,hicp,28,0.815651,0.17399,0.14030,0.0027
block,ip,hicp,29,0.849619,0.15779,0.12318,0.0000
block,ip,hicp,30,0.876271,0.13803,0.10029,0.0013
block,ip,hicp,31,0.903515,0.21232,0.17873,0.0040
block,ip,hicp,32,0.934172,0.15261,0.11793,0.0000
block,ip,hicp,33,0.923613,0.22330,0.19152,0.0000
block,ip,hicp,34,0.910232,0.20299,0.17202,0.0000
block,ip,hicp,35,0.878864,0.23222,0.20048,0.0040
block,ip,hicp,36,0.848756,0.23210,0.19997,0.0033
block,ip,hicp,37,0.846818,0.28791,0.26119,0.0027
block,ip,hicp,38,0.849937,0.28552,0.25925,0.0027
block,ip,hicp,39,0.870001,0.32561,0.29491,0.0100
block,ip,hicp,40,0.898198,0.34532,0.30981,0.0053
block,ip,hicp,41,0.918798,0.30304,0.27229,0.0047
block,ip,hicp,42,0.894206,0.37480,0.34748,0.0060
block,ip,hicp,43,0.858671,0.39406,0.36023,0.0080
block,ip,hicp,44,0.841216,0.39517,0.36683,0.0073
block,ip,hicp,45,0.824906,0.38492,0.35182,0.0060
block,ip,hicp,46,0.816408,0.41129,0.37313,0.0087
block,ip,hicp,47,0.773039,0.43918,0.40226,0.0233
block,ip,hicp,48,0.70196,0.48663,0.44799,0.0433
block,ip,stoxx,1,0.0118028,0.52671,0.40610,0.1387
block,ip,stoxx,2,0.048597,0.21054,0.08505,0.0180
block,ip,stoxx,3,0.0876623,0.47089,0.37493,0.0747
block,ip,stoxx,4,0.121498,0.44631,0.36809,0.0793
block,ip,stoxx,5,0.158663,0.59244,0.53932,0.1200
block,ip,stoxx,6,0.184118,0.58244,0.51640,0.1480
block,ip,stoxx,7,0.212637,0.63061,0.58703,0.1713
block,ip,stoxx,8,0.258865,0.67166,0.61354,0.1853
block,ip,stoxx,9,0.28163,0.77807,0.71415,0.2780
block,ip,stoxx,10,0.312757,0.63903,0.57478,0.1887
block,ip,stoxx,11,0.330153,0.86395,0.77656,0.3120
block,ip,stoxx,12,0.361135,0.52085,0.42820,0.1267
block,ip,stoxx,13,0.373202,0.57341,0.49274,0.1433
block,ip,stoxx,14,0.441738,0.47350,0.41428,0.0973
block,ip,stoxx,15,0.48286,0.36890,0.27890,0.0520
block,ip,stoxx,16,0.51574,0.39075,0.33276,0.0340
block,ip,stoxx,17,0.547479,0.40942,0.33416,0.0433
block,ip,stoxx,18,0.577187,0.34430,0.28668,0.0307
block,ip,stoxx,19,0.621283,0.38616,0.32719,0.0353
block,ip,stoxx,20,0.676042,0.42352,0.38859,0.0373
block,ip,stoxx,21,0.698133,0.41936,0.37895,0.0347
block,ip,stoxx,22,0.72207,0.49178,0.44510,0.0487
block,ip,stoxx,23,0.735388,0.52789,0.48460,0.0573
block,ip,stoxx,24,0.744116,0.54137,0.49396,0.0700
block,ip,stoxx,25,0.726486,0.52590,0.47884,0.0620
block,ip,stoxx,26,0.763955,0.48865,0.44036,0.0593
block,ip,stoxx,27,0.790518,0.40950,0.35928,0.0320
block,ip,stoxx,28,0.815651,0.35968,0.31523,0.0220
block,ip,stoxx,29,0.849619,0.35439,0.29762,0.0207
block,ip,stoxx,30,0.876271,0.27384,0.21202,0.0120
block,ip,stoxx,31,0.903515,0.19630,0.15520,0.0020
block,ip,stoxx,32,0.934172,0.23108,0.17862,0.0073
block,ip,stoxx,33,0.923613,0.22868,0.16108,0.0053
block,ip,stoxx,34,0.910232,0.28510,0.20713,0.0173
block,ip,stoxx,35,0.878864,0.22291,0.15961,0.0100
block,ip,stoxx,36,0.848756,0.23926,0.19360,0.0073
block,ip,stoxx,37,0.846818,0.30203,0.24953,0.0113
block,ip,stoxx,38,0.849937,0.28294,0.23658,0.0227
block,ip,stoxx,39,0.870001,0.22979,0.19702,0.0093
block,ip,stoxx,40,0.898198,0.39483,0.33196,0.0400
block,ip,stoxx,41,0.918798,0.28868,0.25546,0.0073
block,ip,stoxx,42,0.894206,0.37827,0.33102,0.0220
block,ip,stoxx,43,0.858671,0.40061,0.36000,0.0220
block,ip,stoxx,44,0.841216,0.38771,0.34024,0.0367
block,ip,stoxx,45,0.824906,0.37805,0.34436,0.0180
block,ip,stoxx,46,0.816408,0.36876,0.33041,0.0153
block,ip,stoxx,47,0.773039,0.36580,0.31305,0.0307
block,ip,stoxx,48,0.70196,0.36021,0.31254,0.0340
block,hicp,i1y,1,0.0118028,0.44349,0.25053,0.1273
block,hicp,i1y,2,0.048597,0.37307,0.26900,0.0640
block,hicp,i1y,3,0.0876623,0.42355,0.36361,0.0480
block,hicp,i1y,4,0.121498,0.58189,0.48003,0.1340
block,hicp,i1y,5,0.158663,0.64871,0.55727,0.1527
block,hicp,i1y,6,0.184118,0.64606,0.54853,0.1660
block,hicp,i1y,7,0.212637,0.79236,0.67769,0.2493
block,hicp,i1y,8,0.258865,0.78351,0.65134,0.2193
block,hicp,i1y,9,0.28163,0.97391,0.84182,0.3733
block,hicp,i1y,10,0.312757,1.11980,0.99179,0.4960
block,hicp,i1y,11,0.330153,1.42052,1.22760,0.6647
block,hicp,i1y,12,0.361135,1.53431,1.39952,0.7727
block,hicp,i1y,13,0.373202,1.96898,1.79362,0.9413
block,hicp,i1y,14,0.441738,1.90917,1.76433,0.9320
block,hicp,i1y,15,0.48286,1.91647,1.77871,0.9493
block,hicp,i1y,16,0.51574,2.08232,1.96196,0.9613
block,hicp,i1y,17,0.547479,2.08486,1.93458,0.9780
block,hicp,i1y,18,0.577187,2.36308,2.18988,0.9900
block,hicp,i1y,19,0.621283,2.52798,2.34805,0.9913
block,hicp,i1y,20,0.676042,2.76166,2.59723,0.9947
block,hicp,i1y,21,0.698133,2.73608,2.56478,0.9867
block,hicp,i1y,22,0.72207,2.66985,2.46750,0.9947
block,hicp,i1y,23,0.735388,2.61811,2.45045,0.9953
block,hicp,i1y,24,0.744116,2.65591,2.50142,0.9980
block,hicp,i1y,25,0.726486,2.71841,2.55414,0.9987
block,hicp,i1y,26,0.763955,2.58773,2.41669,1.0000
block,hicp,i1y,27,0.790518,2.39947,2.26112,0.9933
block,hicp,i1y,28,0.815651,2.37965,2.24756,0.9953
block,hicp,i1y,29,0.849619,2.36043,2.22820,0.9967
block,hicp,i1y,30,0.876271,2.45644,2.30311,0.9973
block,hicp,i1y,31,0.903515,2.31985,2.19476,0.9920
block,hicp,i1y,32,0.934172,2.21927,2.08886,0.9653
block,hicp,i1y,33,0.923613,1.87880,1.74139,0.9093
block,hicp,i1y,34,0.910232,1.46183,1.32403,0.7680
block,hicp,i1y,35,0.878864,1.32731,1.21729,0.7060
block,hicp,i1y,36,0.848756,1.30495,1.21353,0.6867
block,hicp,i1y,37,0.846818,1.44664,1.33261,0.7967
block,hicp,i1y,38,0.849937,1.62034,1.45347,0.8680
block,hicp,i1y,39,0.870001,1.91607,1.74502,0.9300
block,hicp,i1y,40,0.898198,1.72187,1.58596,0.8927
block,hicp,i1y,41,0.918798,1.62111,1.47527,0.8500
block,hicp,i1y,42,0.894206,1.62233,1.51244,0.8513
block,hicp,i1y,43,0.858671,1.57875,1.46412,0.8313
block,hicp,i1y,44,0.841216,1.52219,1.43024,0.8140
block,hicp,i1y,45,0.824906,1.72163,1.58011,0.8327
block,hicp,i1y,46,0.816408,1.75177,1.58000,0.8713
block,hicp,i1y,47,0.773039,2.00039,1.83940,0.9013
block,hicp,i1y,48,0.70196,2.18645,2.04410,0.9293
block,hicp,ip,1,0.0118028,0.75934,0.51855,0.2560
block,hicp,ip,2,0.048597,0.29169,0.20696,0.0347
block,hicp,ip,3,0.0876623,0.31784,0.18084,0.0640
block,hicp,ip,4,0.121498,0.42894,0.36227,0.0640
block,hicp,ip,5,0.158663,0.42516,0.33550,0.0647
block,hicp,ip,6,0.184118,0.42870,0.34926,0.0773
block,hicp,ip,7,0.212637,0.57177,0.51042,0.1013
block,hicp,ip,8,0.258865,0.56469,0.49567,0.1020
block,hicp,ip,9,0.28163,0.75418,0.67383,0.2287
block,hicp,ip,10,0.312757,0.95160,0.84383,0.3847
block,hicp,ip,11,0.330153,1.29017,1.20096,0.6713
block,hicp,ip,12,0.361135,1.37600,1.33805,0.7220
block,hicp,ip,13,0.373202,0.86350,0.72395,0.3273
block,hicp,ip,14,0.441738,0.97905,0.86971,0.4007
block,hicp,ip,15,0.48286,0.99771,0.89028,0.4160
block,hicp,ip,16,0.51574,1.21802,1.12606,0.6040
block,hicp,ip,17,0.547479,1.25752,1.17661,0.6593
block,hicp,ip,18,0.577187,1.45669,1.35275,0.7807
block,hicp,ip,19,0.621283,1.42137,1.33554,0.8040
block,hicp,ip,20,0.676042,1.63903,1.54985,0.9187
block,hicp,ip,21,0.698133,1.92725,1.84951,0.9793
block,hicp,ip,22,0.72207,2.17909,2.08472,0.9980
block,hicp,ip,23,0.735388,2.38379,2.29845,0.9993
block,hicp,ip,24,0.744116,2.56637,2.45547,1.0000
block,hicp,ip,25,0.726486,2.37421,2.27583,0.9987
block,hicp,ip,26,0.763955,2.45633,2.34044,1.0000
block,hicp,ip,27,0.790518,2.45179,2.33503,1.0000
block,hicp,ip,28,0.815651,2.52352,2.42941,0.9993
block,hicp,ip,29,0.849619,2.59208,2.48209,1.0000
block,hicp,ip,30,0.876271,2.60501,2.50964,1.0000
block,hicp,ip,31,0.903515,2.58015,2.46969,1.0000
block,hicp,ip,32,0.934172,2.65629,2.53507,1.0000
block,hicp,ip,33,0.923613,2.80671,2.68792,1.0000
block,hicp,ip,34,0.910232,2.93939,2.82869,1.0000
block,hicp,ip,35,0.878864,3.21095,3.09738,1.0000
block,hicp,ip,36,0.848756,3.14256,3.02442,1.0000
block,hicp,ip,37,0.846818,2.60641,2.49053,1.0000
block,hicp,ip,38,0.849937,2.35212,2.23342,0.9967
block,hicp,ip,39,0.870001,2.15841,2.06232,0.9813
block,hicp,ip,40,0.898198,2.06564,1.97161,0.9747
block,hicp,ip,41,0.918798,1.91244,1.82532,0.9620
block,hicp,ip,42,0.894206,1.94714,1.85694,0.9813
block,hicp,ip,43,0.858671,1.98943,1.88896,0.9913
block,hicp,ip,44,0.841216,2.10035,1.99815,0.9893
block,hicp,ip,45,0.824906,2.19669,2.09603,0.9907
block,hicp,ip,46,0.816408,2.23222,2.13224,0.9940
block,hicp,ip,47,0.773039,2.40511,2.32250,0.9973
block,hicp,ip,48,0.70196,2.47106,2.38160,0.9893
block,hicp,hicp,1,0.0118028,11.31037,10.85708,1.0000
block,hicp,hicp,2,0.048597,8.79812,8.46545,1.0000
block,hicp,hicp,3,0.0876623,5.35672,5.16419,1.0000
block,hicp,hicp,4,0.121498,4.60236,4.41615,1.0000
block,hicp,hicp,5,0.158663,3.05940,2.91800,1.0000
block,hicp,hicp,6,0.184118,2.42703,2.32598,0.9993
block,hicp,hicp,7,0.212637,2.83586,2.71572,0.9980
block,hicp,hicp,8,0.258865,2.30875,2.20144,0.9993
block,hicp,hicp,9,0.28163,1.90353,1.82544,0.9927
block,hicp,hicp,10,0.312757,1.82705,1.75291,0.9807
block,hicp,hicp,11,0.330153,1.73259,1.64532,0.9580
block,hicp,hicp,12,0.361135,1.53789,1.46582,0.9260
block,hicp,hicp,13,0.373202,1.54619,1.50291,0.9267
block,hicp,hicp,14,0.441738,2.17291,2.06947,0.9927
block,hicp,hicp,15,0.48286,1.99680,1.90835,0.9980
block,hicp,hicp,16,0.51574,2.06034,1.97128,0.9967
block,hicp,hicp,17,0.547479,1.95276,1.86283,0.9987
block,hicp,hicp,18,0.577187,1.94796,1.87322,0.9953
block,hicp,hicp,19,0.621283,2.16525,2.08574,0.9987
block,hicp,hicp,20,0.676042,2.03226,1.95683,0.9993
block,hicp,hicp,21,0.698133,1.92003,1.84052,0.9973
block,hicp,hicp,22,0.72207,1.94460,1.85807,0.9933
block,hicp,hicp,23,0.735388,1.90641,1.83219,0.9920
block,hicp,hicp,24,0.744116,1.63587,1.57537,0.9760
block,hicp,hicp,25,0.726486,1.68097,1.62013,0.9867
block,hicp,hicp,26,0.763955,2.25858,2.14667,0.9973
block,hicp,hicp,27,0.790518,2.06974,1.99294,0.9973
block,hicp,hicp,28,0.815651,2.15982,2.05531,1.0000
block,hicp,hicp,29,0.849619,1.97775,1.89903,0.9993
block,hicp,hicp,30,0.876271,1.87014,1.78873,0.9980
block,hicp,hicp,31,0.903515,2.09532,2.01684,1.0000
block,hicp,hicp,32,0.934172,2.02434,1.96420,0.9993
block,hicp,hicp,33,0.923613,1.93073,1.85839,0.9987
block,hicp,hicp,34,0.910232,1.95913,1.87849,0.9980
block,hicp,hicp,35,0.878864,2.02034,1.95104,0.9967
block,hicp,hicp,36,0.848756,1.54311,1.50152,0.9753
block,hicp,hicp,37,0.846818,1.62073,1.55158,0.9767
block,hicp,hicp,38,0.849937,1.72708,1.64347,0.9827
block,hicp,hicp,39,0.870001,1.63192,1.56296,0.9773
block,hicp,hicp,40,0.898198,1.58798,1.53117,0.9613
block,hicp,hicp,41,0.918798,1.58202,1.50381,0.9753
block,hicp,hicp,42,0.894206,1.55391,1.47382,0.9393
block,hicp,hicp,43,0.858671,1.61214,1.54404,0.9740
block,hicp,hicp,44,0.841216,1.62710,1.57352,0.9607
block,hicp,hicp,45,0.824906,1.69078,1.62804,0.9693
block,hicp,hicp,46,0.816408,1.72823,1.66219,0.9680
block,hicp,hicp,47,0.773039,1.92639,1.84921,0.9800
block,hicp,hicp,48,0.70196,1.43414,1.37588,0.8547
block,hicp,stoxx,1,0.0118028,0.87642,0.66024,0.3367
block,hicp,stoxx,2,0.048597,0.77265,0.67282,0.2607
block,hicp,stoxx,3,0.0876623,0.80352,0.72655,0.2807
block,hicp,stoxx,4,0.121498,0.85724,0.79896,0.3173
block,hicp,stoxx,5,0.158663,0.84620,0.78463,0.2933
block,hicp,stoxx,6,0.184118,0.87489,0.79823,0.3153
block,hicp,stoxx,7,0.212637,0.87103,0.81224,0.3260
block,hicp,stoxx,8,0.258865,0.85306,0.78329,0.2973
block,hicp,stoxx,9,0.28163,0.88101,0.80325,0.3340
block,hicp,stoxx,10,0.312757,0.95183,0.85209,0.3993
block,hicp,stoxx,11,0.330153,0.93201,0.89016,0.3933
block,hicp,stoxx,12,0.361135,0.92288,0.85010,0.3613
block,hicp,stoxx,13,0.373202,1.26000,1.17356,0.6800
block,hicp,stoxx,14,0.441738,1.22613,1.15745,0.6520
block,hicp,stoxx,15,0.48286,1.17062,1.09744,0.5947
block,hicp,stoxx,16,0.51574,1.12113,1.07013,0.5747
block,hicp,stoxx,17,0.547479,1.04944,0.99179,0.4840
block,hicp,stoxx,18,0.577187,0.97170,0.91725,0.3947
block,hicp,stoxx,19,0.621283,0.95009,0.88078,0.3620
block,hicp,stoxx,20,0.676042,0.86214,0.78545,0.2827
block,hicp,stoxx,21,0.698133,0.66895,0.62345,0.1447
block,hicp,stoxx,22,0.72207,0.43337,0.37277,0.0580
block,hicp,stoxx,23,0.735388,0.27157,0.20917,0.0180
block,hicp,stoxx,24,0.744116,0.28800,0.21826,0.0153
block,hicp,stoxx,25,0.726486,0.47368,0.41824,0.0600
block,hicp,stoxx,26,0.763955,0.47096,0.43491,0.0507
block,hicp,stoxx,27,0.790518,0.42119,0.37437,0.0447
block,hicp,stoxx,28,0.815651,0.34815,0.29256,0.0293
block,hicp,stoxx,29,0.849619,0.39323,0.31484,0.0527
block,hicp,stoxx,30,0.876271,0.35463,0.28297,0.0320
block,hicp,stoxx,31,0.903515,0.38773,0.32816,0.0340
block,hicp,stoxx,32,0.934172,0.43748,0.39420,0.0387
block,hicp,stoxx,33,0.923613,0.62849,0.59529,0.1013
block,hicp,stoxx,34,0.910232,0.74337,0.68676,0.1627
block,hicp,stoxx,35,0.878864,0.84550,0.78451,0.2733
block,hicp,stoxx,36,0.848756,0.94622,0.86294,0.3473
block,hicp,stoxx,37,0.846818,0.69677,0.63957,0.1773
block,hicp,stoxx,38,0.849937,0.59707,0.54076,0.1253
block,hicp,stoxx,39,0.870001,0.51254,0.46548,0.0687
block,hicp,stoxx,40,0.898198,0.49167,0.44541,0.0547
block,hicp,stoxx,41,0.918798,0.50724,0.47612,0.0473
block,hicp,stoxx,42,0.894206,0.62248,0.58107,0.0980
block,hicp,stoxx,43,0.858671,0.67761,0.62757,0.1160
block,hicp,stoxx,44,0.841216,0.85470,0.78665,0.2733
block,hicp,stoxx,45,0.824906,1.08193,1.01802,0.5240
block,hicp,stoxx,46,0.816408,1.33059,1.25006,0.7487
block,hicp,stoxx,47,0.773039,1.45261,1.38937,0.8480
block,hicp,stoxx,48,0.70196,1.63835,1.57816,0.9187
block,stoxx,i1y,1,0.0118028,0.31577,0.18893,0.0467
block,stoxx,i1y,2,0.048597,0.17656,0.07079,0.0133
block,stoxx,i1y,3,0.0876623,0.24153,0.11563,0.0407
block,stoxx,i1y,4,0.121498,0.42897,0.29769,0.0927
block,stoxx,i1y,5,0.158663,0.62222,0.47797,0.2073
block,stoxx,i1y,6,0.184118,0.77352,0.55905,0.2900
block,stoxx,i1y,7,0.212637,1.12742,0.94855,0.4773
block,stoxx,i1y,8,0.258865,1.72601,1.52636,0.7893
block,stoxx,i1y,9,0.28163,1.72866,1.56749,0.8013
block,stoxx,i1y,10,0.312757,1.90137,1.74677,0.8813
block,stoxx,i1y,11,0.330153,1.89801,1.76880,0.8740
block,stoxx,i1y,12,0.361135,1.96562,1.80689,0.9127
block,stoxx,i1y,13,0.373202,2.04723,1.91043,0.8920
block,stoxx,i1y,14,0.441738,2.00060,1.85495,0.9247
block,stoxx,i1y,15,0.48286,1.87352,1.70877,0.9047
block,stoxx,i1y,16,0.51574,1.92695,1.80591,0.9220
block,stoxx,i1y,17,0.547479,1.88158,1.74299,0.8867
block,stoxx,i1y,18,0.577187,1.79440,1.64997,0.8860
block,stoxx,i1y,19,0.621283,1.68314,1.55427,0.8693
block,stoxx,i1y,20,0.676042,1.53075,1.39283,0.8233
block,stoxx,i1y,21,0.698133,1.39562,1.25166,0.7173
block,stoxx,i1y,22,0.72207,1.36985,1.27173,0.7700
block,stoxx,i1y,23,0.735388,1.29287,1.18646,0.6707
block,stoxx,i1y,24,0.744116,1.31699,1.18599,0.6873
block,stoxx,i1y,25,0.726486,1.33680,1.21596,0.6847
block,stoxx,i1y,26,0.763955,1.31743,1.19481,0.6880
block,stoxx,i1y,27,0.790518,1.38854,1.24632,0.7213
block,stoxx,i1y,28,0.815651,1.37139,1.25204,0.7133
block,stoxx,i1y,29,0.849619,1.41841,1.26348,0.7127
block,stoxx,i1y,30,0.876271,1.36987,1.26244,0.7127
block,stoxx,i1y,31,0.903515,1.32423,1.19658,0.6620
block,stoxx,i1y,32,0.934172,1.09293,0.97955,0.4827
block,stoxx,i1y,33,0.923613,1.09414,0.98267,0.4833
block,stoxx,i1y,34,0.910232,1.03411,0.94295,0.4400
block,stoxx,i1y,35,0.878864,1.04707,0.93997,0.4513
block,stoxx,i1y,36,0.848756,1.07410,0.95535,0.4680
block,stoxx,i1y,37,0.846818,1.00089,0.88356,0.4040
block,stoxx,i1y,38,0.849937,0.93551,0.83843,0.3653
block,stoxx,i1y,39,0.870001,0.82198,0.73664,0.2693
block,stoxx,i1y,40,0.898198,0.82843,0.73690,0.2620
block,stoxx,i1y,41,0.918798,0.86271,0.76941,0.2920
block,stoxx,i1y,42,0.894206,0.83510,0.75094,0.2780
block,stoxx,i1y,43,0.858671,0.87688,0.77093,0.2980
block,stoxx,i1y,44,0.841216,0.89075,0.80376,0.3220
block,stoxx,i1y,45,0.824906,0.92289,0.80903,0.3427
block,stoxx,i1y,46,0.816408,0.85728,0.78133,0.2853
block,stoxx,i1y,47,0.773039,0.84053,0.75296,0.2587
block,stoxx,i1y,48,0.70196,0.92998,0.82909,0.3453
block,stoxx,ip,1,0.0118028,0.38667,0.26194,0.0747
block,stoxx,ip,2,0.048597,0.34923,0.29403,0.0293
block,stoxx,ip,3,0.0876623,0.23539,0.15737,0.0180
block,stoxx,ip,4,0.121498,0.23288,0.12963,0.0300
block,stoxx,ip,5,0.158663,0.32646,0.24144,0.0387
block,stoxx,ip,6,0.184118,0.42154,0.31258,0.0800
block,stoxx,ip,7,0.212637,0.33844,0.16146,0.0920
block,stoxx,ip,8,0.258865,0.84407,0.70621,0.3233
block,stoxx,ip,9,0.28163,0.90138,0.80874,0.3947
block,stoxx,ip,10,0.312757,1.20821,1.12853,0.6013
block,stoxx,ip,11,0.330153,1.32098,1.29264,0.6913
block,stoxx,ip,12,0.361135,1.49349,1.39634,0.7580
block,stoxx,ip,13,0.373202,1.51250,1.47617,0.7473
block,stoxx,ip,14,0.441738,1.57055,1.46739,0.8333
block,stoxx,ip,15,0.48286,1.60763,1.53240,0.8600
block,stoxx,ip,16,0.51574,1.80585,1.71600,0.9407
block,stoxx,ip,17,0.547479,1.87777,1.79059,0.9340
block,stoxx,ip,18,0.577187,1.98158,1.88410,0.9647
block,stoxx,ip,19,0.621283,2.00029,1.92899,0.9793
block,stoxx,ip,20,0.676042,1.84586,1.78083,0.9747
block,stoxx,ip,21,0.698133,1.74580,1.67192,0.9567
block,stoxx,ip,22,0.72207,1.63320,1.56368,0.9513
block,stoxx,ip,23,0.735388,1.62909,1.56360,0.9400
block,stoxx,ip,24,0.744116,1.53594,1.48697,0.9207
block,stoxx,ip,25,0.726486,1.56326,1.50380,0.9267
block,stoxx,ip,26,0.763955,1.52957,1.44561,0.9013
block,stoxx,ip,27,0.790518,1.48677,1.40892,0.8673
block,stoxx,ip,28,0.815651,1.35693,1.29984,0.8000
block,stoxx,ip,29,0.849619,1.27669,1.19989,0.7307
block,stoxx,ip,30,0.876271,1.24781,1.19612,0.7133
block,stoxx,ip,31,0.903515,1.20247,1.13892,0.6653
block,stoxx,ip,32,0.934172,1.19087,1.12337,0.6487
block,stoxx,ip,33,0.923613,1.18709,1.11959,0.6567
block,stoxx,ip,34,0.910232,1.16155,1.09571,0.6200
block,stoxx,ip,35,0.878864,1.19526,1.14913,0.6627
block,stoxx,ip,36,0.848756,1.20599,1.15630,0.6600
block,stoxx,ip,37,0.846818,1.20823,1.13843,0.6467
block,stoxx,ip,38,0.849937,1.15215,1.07114,0.5860
block,stoxx,ip,39,0.870001,1.07008,1.00906,0.5073
block,stoxx,ip,40,0.898198,0.96119,0.89169,0.4013
block,stoxx,ip,41,0.918798,0.74958,0.68895,0.2153
block,stoxx,ip,42,0.894206,0.62746,0.55684,0.1393
block,stoxx,ip,43,0.858671,0.49543,0.43505,0.0700
block,stoxx,ip,44,0.841216,0.46098,0.39727,0.0707
block,stoxx,ip,45,0.824906,0.38964,0.33033,0.0380
block,stoxx,ip,46,0.816408,0.40093,0.31273,0.0640
block,stoxx,ip,47,0.773039,0.40023,0.34219,0.0393
block,stoxx,ip,48,0.70196,0.41357,0.34152,0.0660
block,stoxx,hicp,1,0.0118028,0.50807,0.36373,0.1480
block,stoxx,hicp,2,0.048597,0.28502,0.22316,0.0207
block,stoxx,hicp,3,0.0876623,0.24080,0.18214,0.0060
block,stoxx,hicp,4,0.121498,0.25349,0.17637,0.0193
block,stoxx,hicp,5,0.158663,0.24690,0.18912,0.0100
block,stoxx,hicp,6,0.184118,0.27437,0.20348,0.0113
block,stoxx,hicp,7,0.212637,0.42039,0.33572,0.0600
block,stoxx,hicp,8,0.258865,0.31095,0.21571,0.0347
block,stoxx,hicp,9,0.28163,0.34502,0.27169,0.0313
block,stoxx,hicp,10,0.312757,0.36233,0.30545,0.0320
block,stoxx,hicp,11,0.330153,0.31952,0.27569,0.0127
block,stoxx,hicp,12,0.361135,0.26635,0.21037,0.0120
block,stoxx,hicp,13,0.373202,0.28249,0.23113,0.0100
block,stoxx,hicp,14,0.441738,0.31011,0.26462,0.0153
block,stoxx,hicp,15,0.48286,0.24568,0.20075,0.0060
block,stoxx,hicp,16,0.51574,0.23616,0.19975,0.0020
block,stoxx,hicp,17,0.547479,0.28599,0.25196,0.0060
block,stoxx,hicp,18,0.577187,0.28647,0.26447,0.0027
block,stoxx,hicp,19,0.621283,0.40571,0.37392,0.0140
block,stoxx,hicp,20,0.676042,0.42358,0.39417,0.0193
block,stoxx,hicp,21,0.698133,0.48117,0.44724,0.0167
block,stoxx,hicp,22,0.72207,0.48401,0.45413,0.0200
block,stoxx,hicp,23,0.735388,0.46724,0.43770,0.0167
block,stoxx,hicp,24,0.744116,0.46377,0.43008,0.0180
block,stoxx,hicp,25,0.726486,0.44794,0.39796,0.0253
block,stoxx,hicp,26,0.763955,0.40614,0.37121,0.0087
block,stoxx,hicp,27,0.790518,0.39777,0.35068,0.0140
block,stoxx,hicp,28,0.815651,0.37443,0.33600,0.0080
block,stoxx,hicp,29,0.849619,0.37140,0.33785,0.0093
block,stoxx,hicp,30,0.876271,0.32153,0.28978,0.0053
block,stoxx,hicp,31,0.903515,0.29595,0.26479,0.0047
block,stoxx,hicp,32,0.934172,0.21791,0.18550,0.0013
block,stoxx,hicp,33,0.923613,0.18410,0.14816,0.0013
block,stoxx,hicp,34,0.910232,0.20812,0.16688,0.0033
block,stoxx,hicp,35,0.878864,0.19303,0.15533,0.0013
block,stoxx,hicp,36,0.848756,0.20691,0.15671,0.0007
block,stoxx,hicp,37,0.846818,0.14965,0.11414,0.0000
block,stoxx,hicp,38,0.849937,0.18767,0.13529,0.0000
block,stoxx,hicp,39,0.870001,0.14557,0.09280,0.0007
block,stoxx,hicp,40,0.898198,0.16945,0.14018,0.0000
block,stoxx,hicp,41,0.918798,0.14015,0.09579,0.0000
block,stoxx,hicp,42,0.894206,0.15609,0.11134,0.0007
block,stoxx,hicp,43,0.858671,0.13325,0.10365,0.0000
block,stoxx,hicp,44,0.841216,0.15502,0.10719,0.0000
block,stoxx,hicp,45,0.824906,0.16257,0.12319,0.0013
block,stoxx,hicp,46,0.816408,0.17029,0.13837,0.0007
block,stoxx,hicp,47,0.773039,0.17090,0.14003,0.0007
block,stoxx,hicp,48,0.70196,0.22299,0.18493,0.0000
block,stoxx,stoxx,1,0.0118028,0.62875,0.47319,0.1640
block,stoxx,stoxx,2,0.048597,0.41894,0.29462,0.0780
block,stoxx,stoxx,3,0.0876623,0.19317,0.12007,0.0153
block,stoxx,stoxx,4,0.121498,0.32509,0.24872,0.0267
block,stoxx,stoxx,5,0.158663,0.32264,0.23936,0.0340
block,stoxx,stoxx,6,0.184118,0.31683,0.23632,0.0353
block,stoxx,stoxx,7,0.212637,0.36693,0.29883,0.0440
block,stoxx,stoxx,8,0.258865,0.31751,0.26471,0.0193
block,stoxx,stoxx,9,0.28163,0.33903,0.25816,0.0253
block,stoxx,stoxx,10,0.312757,0.35687,0.29820,0.0220
block,stoxx,stoxx,11,0.330153,0.24583,0.17647,0.0167
block,stoxx,stoxx,12,0.361135,0.42058,0.35595,0.0547
block,stoxx,stoxx,13,0.373202,0.41219,0.34257,0.0480
block,stoxx,stoxx,14,0.441738,0.34232,0.25829,0.0380
block,stoxx,stoxx,15,0.48286,0.36851,0.29364,0.0380
block,stoxx,stoxx,16,0.51574,0.23758,0.15259,0.0140
block,stoxx,stoxx,17,0.547479,0.33698,0.27568,0.0353
block,stoxx,stoxx,18,0.577187,0.31707,0.24079,0.0300
block,stoxx,stoxx,19,0.621283,0.29237,0.22727,0.0247
block,stoxx,stoxx,20,0.676042,0.32356,0.28319,0.0067
block,stoxx,stoxx,21,0.698133,0.27887,0.21419,0.0187
block,stoxx,stoxx,22,0.72207,0.33910,0.27337,0.0240
block,stoxx,stoxx,23,0.735388,0.35831,0.27635,0.0320
block,stoxx,stoxx,24,0.744116,0.27273,0.18695,0.0220
block,stoxx,stoxx,25,0.726486,0.56373,0.50667,0.1053
block,stoxx,stoxx,26,0.763955,0.64338,0.59609,0.1233
block,stoxx,stoxx,27,0.790518,0.67002,0.63330,0.1420
block,stoxx,stoxx,28,0.815651,0.70982,0.65645,0.1533
block,stoxx,stoxx,29,0.849619,0.68888,0.63223,0.1120
block,stoxx,stoxx,30,0.876271,0.75390,0.71072,0.1780
block,stoxx,stoxx,31,0.903515,0.75045,0.68589,0.1720
block,stoxx,stoxx,32,0.934172,0.75838,0.69462,0.1720
block,stoxx,stoxx,33,0.923613,0.76883,0.71545,0.1833
block,stoxx,stoxx,34,0.910232,0.69337,0.64625,0.1153
block,stoxx,stoxx,35,0.878864,0.73240,0.68819,0.1513
block,stoxx,stoxx,36,0.848756,0.78556,0.73218,0.1947
block,stoxx,stoxx,37,0.846818,0.79679,0.74067,0.2040
block,stoxx,stoxx,38,0.849937,0.79537,0.74572,0.1940
block,stoxx,stoxx,39,0.870001,0.76332,0.70523,0.1760
block,stoxx,stoxx,40,0.898198,0.77204,0.72279,0.1773
block,stoxx,stoxx,41,0.918798,0.72872,0.68961,0.1460
block,stoxx,stoxx,42,0.894206,0.72470,0.67290,0.1600
block,stoxx,stoxx,43,0.858671,0.70295,0.66151,0.1367
block,stoxx,stoxx,44,0.841216,0.71882,0.66118,0.1587
block,stoxx,stoxx,45,0.824906,0.71527,0.67680,0.1460
block,stoxx,stoxx,46,0.816408,0.70832,0.65793,0.1520
block,stoxx,stoxx,47,0.773039,0.70881,0.66753,0.1613
block,stoxx,stoxx,48,0.70196,0.76327,0.70759,0.2127
pooled,i1y,i1y,1,0.0118028,0.58138,0.53935,0.0660
pooled,i1y,i1y,2,0.048597,0.58099,0.52752,0.0507
pooled,i1y,i1y,3,0.0876623,0.61053,0.57468,0.0687
pooled,i1y,i1y,4,0.121498,0.66942,0.63468,0.1140
pooled,i1y,i1y,5,0.158663,0.74007,0.69288,0.1640
pooled,i1y,i1y,6,0.184118,0.82054,0.78317,0.2340
pooled,i1y,i1y,7,0.212637,0.89653,0.86641,0.3173
pooled,i1y,i1y,8,0.258865,0.99065,0.97355,0.4687
pooled,i1y,i1y,9,0.28163,1.07601,1.07382,0.5913
pooled,i1y,i1y,10,0.312757,1.13940,1.11602,0.6553
pooled,i1y,i1y,11,0.330153,1.18131,1.13277,0.6880
pooled,i1y,i1y,12,0.361135,1.17960,1.14125,0.7107
pooled,i1y,i1y,13,0.373202,1.15933,1.11513,0.6720
pooled,i1y,i1y,14,0.441738,1.14122,1.09430,0.6573
pooled,i1y,i1y,15,0.48286,1.13024,1.09592,0.6793
pooled,i1y,i1y,16,0.51574,1.11491,1.09233,0.6480
pooled,i1y,i1y,17,0.547479,1.07769,1.05200,0.5907
pooled,i1y,i1y,18,0.577187,1.05025,1.02794,0.5467
pooled,i1y,i1y,19,0.621283,1.02947,1.01028,0.5173
pooled,i1y,i1y,20,0.676042,1.00529,0.99231,0.4893
pooled,i1y,i1y,21,0.698133,1.00348,0.99147,0.4827
pooled,i1y,i1y,22,0.72207,1.01455,0.99657,0.4933
pooled,i1y,i1y,23,0.735388,1.02436,1.02334,0.5327
pooled,i1y,i1y,24,0.744116,1.03684,1.02510,0.5380
pooled,i1y,i1y,25,0.726486,1.03139,0.99793,0.4973
pooled,i1y,i1y,26,0.763955,1.00783,0.98862,0.4720
pooled,i1y,i1y,27,0.790518,0.97543,0.95741,0.4180
pooled,i1y,i1y,28,0.815651,0.93656,0.92050,0.3493
pooled,i1y,i1y,29,0.849619,0.89287,0.88805,0.2587
pooled,i1y,i1y,30,0.876271,0.86241,0.85258,0.2047
pooled,i1y,i1y,31,0.903515,0.83828,0.82529,0.1613
pooled,i1y,i1y,32,0.934172,0.81439,0.78714,0.1373
pooled,i1y,i1y,33,0.923613,0.81090,0.79652,0.1407
pooled,i1y,i1y,34,0.910232,0.81136,0.80234,0.1233
pooled,i1y,i1y,35,0.878864,0.82238,0.80556,0.1473
pooled,i1y,i1y,36,0.848756,0.83817,0.82202,0.1613
pooled,i1y,i1y,37,0.846818,0.86136,0.85343,0.2000
pooled,i1y,i1y,38,0.849937,0.87445,0.86357,0.2327
pooled,i1y,i1y,39,0.870001,0.88075,0.87650,0.2440
pooled,i1y,i1y,40,0.898198,0.90102,0.88659,0.2820
pooled,i1y,i1y,41,0.918798,0.91304,0.89337,0.2940
pooled,i1y,i1y,42,0.894206,0.92496,0.89775,0.3173
pooled,i1y,i1y,43,0.858671,0.92972,0.91029,0.3267
pooled,i1y,i1y,44,0.841216,0.95524,0.93179,0.3700
pooled,i1y,i1y,45,0.824906,0.98186,0.94748,0.4120
pooled,i1y,i1y,46,0.816408,1.03481,1.00850,0.5107
pooled,i1y,i1y,47,0.773039,1.07813,1.03350,0.5393
pooled,i1y,i1y,48,0.70196,1.11278,1.05060,0.5627
pooled,i1y,ip,1,0.0118028,0.45555,0.44181,0.0047
pooled,i1y,ip,2,0.048597,0.44894,0.43755,0.0007
pooled,i1y,ip,3,0.0876623,0.44936,0.44440,0.0007
pooled,i1y,ip,4,0.121498,0.45470,0.44601,0.0000
pooled,i1y,ip,5,0.158663,0.47214,0.45911,0.0000
pooled,i1y,ip,6,0.184118,0.50072,0.48159,0.0000
pooled,i1y,ip,7,0.212637,0.53055,0.51667,0.0013
pooled,i1y,ip,8,0.258865,0.57495,0.56354,0.0013
pooled,i1y,ip,9,0.28163,0.62711,0.61847,0.0080
pooled,i1y,ip,10,0.312757,0.67405,0.66798,0.0200
pooled,i1y,ip,11,0.330153,0.71700,0.70566,0.0460
pooled,i1y,ip,12,0.361135,0.75044,0.74196,0.0813
pooled,i1y,ip,13,0.373202,0.78209,0.76383,0.1280
pooled,i1y,ip,14,0.441738,0.81316,0.79589,0.1587
pooled,i1y,ip,15,0.48286,0.85017,0.83479,0.2100
pooled,i1y,ip,16,0.51574,0.89541,0.88179,0.2827
pooled,i1y,ip,17,0.547479,0.93766,0.91815,0.3573
pooled,i1y,ip,18,0.577187,0.99186,0.97927,0.4633
pooled,i1y,ip,19,0.621283,1.05164,1.03299,0.5713
pooled,i1y,ip,20,0.676042,1.09762,1.08225,0.6640
pooled,i1y,ip,21,0.698133,1.16272,1.14343,0.7693
pooled,i1y,ip,22,0.72207,1.23077,1.20327,0.8660
pooled,i1y,ip,23,0.735388,1.31182,1.29177,0.9267
pooled,i1y,ip,24,0.744116,1.37974,1.35524,0.9640
pooled,i1y,ip,25,0.726486,1.43036,1.40410,0.9813
pooled,i1y,ip,26,0.763955,1.46990,1.44557,0.9860
pooled,i1y,ip,27,0.790518,1.48634,1.47645,0.9873
pooled,i1y,ip,28,0.815651,1.49437,1.47918,0.9907
pooled,i1y,ip,29,0.849619,1.47553,1.44994,0.9980
pooled,i1y,ip,30,0.876271,1.44715,1.41933,0.9900
pooled,i1y,ip,31,0.903515,1.39881,1.37636,0.9820
pooled,i1y,ip,32,0.934172,1.35229,1.33642,0.9727
pooled,i1y,ip,33,0.923613,1.30507,1.28371,0.9540
pooled,i1y,ip,34,0.910232,1.25760,1.24208,0.9147
pooled,i1y,ip,35,0.878864,1.20826,1.20161,0.8700
pooled,i1y,ip,36,0.848756,1.17202,1.16359,0.8340
pooled,i1y,ip,37,0.846818,1.14319,1.12936,0.7880
pooled,i1y,ip,38,0.849937,1.11773,1.10206,0.7220
pooled,i1y,ip,39,0.870001,1.08535,1.07221,0.6620
pooled,i1y,ip,40,0.898198,1.05318,1.04117,0.6040
pooled,i1y,ip,41,0.918798,1.02022,1.01171,0.5327
pooled,i1y,ip,42,0.894206,0.99406,0.98550,0.4660
pooled,i1y,ip,43,0.858671,0.99099,0.98270,0.4593
pooled,i1y,ip,44,0.841216,0.98290,0.97132,0.4227
pooled,i1y,ip,45,0.824906,0.99557,0.98862,0.4740
pooled,i1y,ip,46,0.816408,0.99544,0.98150,0.4560
pooled,i1y,ip,47,0.773039,1.00704,0.98838,0.4673
pooled,i1y,ip,48,0.70196,1.02280,0.99783,0.4967
pooled,i1y,hicp,1,0.0118028,0.23720,0.22657,0.0000
pooled,i1y,hicp,2,0.048597,0.23228,0.22587,0.0000
pooled,i1y,hicp,3,0.0876623,0.23130,0.22664,0.0000
pooled,i1y,hicp,4,0.121498,0.23250,0.22639,0.0000
pooled,i1y,hicp,5,0.158663,0.24194,0.23363,0.0000
pooled,i1y,hicp,6,0.184118,0.25458,0.24736,0.0000
pooled,i1y,hicp,7,0.212637,0.27242,0.26592,0.0000
pooled,i1y,hicp,8,0.258865,0.28713,0.28265,0.0000
pooled,i1y,hicp,9,0.28163,0.30351,0.29744,0.0000
pooled,i1y,hicp,10,0.312757,0.32043,0.31305,0.0000
pooled,i1y,hicp,11,0.330153,0.33601,0.32749,0.0000
pooled,i1y,hicp,12,0.361135,0.35074,0.34155,0.0000
pooled,i1y,hicp,13,0.373202,0.36075,0.35175,0.0000
pooled,i1y,hicp,14,0.441738,0.36259,0.35600,0.0000
pooled,i1y,hicp,15,0.48286,0.35415,0.34593,0.0000
pooled,i1y,hicp,16,0.51574,0.34271,0.33864,0.0000
pooled,i1y,hicp,17,0.547479,0.33438,0.32373,0.0000
pooled,i1y,hicp,18,0.577187,0.31806,0.31114,0.0000
pooled,i1y,hicp,19,0.621283,0.30318,0.29913,0.0000
pooled,i1y,hicp,20,0.676042,0.28864,0.28394,0.0000
pooled,i1y,hicp,21,0.698133,0.28109,0.27404,0.0000
pooled,i1y,hicp,22,0.72207,0.27128,0.26548,0.0000
pooled,i1y,hicp,23,0.735388,0.26635,0.26077,0.0000
pooled,i1y,hicp,24,0.744116,0.26003,0.25405,0.0000
pooled,i1y,hicp,25,0.726486,0.25426,0.24855,0.0000
pooled,i1y,hicp,26,0.763955,0.25150,0.24421,0.0000
pooled,i1y,hicp,27,0.790518,0.24827,0.24158,0.0000
pooled,i1y,hicp,28,0.815651,0.24531,0.23826,0.0000
pooled,i1y,hicp,29,0.849619,0.24350,0.23713,0.0000
pooled,i1y,hicp,30,0.876271,0.24451,0.23618,0.0000
pooled,i1y,hicp,31,0.903515,0.24813,0.23950,0.0000
pooled,i1y,hicp,32,0.934172,0.24855,0.24026,0.0000
pooled,i1y,hicp,33,0.923613,0.25072,0.24253,0.0000
pooled,i1y,hicp,34,0.910232,0.25002,0.24294,0.0000
pooled,i1y,hicp,35,0.878864,0.24794,0.24103,0.0000
pooled,i1y,hicp,36,0.848756,0.24723,0.23978,0.0000
pooled,i1y,hicp,37,0.846818,0.24334,0.23817,0.0000
pooled,i1y,hicp,38,0.849937,0.23930,0.23443,0.0000
pooled,i1y,hicp,39,0.870001,0.23431,0.22899,0.0000
pooled,i1y,hicp,40,0.898198,0.23016,0.22487,0.0000
pooled,i1y,hicp,41,0.918798,0.22561,0.22193,0.0000
pooled,i1y,hicp,42,0.894206,0.22275,0.21982,0.0000
pooled,i1y,hicp,43,0.858671,0.22123,0.21638,0.0000
pooled,i1y,hicp,44,0.841216,0.22169,0.21612,0.0000
pooled,i1y,hicp,45,0.824906,0.21900,0.21110,0.0000
pooled,i1y,hicp,46,0.816408,0.21605,0.20749,0.0000
pooled,i1y,hicp,47,0.773039,0.21628,0.20629,0.0000
pooled,i1y,hicp,48,0.70196,0.21697,0.20683,0.0000
pooled,i1y,stoxx,1,0.0118028,0.66463,0.62279,0.0907
pooled,i1y,stoxx,2,0.048597,0.65846,0.61954,0.0780
pooled,i1y,stoxx,3,0.0876623,0.66236,0.62438,0.0713
pooled,i1y,stoxx,4,0.121498,0.66065,0.63085,0.0480
pooled,i1y,stoxx,5,0.158663,0.66345,0.63383,0.0553
pooled,i1y,stoxx,6,0.184118,0.65646,0.63804,0.0427
pooled,i1y,stoxx,7,0.212637,0.65216,0.63797,0.0227
pooled,i1y,stoxx,8,0.258865,0.65222,0.63999,0.0213
pooled,i1y,stoxx,9,0.28163,0.65623,0.64691,0.0167
pooled,i1y,stoxx,10,0.312757,0.66288,0.64840,0.0187
pooled,i1y,stoxx,11,0.330153,0.66319,0.64558,0.0193
pooled,i1y,stoxx,12,0.361135,0.66669,0.65252,0.0247
pooled,i1y,stoxx,13,0.373202,0.65860,0.64364,0.0247
pooled,i1y,stoxx,14,0.441738,0.64802,0.62602,0.0227
pooled,i1y,stoxx,15,0.48286,0.63146,0.61694,0.0113
pooled,i1y,stoxx,16,0.51574,0.61725,0.60082,0.0060
pooled,i1y,stoxx,17,0.547479,0.60258,0.59001,0.0033
pooled,i1y,stoxx,18,0.577187,0.58357,0.57289,0.0027
pooled,i1y,stoxx,19,0.621283,0.56774,0.56176,0.0007
pooled,i1y,stoxx,20,0.676042,0.54435,0.53643,0.0000
pooled,i1y,stoxx,21,0.698133,0.53194,0.52123,0.0000
pooled,i1y,stoxx,22,0.72207,0.52328,0.50957,0.0000
pooled,i1y,stoxx,23,0.735388,0.52352,0.51258,0.0000
pooled,i1y,stoxx,24,0.744116,0.52708,0.51638,0.0000
pooled,i1y,stoxx,25,0.726486,0.53396,0.52033,0.0000
pooled,i1y,stoxx,26,0.763955,0.54687,0.53485,0.0033
pooled,i1y,stoxx,27,0.790518,0.55283,0.54268,0.0027
pooled,i1y,stoxx,28,0.815651,0.55785,0.54886,0.0020
pooled,i1y,stoxx,29,0.849619,0.55709,0.54268,0.0013
pooled,i1y,stoxx,30,0.876271,0.55048,0.53794,0.0007
pooled,i1y,stoxx,31,0.903515,0.53921,0.53018,0.0000
pooled,i1y,stoxx,32,0.934172,0.54031,0.52723,0.0007
pooled,i1y,stoxx,33,0.923613,0.54962,0.53723,0.0007
pooled,i1y,stoxx,34,0.910232,0.55647,0.54279,0.0000
pooled,i1y,stoxx,35,0.878864,0.56765,0.55835,0.0020
pooled,i1y,stoxx,36,0.848756,0.57599,0.56544,0.0000
pooled,i1y,stoxx,37,0.846818,0.58203,0.57606,0.0007
pooled,i1y,stoxx,38,0.849937,0.58244,0.57487,0.0013
pooled,i1y,stoxx,39,0.870001,0.57230,0.56368,0.0040
pooled,i1y,stoxx,40,0.898198,0.56399,0.55620,0.0000
pooled,i1y,stoxx,41,0.918798,0.55572,0.54751,0.0000
pooled,i1y,stoxx,42,0.894206,0.54864,0.54073,0.0000
pooled,i1y,stoxx,43,0.858671,0.54534,0.53886,0.0020
pooled,i1y,stoxx,44,0.841216,0.54208,0.53651,0.0000
pooled,i1y,stoxx,45,0.824906,0.54398,0.53722,0.0000
pooled,i1y,stoxx,46,0.816408,0.55115,0.53972,0.0033
pooled,i1y,stoxx,47,0.773039,0.55907,0.54740,0.0040
pooled,i1y,stoxx,48,0.70196,0.56574,0.54973,0.0120
pooled,ip,i1y,1,0.0118028,0.97993,0.93096,0.4287
pooled,ip,i1y,2,0.048597,1.04547,0.99289,0.4947
pooled,ip,i1y,3,0.0876623,1.17244,1.13418,0.6427
pooled,ip,i1y,4,0.121498,1.35714,1.31737,0.8367
pooled,ip,i1y,5,0.158663,1.56462,1.55040,0.9487
pooled,ip,i1y,6,0.184118,1.77072,1.74914,0.9893
pooled,ip,i1y,7,0.212637,1.93296,1.89969,0.9973
pooled,ip,i1y,8,0.258865,2.10556,2.04844,0.9993
pooled,ip,i1y,9,0.28163,2.26604,2.22376,1.0000
pooled,ip,i1y,10,0.312757,2.37498,2.32040,1.0000
pooled,ip,i1y,11,0.330153,2.47708,2.43593,1.0000
pooled,ip,i1y,12,0.361135,2.55892,2.49244,1.0000
pooled,ip,i1y,13,0.373202,2.56638,2.51002,1.0000
pooled,ip,i1y,14,0.441738,2.54120,2.51929,1.0000
pooled,ip,i1y,15,0.48286,2.46019,2.41813,1.0000
pooled,ip,i1y,16,0.51574,2.36853,2.31834,1.0000
pooled,ip,i1y,17,0.547479,2.26258,2.20920,1.0000
pooled,ip,i1y,18,0.577187,2.13951,2.10165,1.0000
pooled,ip,i1y,19,0.621283,2.00815,1.97018,1.0000
pooled,ip,i1y,20,0.676042,1.88425,1.83650,0.9987
pooled,ip,i1y,21,0.698133,1.75949,1.71379,0.9960
pooled,ip,i1y,22,0.72207,1.64723,1.61213,0.9867
pooled,ip,i1y,23,0.735388,1.53596,1.50577,0.9820
pooled,ip,i1y,24,0.744116,1.44654,1.40858,0.9513
pooled,ip,i1y,25,0.726486,1.38504,1.34700,0.9333
pooled,ip,i1y,26,0.763955,1.32101,1.28816,0.8847
pooled,ip,i1y,27,0.790518,1.26734,1.25261,0.8487
pooled,ip,i1y,28,0.815651,1.23456,1.20819,0.8133
pooled,ip,i1y,29,0.849619,1.23721,1.22363,0.8247
pooled,ip,i1y,30,0.876271,1.23648,1.21223,0.8387
pooled,ip,i1y,31,0.903515,1.24897,1.23100,0.8407
pooled,ip,i1y,32,0.934172,1.25509,1.23418,0.8360
pooled,ip,i1y,33,0.923613,1.24842,1.21658,0.8307
pooled,ip,i1y,34,0.910232,1.20507,1.17564,0.7620
pooled,ip,i1y,35,0.878864,1.11318,1.08992,0.6607
pooled,ip,i1y,36,0.848756,1.03207,1.00544,0.5107
pooled,ip,i1y,37,0.846818,0.91776,0.89092,0.2953
pooled,ip,i1y,38,0.849937,0.82359,0.80575,0.1580
pooled,ip,i1y,39,0.870001,0.72547,0.71033,0.0627
pooled,ip,i1y,40,0.898198,0.63752,0.62499,0.0173
pooled,ip,i1y,41,0.918798,0.57470,0.55943,0.0053
pooled,ip,i1y,42,0.894206,0.52762,0.50979,0.0040
pooled,ip,i1y,43,0.858671,0.49180,0.47261,0.0020
pooled,ip,i1y,44,0.841216,0.47299,0.45440,0.0020
pooled,ip,i1y,45,0.824906,0.45801,0.44185,0.0013
pooled,ip,i1y,46,0.816408,0.44857,0.43648,0.0007
pooled,ip,i1y,47,0.773039,0.44502,0.42212,0.0047
pooled,ip,i1y,48,0.70196,0.44855,0.42442,0.0067
pooled,ip,ip,1,0.0118028,0.70027,0.66917,0.1087
pooled,ip,ip,2,0.048597,0.69632,0.67314,0.0947
pooled,ip,ip,3,0.0876623,0.72486,0.70098,0.1147
pooled,ip,ip,4,0.121498,0.78484,0.77316,0.1560
pooled,ip,ip,5,0.158663,0.87938,0.84999,0.2827
pooled,ip,ip,6,0.184118,0.99215,0.97250,0.4527
pooled,ip,ip,7,0.212637,1.12455,1.10953,0.6720
pooled,ip,ip,8,0.258865,1.28267,1.26520,0.8653
pooled,ip,ip,9,0.28163,1.46048,1.44288,0.9653
pooled,ip,ip,10,0.312757,1.62901,1.60106,0.9973
pooled,ip,ip,11,0.330153,1.75574,1.72502,0.9967
pooled,ip,ip,12,0.361135,1.84943,1.81847,1.0000
pooled,ip,ip,13,0.373202,1.90433,1.87084,0.9993
pooled,ip,ip,14,0.441738,1.93544,1.90906,1.0000
pooled,ip,ip,15,0.48286,1.94066,1.90292,1.0000
pooled,ip,ip,16,0.51574,1.93760,1.90443,1.0000
pooled,ip,ip,17,0.547479,1.92231,1.89198,1.0000
pooled,ip,ip,18,0.577187,1.89412,1.86909,1.0000
pooled,ip,ip,19,0.621283,1.85186,1.82372,1.0000
pooled,ip,ip,20,0.676042,1.80589,1.76588,0.9993
pooled,ip,ip,21,0.698133,1.77389,1.75171,0.9993
pooled,ip,ip,22,0.72207,1.74440,1.72380,0.9993
pooled,ip,ip,23,0.735388,1.70600,1.68546,0.9987
pooled,ip,ip,24,0.744116,1.64018,1.61408,0.9947
pooled,ip,ip,25,0.726486,1.53911,1.51055,0.9867
pooled,ip,ip,26,0.763955,1.41977,1.39353,0.9633
pooled,ip,ip,27,0.790518,1.29915,1.27989,0.9073
pooled,ip,ip,28,0.815651,1.18939,1.17446,0.7940
pooled,ip,ip,29,0.849619,1.09091,1.08574,0.6580
pooled,ip,ip,30,0.876271,1.00290,0.98363,0.4640
pooled,ip,ip,31,0.903515,0.93530,0.91802,0.3173
pooled,ip,ip,32,0.934172,0.88317,0.86750,0.2067
pooled,ip,ip,33,0.923613,0.84591,0.83302,0.1373
pooled,ip,ip,34,0.910232,0.82545,0.81311,0.1053
pooled,ip,ip,35,0.878864,0.79591,0.79090,0.0740
pooled,ip,ip,36,0.848756,0.77204,0.76203,0.0500
pooled,ip,ip,37,0.846818,0.73436,0.72391,0.0293
pooled,ip,ip,38,0.849937,0.70755,0.69121,0.0320
pooled,ip,ip,39,0.870001,0.67378,0.66332,0.0193
pooled,ip,ip,40,0.898198,0.64172,0.63194,0.0060
pooled,ip,ip,41,0.918798,0.61558,0.60607,0.0027
pooled,ip,ip,42,0.894206,0.59498,0.58238,0.0013
pooled,ip,ip,43,0.858671,0.58842,0.57663,0.0053
pooled,ip,ip,44,0.841216,0.58618,0.57279,0.0100
pooled,ip,ip,45,0.824906,0.58233,0.56892,0.0080
pooled,ip,ip,46,0.816408,0.58441,0.56534,0.0120
pooled,ip,ip,47,0.773039,0.58995,0.57545,0.0153
pooled,ip,ip,48,0.70196,0.59676,0.57994,0.0313
pooled,ip,hicp,1,0.0118028,0.66373,0.63656,0.0640
pooled,ip,hicp,2,0.048597,0.63045,0.60974,0.0260
pooled,ip,hicp,3,0.0876623,0.60648,0.59351,0.0113
pooled,ip,hicp,4,0.121498,0.59878,0.58995,0.0040
pooled,ip,hicp,5,0.158663,0.60530,0.58826,0.0053
pooled,ip,hicp,6,0.184118,0.62078,0.60719,0.0120
pooled,ip,hicp,7,0.212637,0.63376,0.61873,0.0133
pooled,ip,hicp,8,0.258865,0.63229,0.62257,0.0053
pooled,ip,hicp,9,0.28163,0.63785,0.62351,0.0073
pooled,ip,hicp,10,0.312757,0.64574,0.63267,0.0107
pooled,ip,hicp,11,0.330153,0.64563,0.63317,0.0067
pooled,ip,hicp,12,0.361135,0.65297,0.63736,0.0187
pooled,ip,hicp,13,0.373202,0.65713,0.63461,0.0200
pooled,ip,hicp,14,0.441738,0.61575,0.59821,0.0087
pooled,ip,hicp,15,0.48286,0.57505,0.56008,0.0040
pooled,ip,hicp,16,0.51574,0.51415,0.50139,0.0013
pooled,ip,hicp,17,0.547479,0.45370,0.44278,0.0007
pooled,ip,hicp,18,0.577187,0.38777,0.38276,0.0000
pooled,ip,hicp,19,0.621283,0.33487,0.32678,0.0000
pooled,ip,hicp,20,0.676042,0.28835,0.28573,0.0000
pooled,ip,hicp,21,0.698133,0.24784,0.24364,0.0000
pooled,ip,hicp,22,0.72207,0.21692,0.21401,0.0000
pooled,ip,hicp,23,0.735388,0.19350,0.19070,0.0000
pooled,ip,hicp,24,0.744116,0.17430,0.17349,0.0000
pooled,ip,hicp,25,0.726486,0.15664,0.15492,0.0000
pooled,ip,hicp,26,0.763955,0.14356,0.14144,0.0000
pooled,ip,hicp,27,0.790518,0.13474,0.13085,0.0000
pooled,ip,hicp,28,0.815651,0.12774,0.12473,0.0000
pooled,ip,hicp,29,0.849619,0.12487,0.12273,0.0000
pooled,ip,hicp,30,0.876271,0.12585,0.12524,0.0000
pooled,ip,hicp,31,0.903515,0.12695,0.12442,0.0000
pooled,ip,hicp,32,0.934172,0.13120,0.13035,0.0000
pooled,ip,hicp,33,0.923613,0.13700,0.13546,0.0000
pooled,ip,hicp,34,0.910232,0.14238,0.13956,0.0000
pooled,ip,hicp,35,0.878864,0.15076,0.14551,0.0000
pooled,ip,hicp,36,0.848756,0.15907,0.15563,0.0000
pooled,ip,hicp,37,0.846818,0.16998,0.16629,0.0000
pooled,ip,hicp,38,0.849937,0.18353,0.18062,0.0000
pooled,ip,hicp,39,0.870001,0.19893,0.19662,0.0000
pooled,ip,hicp,40,0.898198,0.21380,0.21192,0.0000
pooled,ip,hicp,41,0.918798,0.23226,0.22853,0.0000
pooled,ip,hicp,42,0.894206,0.25038,0.24309,0.0000
pooled,ip,hicp,43,0.858671,0.26397,0.25752,0.0000
pooled,ip,hicp,44,0.841216,0.27787,0.27148,0.0000
pooled,ip,hicp,45,0.824906,0.28798,0.28029,0.0000
pooled,ip,hicp,46,0.816408,0.30315,0.29381,0.0000
pooled,ip,hicp,47,0.773039,0.30770,0.29718,0.0000
pooled,ip,hicp,48,0.70196,0.31692,0.30459,0.0000
pooled,ip,stoxx,1,0.0118028,0.39892,0.37221,0.0087
pooled,ip,stoxx,2,0.048597,0.38428,0.38064,0.0013
pooled,ip,stoxx,3,0.0876623,0.38702,0.39060,0.0007
pooled,ip,stoxx,4,0.121498,0.39944,0.41329,0.0000
pooled,ip,stoxx,5,0.158663,0.41569,0.42992,0.0007
pooled,ip,stoxx,6,0.184118,0.43763,0.44993,0.0007
pooled,ip,stoxx,7,0.212637,0.45343,0.46405,0.0007
pooled,ip,stoxx,8,0.258865,0.46554,0.47319,0.0020
pooled,ip,stoxx,9,0.28163,0.47850,0.47768,0.0047
pooled,ip,stoxx,10,0.312757,0.47548,0.47302,0.0020
pooled,ip,stoxx,11,0.330153,0.45748,0.44520,0.0060
pooled,ip,stoxx,12,0.361135,0.44387,0.42266,0.0060
pooled,ip,stoxx,13,0.373202,0.42238,0.40792,0.0073
pooled,ip,stoxx,14,0.441738,0.39009,0.37310,0.0040
pooled,ip,stoxx,15,0.48286,0.36836,0.35508,0.0000
pooled,ip,stoxx,16,0.51574,0.35611,0.34494,0.0000
pooled,ip,stoxx,17,0.547479,0.34779,0.34259,0.0000
pooled,ip,stoxx,18,0.577187,0.35063,0.34299,0.0000
pooled,ip,stoxx,19,0.621283,0.35210,0.33893,0.0000
pooled,ip,stoxx,20,0.676042,0.35478,0.34000,0.0000
pooled,ip,stoxx,21,0.698133,0.36312,0.34606,0.0000
pooled,ip,stoxx,22,0.72207,0.37028,0.35785,0.0020
pooled,ip,stoxx,23,0.735388,0.36240,0.35155,0.0007
pooled,ip,stoxx,24,0.744116,0.34116,0.33089,0.0000
pooled,ip,stoxx,25,0.726486,0.31928,0.31119,0.0000
pooled,ip,stoxx,26,0.763955,0.28885,0.28384,0.0000
pooled,ip,stoxx,27,0.790518,0.26385,0.26071,0.0000
pooled,ip,stoxx,28,0.815651,0.24187,0.23778,0.0000
pooled,ip,stoxx,29,0.849619,0.21786,0.21553,0.0000
pooled,ip,stoxx,30,0.876271,0.20147,0.19689,0.0000
pooled,ip,stoxx,31,0.903515,0.19122,0.18433,0.0000
pooled,ip,stoxx,32,0.934172,0.18407,0.17699,0.0000
pooled,ip,stoxx,33,0.923613,0.18098,0.17385,0.0000
pooled,ip,stoxx,34,0.910232,0.17760,0.16935,0.0000
pooled,ip,stoxx,35,0.878864,0.17867,0.16758,0.0000
pooled,ip,stoxx,36,0.848756,0.17848,0.16907,0.0000
pooled,ip,stoxx,37,0.846818,0.18114,0.17354,0.0000
pooled,ip,stoxx,38,0.849937,0.18462,0.17715,0.0000
pooled,ip,stoxx,39,0.870001,0.19031,0.18604,0.0000
pooled,ip,stoxx,40,0.898198,0.19475,0.18598,0.0000
pooled,ip,stoxx,41,0.918798,0.19927,0.18795,0.0000
pooled,ip,stoxx,42,0.894206,0.20329,0.19192,0.0000
pooled,ip,stoxx,43,0.858671,0.19800,0.18771,0.0000
pooled,ip,stoxx,44,0.841216,0.18760,0.17839,0.0000
pooled,ip,stoxx,45,0.824906,0.18306,0.17588,0.0000
pooled,ip,stoxx,46,0.816408,0.17711,0.16939,0.0000
pooled,ip,stoxx,47,0.773039,0.17126,0.16105,0.0000
pooled,ip,stoxx,48,0.70196,0.17318,0.15889,0.0000
pooled,hicp,i1y,1,0.0118028,0.50101,0.47304,0.0147
pooled,hicp,i1y,2,0.048597,0.49516,0.47801,0.0053
pooled,hicp,i1y,3,0.0876623,0.50755,0.49028,0.0027
pooled,hicp,i1y,4,0.121498,0.53281,0.51516,0.0033
pooled,hicp,i1y,5,0.158663,0.57974,0.55947,0.0120
pooled,hicp,i1y,6,0.184118,0.63310,0.61227,0.0240
pooled,hicp,i1y,7,0.212637,0.69939,0.67675,0.0473
pooled,hicp,i1y,8,0.258865,0.78066,0.76237,0.1233
pooled,hicp,i1y,9,0.28163,0.90037,0.87466,0.2800
pooled,hicp,i1y,10,0.312757,1.05223,1.01883,0.5340
pooled,hicp,i1y,11,0.330153,1.22231,1.19213,0.8140
pooled,hicp,i1y,12,0.361135,1.43351,1.39058,0.9647
pooled,hicp,i1y,13,0.373202,1.65857,1.61292,0.9960
pooled,hicp,i1y,14,0.441738,1.82426,1.78249,0.9987
pooled,hicp,i1y,15,0.48286,1.96365,1.92281,1.0000
pooled,hicp,i1y,16,0.51574,2.09006,2.05099,1.0000
pooled,hicp,i1y,17,0.547479,2.21520,2.16247,1.0000
pooled,hicp,i1y,18,0.577187,2.33528,2.29410,1.0000
pooled,hicp,i1y,19,0.621283,2.46278,2.43894,1.0000
pooled,hicp,i1y,20,0.676042,2.56795,2.54022,1.0000
pooled,hicp,i1y,21,0.698133,2.66204,2.62625,1.0000
pooled,hicp,i1y,22,0.72207,2.71569,2.66062,1.0000
pooled,hicp,i1y,23,0.735388,2.68369,2.64744,1.0000
pooled,hicp,i1y,24,0.744116,2.62615,2.57734,1.0000
pooled,hicp,i1y,25,0.726486,2.59834,2.53838,1.0000
pooled,hicp,i1y,26,0.763955,2.52213,2.47439,1.0000
pooled,hicp,i1y,27,0.790518,2.45256,2.42899,1.0000
pooled,hicp,i1y,28,0.815651,2.42169,2.37133,1.0000
pooled,hicp,i1y,29,0.849619,2.39710,2.36183,1.0000
pooled,hicp,i1y,30,0.876271,2.36625,2.32088,1.0000
pooled,hicp,i1y,31,0.903515,2.23637,2.20167,1.0000
pooled,hicp,i1y,32,0.934172,2.08510,2.06387,1.0000
pooled,hicp,i1y,33,0.923613,1.88024,1.84173,0.9993
pooled,hicp,i1y,34,0.910232,1.70597,1.66371,0.9967
pooled,hicp,i1y,35,0.878864,1.58676,1.56312,0.9807
pooled,hicp,i1y,36,0.848756,1.54351,1.52486,0.9733
pooled,hicp,i1y,37,0.846818,1.55797,1.53234,0.9827
pooled,hicp,i1y,38,0.849937,1.61564,1.57824,0.9940
pooled,hicp,i1y,39,0.870001,1.66438,1.62755,0.9967
pooled,hicp,i1y,40,0.898198,1.68389,1.64544,0.9947
pooled,hicp,i1y,41,0.918798,1.69460,1.66300,0.9967
pooled,hicp,i1y,42,0.894206,1.71108,1.67924,0.9967
pooled,hicp,i1y,43,0.858671,1.72895,1.69684,0.9960
pooled,hicp,i1y,44,0.841216,1.73925,1.71145,0.9953
pooled,hicp,i1y,45,0.824906,1.80337,1.78858,0.9960
pooled,hicp,i1y,46,0.816408,1.91469,1.90744,0.9953
pooled,hicp,i1y,47,0.773039,2.03124,2.02071,0.9980
pooled,hicp,i1y,48,0.70196,2.13653,2.08368,0.9927
pooled,hicp,ip,1,0.0118028,0.47024,0.41907,0.0313
pooled,hicp,ip,2,0.048597,0.45404,0.41036,0.0187
pooled,hicp,ip,3,0.0876623,0.45021,0.41092,0.0147
pooled,hicp,ip,4,0.121498,0.46307,0.43446,0.0160
pooled,hicp,ip,5,0.158663,0.48804,0.46212,0.0073
pooled,hicp,ip,6,0.184118,0.52369,0.50415,0.0113
pooled,hicp,ip,7,0.212637,0.56310,0.55290,0.0140
pooled,hicp,ip,8,0.258865,0.62458,0.61652,0.0127
pooled,hicp,ip,9,0.28163,0.70346,0.69365,0.0367
pooled,hicp,ip,10,0.312757,0.78856,0.77195,0.0960
pooled,hicp,ip,11,0.330153,0.88398,0.86461,0.2340
pooled,hicp,ip,12,0.361135,0.97068,0.94593,0.3953
pooled,hicp,ip,13,0.373202,1.02788,1.00091,0.5033
pooled,hicp,ip,14,0.441738,1.08474,1.05388,0.6000
pooled,hicp,ip,15,0.48286,1.14685,1.10939,0.7220
pooled,hicp,ip,16,0.51574,1.22887,1.20345,0.8193
pooled,hicp,ip,17,0.547479,1.30648,1.27878,0.9047
pooled,hicp,ip,18,0.577187,1.41898,1.40498,0.9727
pooled,hicp,ip,19,0.621283,1.54043,1.52796,0.9920
pooled,hicp,ip,20,0.676042,1.70365,1.67277,0.9993
pooled,hicp,ip,21,0.698133,1.89748,1.87503,1.0000
pooled,hicp,ip,22,0.72207,2.07499,2.04744,1.0000
pooled,hicp,ip,23,0.735388,2.25255,2.21881,1.0000
pooled,hicp,ip,24,0.744116,2.35945,2.32534,1.0000
pooled,hicp,ip,25,0.726486,2.38865,2.35514,1.0000
pooled,hicp,ip,26,0.763955,2.42435,2.39509,1.0000
pooled,hicp,ip,27,0.790518,2.47841,2.44666,1.0000
pooled,hicp,ip,28,0.815651,2.53410,2.51318,1.0000
pooled,hicp,ip,29,0.849619,2.60040,2.58470,1.0000
pooled,hicp,ip,30,0.876271,2.66657,2.64179,1.0000
pooled,hicp,ip,31,0.903515,2.72033,2.71393,1.0000
pooled,hicp,ip,32,0.934172,2.77746,2.74828,1.0000
pooled,hicp,ip,33,0.923613,2.84473,2.81932,1.0000
pooled,hicp,ip,34,0.910232,2.92421,2.89248,1.0000
pooled,hicp,ip,35,0.878864,2.94533,2.89509,1.0000
pooled,hicp,ip,36,0.848756,2.87308,2.85226,1.0000
pooled,hicp,ip,37,0.846818,2.68827,2.65634,1.0000
pooled,hicp,ip,38,0.849937,2.49688,2.45452,1.0000
pooled,hicp,ip,39,0.870001,2.36949,2.34852,1.0000
pooled,hicp,ip,40,0.898198,2.27579,2.24936,1.0000
pooled,hicp,ip,41,0.918798,2.20884,2.18200,1.0000
pooled,hicp,ip,42,0.894206,2.17725,2.15503,1.0000
pooled,hicp,ip,43,0.858671,2.19032,2.17433,1.0000
pooled,hicp,ip,44,0.841216,2.24020,2.21516,1.0000
pooled,hicp,ip,45,0.824906,2.29962,2.25619,1.0000
pooled,hicp,ip,46,0.816408,2.35008,2.30898,1.0000
pooled,hicp,ip,47,0.773039,2.41583,2.38253,1.0000
pooled,hicp,ip,48,0.70196,2.49699,2.44517,1.0000
pooled,hicp,hicp,1,0.0118028,7.64726,7.48768,1.0000
pooled,hicp,hicp,2,0.048597,6.97021,6.89358,1.0000
pooled,hicp,hicp,3,0.0876623,5.61318,5.55856,1.0000
pooled,hicp,hicp,4,0.121498,4.50233,4.45481,1.0000
pooled,hicp,hicp,5,0.158663,3.57754,3.56456,1.0000
pooled,hicp,hicp,6,0.184118,2.98084,2.95748,1.0000
pooled,hicp,hicp,7,0.212637,2.68386,2.65456,1.0000
pooled,hicp,hicp,8,0.258865,2.38267,2.35986,1.0000
pooled,hicp,hicp,9,0.28163,2.11909,2.10510,1.0000
pooled,hicp,hicp,10,0.312757,1.94478,1.94874,1.0000
pooled,hicp,hicp,11,0.330153,1.83664,1.82010,1.0000
pooled,hicp,hicp,12,0.361135,1.77420,1.74401,0.9993
pooled,hicp,hicp,13,0.373202,1.82307,1.80290,1.0000
pooled,hicp,hicp,14,0.441738,1.96721,1.94243,1.0000
pooled,hicp,hicp,15,0.48286,2.01617,1.99243,1.0000
pooled,hicp,hicp,16,0.51574,2.03491,2.00349,1.0000
pooled,hicp,hicp,17,0.547479,2.02895,2.00384,1.0000
pooled,hicp,hicp,18,0.577187,2.02323,1.98807,1.0000
pooled,hicp,hicp,19,0.621283,2.03902,2.01333,1.0000
pooled,hicp,hicp,20,0.676042,2.01513,1.98794,1.0000
pooled,hicp,hicp,21,0.698133,1.96344,1.93823,1.0000
pooled,hicp,hicp,22,0.72207,1.94076,1.91469,1.0000
pooled,hicp,hicp,23,0.735388,1.89350,1.87749,1.0000
pooled,hicp,hicp,24,0.744116,1.83538,1.80992,1.0000
pooled,hicp,hicp,25,0.726486,1.87280,1.85179,1.0000
pooled,hicp,hicp,26,0.763955,2.00702,1.98246,1.0000
pooled,hicp,hicp,27,0.790518,2.04332,2.02562,1.0000
pooled,hicp,hicp,28,0.815651,2.03849,2.00422,1.0000
pooled,hicp,hicp,29,0.849619,1.98856,1.96709,1.0000
pooled,hicp,hicp,30,0.876271,1.96632,1.93644,1.0000
pooled,hicp,hicp,31,0.903515,1.98223,1.95664,1.0000
pooled,hicp,hicp,32,0.934172,1.94710,1.92842,1.0000
pooled,hicp,hicp,33,0.923613,1.90168,1.87321,1.0000
pooled,hicp,hicp,34,0.910232,1.87437,1.85210,1.0000
pooled,hicp,hicp,35,0.878864,1.82601,1.80144,1.0000
pooled,hicp,hicp,36,0.848756,1.69632,1.68093,1.0000
pooled,hicp,hicp,37,0.846818,1.66343,1.64792,0.9987
pooled,hicp,hicp,38,0.849937,1.65149,1.62373,1.0000
pooled,hicp,hicp,39,0.870001,1.62962,1.60492,1.0000
pooled,hicp,hicp,40,0.898198,1.58809,1.56271,0.9993
pooled,hicp,hicp,41,0.918798,1.59043,1.56817,1.0000
pooled,hicp,hicp,42,0.894206,1.57951,1.56918,1.0000
pooled,hicp,hicp,43,0.858671,1.58740,1.56458,0.9980
pooled,hicp,hicp,44,0.841216,1.59802,1.58554,0.9973
pooled,hicp,hicp,45,0.824906,1.63935,1.62405,1.0000
pooled,hicp,hicp,46,0.816408,1.67551,1.65965,1.0000
pooled,hicp,hicp,47,0.773039,1.70095,1.67568,1.0000
pooled,hicp,hicp,48,0.70196,1.63159,1.61587,0.9927
pooled,hicp,stoxx,1,0.0118028,0.85013,0.79604,0.2580
pooled,hicp,stoxx,2,0.048597,0.84827,0.80452,0.2413
pooled,hicp,stoxx,3,0.0876623,0.84072,0.81249,0.1960
pooled,hicp,stoxx,4,0.121498,0.83738,0.81946,0.1820
pooled,hicp,stoxx,5,0.158663,0.82749,0.80921,0.1700
pooled,hicp,stoxx,6,0.184118,0.83161,0.80411,0.1793
pooled,hicp,stoxx,7,0.212637,0.84880,0.81429,0.1953
pooled,hicp,stoxx,8,0.258865,0.85873,0.83466,0.2200
pooled,hicp,stoxx,9,0.28163,0.87647,0.85506,0.2427
pooled,hicp,stoxx,10,0.312757,0.89888,0.88054,0.2727
pooled,hicp,stoxx,11,0.330153,0.91931,0.90121,0.3113
pooled,hicp,stoxx,12,0.361135,0.95945,0.94804,0.3800
pooled,hicp,stoxx,13,0.373202,1.01856,0.99626,0.4953
pooled,hicp,stoxx,14,0.441738,1.04209,1.01375,0.5287
pooled,hicp,stoxx,15,0.48286,1.04313,1.01857,0.5353
pooled,hicp,stoxx,16,0.51574,1.00948,0.99230,0.4820
pooled,hicp,stoxx,17,0.547479,0.94844,0.92946,0.3547
pooled,hicp,stoxx,18,0.577187,0.87215,0.86467,0.2080
pooled,hicp,stoxx,19,0.621283,0.78207,0.77241,0.0733
pooled,hicp,stoxx,20,0.676042,0.69487,0.68416,0.0267
pooled,hicp,stoxx,21,0.698133,0.60909,0.60091,0.0087
pooled,hicp,stoxx,22,0.72207,0.52366,0.51580,0.0007
pooled,hicp,stoxx,23,0.735388,0.46083,0.44361,0.0007
pooled,hicp,stoxx,24,0.744116,0.42428,0.41352,0.0000
pooled,hicp,stoxx,25,0.726486,0.40319,0.39658,0.0000
pooled,hicp,stoxx,26,0.763955,0.38761,0.37707,0.0000
pooled,hicp,stoxx,27,0.790518,0.37448,0.36656,0.0000
pooled,hicp,stoxx,28,0.815651,0.36956,0.36079,0.0000
pooled,hicp,stoxx,29,0.849619,0.37365,0.36677,0.0000
pooled,hicp,stoxx,30,0.876271,0.38380,0.38065,0.0000
pooled,hicp,stoxx,31,0.903515,0.40754,0.40358,0.0000
pooled,hicp,stoxx,32,0.934172,0.44554,0.44372,0.0000
pooled,hicp,stoxx,33,0.923613,0.49616,0.49005,0.0000
pooled,hicp,stoxx,34,0.910232,0.56374,0.55654,0.0013
pooled,hicp,stoxx,35,0.878864,0.61891,0.60743,0.0047
pooled,hicp,stoxx,36,0.848756,0.64539,0.62902,0.0153
pooled,hicp,stoxx,37,0.846818,0.62143,0.60481,0.0160
pooled,hicp,stoxx,38,0.849937,0.59593,0.58247,0.0093
pooled,hicp,stoxx,39,0.870001,0.57556,0.56285,0.0047
pooled,hicp,stoxx,40,0.898198,0.57466,0.56859,0.0053
pooled,hicp,stoxx,41,0.918798,0.59297,0.58093,0.0100
pooled,hicp,stoxx,42,0.894206,0.63420,0.62222,0.0160
pooled,hicp,stoxx,43,0.858671,0.70881,0.70170,0.0340
pooled,hicp,stoxx,44,0.841216,0.83028,0.82497,0.1347
pooled,hicp,stoxx,45,0.824906,0.98337,0.96851,0.4293
pooled,hicp,stoxx,46,0.816408,1.14233,1.11793,0.7147
pooled,hicp,stoxx,47,0.773039,1.27875,1.26254,0.8853
pooled,hicp,stoxx,48,0.70196,1.38305,1.35774,0.9040
pooled,stoxx,i1y,1,0.0118028,0.45424,0.40926,0.0220
pooled,stoxx,i1y,2,0.048597,0.46666,0.42594,0.0293
pooled,stoxx,i1y,3,0.0876623,0.50089,0.45688,0.0333
pooled,stoxx,i1y,4,0.121498,0.55070,0.50549,0.0480
pooled,stoxx,i1y,5,0.158663,0.63433,0.59690,0.0700
pooled,stoxx,i1y,6,0.184118,0.76626,0.73705,0.1667
pooled,stoxx,i1y,7,0.212637,0.95028,0.92836,0.3847
pooled,stoxx,i1y,8,0.258865,1.17176,1.14258,0.7013
pooled,stoxx,i1y,9,0.28163,1.39535,1.36005,0.8887
pooled,stoxx,i1y,10,0.312757,1.58777,1.53483,0.9613
pooled,stoxx,i1y,11,0.330153,1.74138,1.69330,0.9940
pooled,stoxx,i1y,12,0.361135,1.85603,1.81408,0.9993
pooled,stoxx,i1y,13,0.373202,1.94497,1.91064,0.9980
pooled,stoxx,i1y,14,0.441738,1.96386,1.90481,1.0000
pooled,stoxx,i1y,15,0.48286,1.95898,1.89975,1.0000
pooled,stoxx,i1y,16,0.51574,1.93346,1.88455,1.0000
pooled,stoxx,i1y,17,0.547479,1.84282,1.80143,0.9993
pooled,stoxx,i1y,18,0.577187,1.74118,1.71627,0.9927
pooled,stoxx,i1y,19,0.621283,1.63431,1.60386,0.9887
pooled,stoxx,i1y,20,0.676042,1.52212,1.49077,0.9747
pooled,stoxx,i1y,21,0.698133,1.42530,1.40494,0.9520
pooled,stoxx,i1y,22,0.72207,1.36473,1.32541,0.9240
pooled,stoxx,i1y,23,0.735388,1.32619,1.29964,0.8993
pooled,stoxx,i1y,24,0.744116,1.29936,1.26721,0.8800
pooled,stoxx,i1y,25,0.726486,1.26749,1.23573,0.8547
pooled,stoxx,i1y,26,0.763955,1.23304,1.19911,0.8227
pooled,stoxx,i1y,27,0.790518,1.20772,1.18599,0.7947
pooled,stoxx,i1y,28,0.815651,1.19509,1.16902,0.7853
pooled,stoxx,i1y,29,0.849619,1.17926,1.14981,0.7367
pooled,stoxx,i1y,30,0.876271,1.13922,1.10622,0.6860
pooled,stoxx,i1y,31,0.903515,1.08603,1.04899,0.6000
pooled,stoxx,i1y,32,0.934172,1.01778,1.00766,0.5120
pooled,stoxx,i1y,33,0.923613,0.97199,0.95012,0.4073
pooled,stoxx,i1y,34,0.910232,0.93233,0.91084,0.3260
pooled,stoxx,i1y,35,0.878864,0.90778,0.88646,0.3073
pooled,stoxx,i1y,36,0.848756,0.87511,0.86692,0.2487
pooled,stoxx,i1y,37,0.846818,0.83633,0.82659,0.1967
pooled,stoxx,i1y,38,0.849937,0.78712,0.77243,0.1180
pooled,stoxx,i1y,39,0.870001,0.75465,0.73254,0.0847
pooled,stoxx,i1y,40,0.898198,0.73044,0.71883,0.0580
pooled,stoxx,i1y,41,0.918798,0.71473,0.69600,0.0540
pooled,stoxx,i1y,42,0.894206,0.71472,0.70013,0.0467
pooled,stoxx,i1y,43,0.858671,0.71902,0.70244,0.0547
pooled,stoxx,i1y,44,0.841216,0.72678,0.71191,0.0567
pooled,stoxx,i1y,45,0.824906,0.72488,0.70811,0.0753
pooled,stoxx,i1y,46,0.816408,0.72056,0.70483,0.0627
pooled,stoxx,i1y,47,0.773039,0.72379,0.69728,0.0833
pooled,stoxx,i1y,48,0.70196,0.73467,0.69914,0.1260
pooled,stoxx,ip,1,0.0118028,0.40990,0.38521,0.0080
pooled,stoxx,ip,2,0.048597,0.39656,0.36956,0.0047
pooled,stoxx,ip,3,0.0876623,0.39414,0.37945,0.0033
pooled,stoxx,ip,4,0.121498,0.41167,0.39459,0.0000
pooled,stoxx,ip,5,0.158663,0.45043,0.43985,0.0020
pooled,stoxx,ip,6,0.184118,0.51157,0.49123,0.0060
pooled,stoxx,ip,7,0.212637,0.60844,0.58242,0.0360
pooled,stoxx,ip,8,0.258865,0.73694,0.70998,0.1067
pooled,stoxx,ip,9,0.28163,0.90189,0.87736,0.2867
pooled,stoxx,ip,10,0.312757,1.08696,1.05497,0.5833
pooled,stoxx,ip,11,0.330153,1.25509,1.22589,0.8107
pooled,stoxx,ip,12,0.361135,1.44246,1.40780,0.9400
pooled,stoxx,ip,13,0.373202,1.58896,1.54259,0.9847
pooled,stoxx,ip,14,0.441738,1.68202,1.64794,0.9960
pooled,stoxx,ip,15,0.48286,1.73882,1.70741,0.9980
pooled,stoxx,ip,16,0.51574,1.80836,1.77542,0.9993
pooled,stoxx,ip,17,0.547479,1.87011,1.84728,1.0000
pooled,stoxx,ip,18,0.577187,1.90916,1.88248,1.0000
pooled,stoxx,ip,19,0.621283,1.89504,1.85713,1.0000
pooled,stoxx,ip,20,0.676042,1.82517,1.80597,0.9993
pooled,stoxx,ip,21,0.698133,1.75673,1.73107,0.9980
pooled,stoxx,ip,22,0.72207,1.69382,1.66905,0.9987
pooled,stoxx,ip,23,0.735388,1.63292,1.61217,0.9980
pooled,stoxx,ip,24,0.744116,1.57742,1.54761,0.9933
pooled,stoxx,ip,25,0.726486,1.52871,1.49974,0.9907
pooled,stoxx,ip,26,0.763955,1.46958,1.44963,0.9847
pooled,stoxx,ip,27,0.790518,1.37814,1.35025,0.9607
pooled,stoxx,ip,28,0.815651,1.30188,1.28117,0.9247
pooled,stoxx,ip,29,0.849619,1.25453,1.22244,0.8807
pooled,stoxx,ip,30,0.876271,1.20588,1.18735,0.8453
pooled,stoxx,ip,31,0.903515,1.16620,1.14563,0.7960
pooled,stoxx,ip,32,0.934172,1.15061,1.13139,0.7527
pooled,stoxx,ip,33,0.923613,1.13835,1.11732,0.7433
pooled,stoxx,ip,34,0.910232,1.13121,1.10636,0.7240
pooled,stoxx,ip,35,0.878864,1.11124,1.09499,0.6987
pooled,stoxx,ip,36,0.848756,1.07599,1.05826,0.6113
pooled,stoxx,ip,37,0.846818,1.02973,1.01549,0.5327
pooled,stoxx,ip,38,0.849937,0.97596,0.96027,0.4233
pooled,stoxx,ip,39,0.870001,0.90066,0.87960,0.2687
pooled,stoxx,ip,40,0.898198,0.79234,0.76763,0.1227
pooled,stoxx,ip,41,0.918798,0.67830,0.66777,0.0360
pooled,stoxx,ip,42,0.894206,0.57978,0.56581,0.0113
pooled,stoxx,ip,43,0.858671,0.50180,0.49484,0.0020
pooled,stoxx,ip,44,0.841216,0.44016,0.43296,0.0000
pooled,stoxx,ip,45,0.824906,0.39519,0.39014,0.0000
pooled,stoxx,ip,46,0.816408,0.36924,0.36248,0.0000
pooled,stoxx,ip,47,0.773039,0.35697,0.34560,0.0000
pooled,stoxx,ip,48,0.70196,0.35776,0.34274,0.0013
pooled,stoxx,hicp,1,0.0118028,0.14846,0.13939,0.0000
pooled,stoxx,hicp,2,0.048597,0.13674,0.13169,0.0000
pooled,stoxx,hicp,3,0.0876623,0.12981,0.12584,0.0000
pooled,stoxx,hicp,4,0.121498,0.12464,0.12151,0.0000
pooled,stoxx,hicp,5,0.158663,0.12106,0.11831,0.0000
pooled,stoxx,hicp,6,0.184118,0.12017,0.11620,0.0000
pooled,stoxx,hicp,7,0.212637,0.12117,0.11486,0.0000
pooled,stoxx,hicp,8,0.258865,0.12171,0.11683,0.0000
pooled,stoxx,hicp,9,0.28163,0.12208,0.11507,0.0000
pooled,stoxx,hicp,10,0.312757,0.12559,0.11744,0.0000
pooled,stoxx,hicp,11,0.330153,0.13277,0.12351,0.0000
pooled,stoxx,hicp,12,0.361135,0.14120,0.13004,0.0000
pooled,stoxx,hicp,13,0.373202,0.15315,0.14427,0.0000
pooled,stoxx,hicp,14,0.441738,0.16446,0.15614,0.0000
pooled,stoxx,hicp,15,0.48286,0.18070,0.17450,0.0000
pooled,stoxx,hicp,16,0.51574,0.19884,0.19211,0.0000
pooled,stoxx,hicp,17,0.547479,0.22831,0.22150,0.0000
pooled,stoxx,hicp,18,0.577187,0.26242,0.25793,0.0000
pooled,stoxx,hicp,19,0.621283,0.30276,0.29282,0.0000
pooled,stoxx,hicp,20,0.676042,0.34281,0.33707,0.0000
pooled,stoxx,hicp,21,0.698133,0.37199,0.36307,0.0000
pooled,stoxx,hicp,22,0.72207,0.38494,0.37426,0.0000
pooled,stoxx,hicp,23,0.735388,0.38768,0.37535,0.0000
pooled,stoxx,hicp,24,0.744116,0.38007,0.37193,0.0000
pooled,stoxx,hicp,25,0.726486,0.36336,0.34929,0.0000
pooled,stoxx,hicp,26,0.763955,0.34103,0.33133,0.0000
pooled,stoxx,hicp,27,0.790518,0.31198,0.30548,0.0000
pooled,stoxx,hicp,28,0.815651,0.29288,0.28747,0.0000
pooled,stoxx,hicp,29,0.849619,0.26863,0.25988,0.0000
pooled,stoxx,hicp,30,0.876271,0.23915,0.23024,0.0000
pooled,stoxx,hicp,31,0.903515,0.20926,0.20057,0.0000
pooled,stoxx,hicp,32,0.934172,0.18119,0.17246,0.0000
pooled,stoxx,hicp,33,0.923613,0.15747,0.15179,0.0000
pooled,stoxx,hicp,34,0.910232,0.13528,0.12962,0.0000
pooled,stoxx,hicp,35,0.878864,0.11265,0.10678,0.0000
pooled,stoxx,hicp,36,0.848756,0.09604,0.09300,0.0000
pooled,stoxx,hicp,37,0.846818,0.08359,0.08098,0.0000
pooled,stoxx,hicp,38,0.849937,0.07608,0.07342,0.0000
pooled,stoxx,hicp,39,0.870001,0.07031,0.06628,0.0000
pooled,stoxx,hicp,40,0.898198,0.06541,0.06122,0.0000
pooled,stoxx,hicp,41,0.918798,0.05996,0.05620,0.0000
pooled,stoxx,hicp,42,0.894206,0.05910,0.05456,0.0000
pooled,stoxx,hicp,43,0.858671,0.05840,0.05398,0.0000
pooled,stoxx,hicp,44,0.841216,0.05779,0.05391,0.0000
pooled,stoxx,hicp,45,0.824906,0.05989,0.05540,0.0000
pooled,stoxx,hicp,46,0.816408,0.06166,0.05578,0.0000
pooled,stoxx,hicp,47,0.773039,0.06270,0.05597,0.0000
pooled,stoxx,hicp,48,0.70196,0.06405,0.05564,0.0000
pooled,stoxx,stoxx,1,0.0118028,0.11017,0.08974,0.0000
pooled,stoxx,stoxx,2,0.048597,0.10405,0.08606,0.0000
pooled,stoxx,stoxx,3,0.0876623,0.09866,0.08548,0.0000
pooled,stoxx,stoxx,4,0.121498,0.09586,0.08499,0.0000
pooled,stoxx,stoxx,5,0.158663,0.09295,0.08480,0.0000
pooled,stoxx,stoxx,6,0.184118,0.09213,0.08666,0.0000
pooled,stoxx,stoxx,7,0.212637,0.09290,0.08763,0.0000
pooled,stoxx,stoxx,8,0.258865,0.09297,0.08586,0.0000
pooled,stoxx,stoxx,9,0.28163,0.09392,0.08750,0.0000
pooled,stoxx,stoxx,10,0.312757,0.09630,0.08902,0.0000
pooled,stoxx,stoxx,11,0.330153,0.09819,0.09310,0.0000
pooled,stoxx,stoxx,12,0.361135,0.10095,0.09245,0.0000
pooled,stoxx,stoxx,13,0.373202,0.10601,0.09675,0.0000
pooled,stoxx,stoxx,14,0.441738,0.11165,0.10074,0.0000
pooled,stoxx,stoxx,15,0.48286,0.11675,0.10685,0.0000
pooled,stoxx,stoxx,16,0.51574,0.12353,0.11355,0.0000
pooled,stoxx,stoxx,17,0.547479,0.12934,0.12115,0.0000
pooled,stoxx,stoxx,18,0.577187,0.13702,0.12496,0.0000
pooled,stoxx,stoxx,19,0.621283,0.14638,0.13769,0.0000
pooled,stoxx,stoxx,20,0.676042,0.16107,0.15251,0.0000
pooled,stoxx,stoxx,21,0.698133,0.18241,0.17196,0.0000
pooled,stoxx,stoxx,22,0.72207,0.20950,0.19621,0.0000
pooled,stoxx,stoxx,23,0.735388,0.24317,0.23340,0.0000
pooled,stoxx,stoxx,24,0.744116,0.29327,0.28345,0.0000
pooled,stoxx,stoxx,25,0.726486,0.35932,0.34177,0.0000
pooled,stoxx,stoxx,26,0.763955,0.43088,0.41770,0.0007
pooled,stoxx,stoxx,27,0.790518,0.49428,0.47668,0.0020
pooled,stoxx,stoxx,28,0.815651,0.54260,0.52867,0.0047
pooled,stoxx,stoxx,29,0.849619,0.58522,0.56868,0.0053
pooled,stoxx,stoxx,30,0.876271,0.62472,0.60468,0.0173
pooled,stoxx,stoxx,31,0.903515,0.65186,0.63924,0.0167
pooled,stoxx,stoxx,32,0.934172,0.66501,0.65352,0.0193
pooled,stoxx,stoxx,33,0.923613,0.67319,0.65626,0.0227
pooled,stoxx,stoxx,34,0.910232,0.68282,0.66775,0.0313
pooled,stoxx,stoxx,35,0.878864,0.68957,0.67247,0.0367
pooled,stoxx,stoxx,36,0.848756,0.69196,0.67800,0.0253
pooled,stoxx,stoxx,37,0.846818,0.69216,0.67121,0.0233
pooled,stoxx,stoxx,38,0.849937,0.69107,0.67681,0.0193
pooled,stoxx,stoxx,39,0.870001,0.68603,0.66704,0.0293
pooled,stoxx,stoxx,40,0.898198,0.67189,0.65757,0.0200
pooled,stoxx,stoxx,41,0.918798,0.66061,0.64870,0.0087
pooled,stoxx,stoxx,42,0.894206,0.65313,0.64408,0.0127
pooled,stoxx,stoxx,43,0.858671,0.64314,0.63105,0.0167
pooled,stoxx,stoxx,44,0.841216,0.63207,0.61706,0.0067
pooled,stoxx,stoxx,45,0.824906,0.63031,0.61439,0.0107
pooled,stoxx,stoxx,46,0.816408,0.62890,0.61774,0.0093
pooled,stoxx,stoxx,47,0.773039,0.62399,0.60626,0.0113
pooled,stoxx,stoxx,48,0.70196,0.63244,0.61935,0.0273
